<?xml version="1.0" encoding="UTF-8"?>
<kml xmlns="http://www.opengis.net/kml/2.2" xmlns:gx="http://www.google.com/kml/ext/2.2">
	<Document>
		<Style>
			<LineStyle>
				<color>f8000080</color>
				<width>8.000000</width>
			</LineStyle>
		</Style>
		<ExtendedData>
			<Data name="modelName">
				<displayName>Bad Elf Model</displayName>
				<value>Bad Elf GNSS Surveyor</value>
			</Data>
			<Data name="modelSerialNumber">
				<displayName>Serial Number</displayName>
				<value>008891</value>
			</Data>
			<Data name="modelNumber">
				<displayName>Model Number</displayName>
				<value>BE-GPS-3300</value>
			</Data>
			<Data name="modelHardwareRevision">
				<displayName>H/W Version</displayName>
				<value>9.0.0</value>
			</Data>
			<Data name="modelFirmwareRevision">
				<displayName>Firmware Version</displayName>
				<value>2.1.60</value>
			</Data>
		</ExtendedData>
		<ScreenOverlay>
			<name>Bad Elf</name>
			<Icon>
				<href>http://epo.bad-elf.com/bad-elf-kml-logo.png</href>
			</Icon>
			<overlayXY x="0" y="1" xunits="fraction" yunits="fraction" />
			<screenXY x="0.01" y="0.17" xunits="fraction" yunits="fraction" />
			<size x="0.10" y="0" xunits="fraction" yunits="fraction" />
		</ScreenOverlay>
		<Placemark>
			<name>Start</name>
			<TimeStamp>
				<when>2024-11-09T15:10:22Z</when>
			</TimeStamp>
			<Point>
				<coordinates>-82.693726,34.807739,0.000000</coordinates>
			</Point>
		</Placemark>
		<Placemark>
			<name>POI 1</name>
			<TimeStamp>
				<when>2024-11-09T15:15:26Z</when>
			</TimeStamp>
			<Point>
				<coordinates>-82.693787,34.807755,0.000000</coordinates>
			</Point>
		</Placemark>
		<Placemark>
			<name>POI 2</name>
			<TimeStamp>
				<when>2024-11-09T15:17:15Z</when>
			</TimeStamp>
			<Point>
				<coordinates>-82.693779,34.807476,0.000000</coordinates>
			</Point>
		</Placemark>
		<Placemark>
			<name>POI 3</name>
			<TimeStamp>
				<when>2024-11-09T15:24:09Z</when>
			</TimeStamp>
			<Point>
				<coordinates>-82.693771,34.807159,0.000000</coordinates>
			</Point>
		</Placemark>
		<Placemark>
			<name>POI 4</name>
			<TimeStamp>
				<when>2024-11-09T15:29:18Z</when>
			</TimeStamp>
			<Point>
				<coordinates>-82.693794,34.806484,0.000000</coordinates>
			</Point>
		</Placemark>
		<Placemark>
			<name>POI 5</name>
			<TimeStamp>
				<when>2024-11-09T16:02:53Z</when>
			</TimeStamp>
			<Point>
				<coordinates>-82.693764,34.806080,0.000000</coordinates>
			</Point>
		</Placemark>
		<Placemark>
			<name>Saturday Morning Walk</name>
			<TimeStamp>
				<when>2024-11-09T16:03:08Z</when>
			</TimeStamp>
			<Style>
				<LineStyle>
					<color>ffff0000</color>
					<width>8.000000</width>
				</LineStyle>
			</Style>
			<LineString>
				<tessellate>1</tessellate>
				<altitudeMode>absolute</altitudeMode>
				<coordinates>-82.693726,34.807739,268.500000 -82.693733,34.807735,268.500000 -82.693733,34.807735,268.500000 -82.693733,34.807732,268.600006 -82.693733,34.807735,268.600006 -82.693741,34.807732,268.600006 -82.693741,34.807735,268.500000 -82.693741,34.807735,268.500000 -82.693733,34.807743,268.399994 -82.693733,34.807747,268.399994 -82.693733,34.807747,268.399994 -82.693733,34.807751,268.399994 -82.693733,34.807751,268.299988 -82.693741,34.807755,268.500000 -82.693741,34.807755,268.600006 -82.693741,34.807755,268.700012 -82.693741,34.807755,268.700012 -82.693741,34.807758,268.600006 -82.693741,34.807762,268.700012 -82.693741,34.807766,268.799988 -82.693733,34.807770,268.899994 -82.693733,34.807774,268.899994 -82.693733,34.807774,269.000000 -82.693733,34.807777,269.100006 -82.693733,34.807777,269.100006 -82.693733,34.807774,269.200012 -82.693733,34.807774,269.299988 -82.693733,34.807774,269.200012 -82.693726,34.807774,269.200012 -82.693726,34.807774,269.200012 -82.693726,34.807774,269.200012 -82.693726,34.807774,269.299988 -82.693726,34.807774,269.399994 -82.693726,34.807770,269.500000 -82.693726,34.807770,269.500000 -82.693726,34.807770,269.500000 -82.693726,34.807770,269.600006 -82.693726,34.807770,269.600006 -82.693726,34.807766,269.600006 -82.693726,34.807766,269.600006 -82.693726,34.807770,270.000000 -82.693718,34.807774,270.600006 -82.693710,34.807781,270.899994 -82.693703,34.807781,270.899994 -82.693703,34.807785,270.899994 -82.693703,34.807785,271.000000 -82.693695,34.807785,271.000000 -82.693695,34.807785,271.000000 -82.693695,34.807785,270.899994 -82.693695,34.807789,270.899994 -82.693687,34.807789,270.899994 -82.693687,34.807789,270.899994 -82.693687,34.807789,271.100006 -82.693687,34.807789,271.299988 -82.693687,34.807793,271.500000 -82.693687,34.807793,271.700012 -82.693680,34.807793,271.899994 -82.693680,34.807789,272.000000 -82.693680,34.807789,272.100006 -82.693680,34.807789,272.299988 -82.693680,34.807789,272.399994 -82.693680,34.807785,272.600006 -82.693680,34.807785,272.700012 -82.693680,34.807785,273.000000 -82.693680,34.807781,273.200012 -82.693680,34.807781,273.200012 -82.693680,34.807781,273.399994 -82.693680,34.807781,273.500000 -82.693680,34.807777,273.399994 -82.693680,34.807777,273.500000 -82.693680,34.807777,273.600006 -82.693680,34.807774,273.600006 -82.693680,34.807774,273.600006 -82.693680,34.807774,273.600006 -82.693680,34.807774,273.700012 -82.693680,34.807774,273.600006 -82.693680,34.807774,273.600006 -82.693680,34.807774,273.500000 -82.693680,34.807770,273.399994 -82.693680,34.807770,273.299988 -82.693687,34.807770,273.200012 -82.693687,34.807770,273.100006 -82.693687,34.807770,272.899994 -82.693687,34.807766,273.000000 -82.693687,34.807766,272.799988 -82.693687,34.807762,272.799988 -82.693687,34.807762,272.600006 -82.693687,34.807762,272.500000 -82.693687,34.807762,272.500000 -82.693687,34.807762,272.299988 -82.693695,34.807762,272.299988 -82.693695,34.807762,272.100006 -82.693695,34.807762,272.000000 -82.693695,34.807762,272.000000 -82.693695,34.807762,271.899994 -82.693703,34.807762,271.799988 -82.693703,34.807758,271.799988 -82.693703,34.807758,271.700012 -82.693703,34.807758,271.700012 -82.693703,34.807758,271.700012 -82.693703,34.807758,271.600006 -82.693703,34.807758,271.600006 -82.693710,34.807758,271.700012 -82.693710,34.807758,271.700012 -82.693710,34.807758,271.799988 -82.693710,34.807758,272.000000 -82.693710,34.807758,271.899994 -82.693710,34.807758,271.899994 -82.693710,34.807758,271.899994 -82.693710,34.807755,272.000000 -82.693710,34.807755,272.000000 -82.693710,34.807755,271.899994 -82.693710,34.807755,271.899994 -82.693710,34.807755,271.899994 -82.693718,34.807751,271.899994 -82.693710,34.807762,271.899994 -82.693703,34.807770,271.799988 -82.693703,34.807770,271.799988 -82.693703,34.807770,271.700012 -82.693703,34.807774,271.700012 -82.693710,34.807774,271.600006 -82.693710,34.807774,271.500000 -82.693710,34.807774,271.500000 -82.693710,34.807774,271.399994 -82.693710,34.807774,271.200012 -82.693710,34.807774,271.100006 -82.693718,34.807774,271.100006 -82.693718,34.807774,271.100006 -82.693718,34.807774,270.899994 -82.693718,34.807774,270.899994 -82.693718,34.807774,271.000000 -82.693718,34.807774,271.100006 -82.693718,34.807774,271.100006 -82.693718,34.807774,271.100006 -82.693718,34.807774,271.200012 -82.693718,34.807774,271.200012 -82.693718,34.807774,271.299988 -82.693718,34.807774,271.299988 -82.693718,34.807774,271.200012 -82.693718,34.807774,271.200012 -82.693718,34.807774,271.200012 -82.693718,34.807777,271.200012 -82.693718,34.807777,271.100006 -82.693718,34.807777,271.100006 -82.693718,34.807777,271.000000 -82.693718,34.807777,271.000000 -82.693718,34.807777,271.000000 -82.693718,34.807777,270.899994 -82.693718,34.807777,270.899994 -82.693718,34.807777,270.899994 -82.693718,34.807777,270.799988 -82.693718,34.807781,270.700012 -82.693718,34.807781,270.500000 -82.693718,34.807781,270.500000 -82.693718,34.807781,270.500000 -82.693718,34.807781,270.500000 -82.693718,34.807781,270.500000 -82.693718,34.807781,270.500000 -82.693718,34.807781,270.600006 -82.693718,34.807781,270.500000 -82.693718,34.807781,270.700012 -82.693718,34.807781,270.799988 -82.693718,34.807781,270.700012 -82.693718,34.807781,270.700012 -82.693718,34.807781,270.500000 -82.693718,34.807781,270.500000 -82.693718,34.807781,270.399994 -82.693718,34.807781,270.200012 -82.693718,34.807781,270.200012 -82.693718,34.807781,270.299988 -82.693718,34.807781,270.399994 -82.693718,34.807781,270.399994 -82.693718,34.807781,270.399994 -82.693718,34.807781,270.399994 -82.693718,34.807781,270.399994 -82.693718,34.807785,270.399994 -82.693718,34.807785,270.500000 -82.693718,34.807785,270.600006 -82.693718,34.807785,270.600006 -82.693718,34.807785,270.700012 -82.693718,34.807785,270.799988 -82.693718,34.807785,270.899994 -82.693718,34.807785,271.000000 -82.693718,34.807785,271.000000 -82.693718,34.807785,271.100006 -82.693718,34.807785,271.100006 -82.693718,34.807785,271.200012 -82.693718,34.807785,271.200012 -82.693718,34.807789,271.200012 -82.693718,34.807789,271.200012 -82.693726,34.807789,271.100006 -82.693726,34.807789,271.100006 -82.693726,34.807789,271.100006 -82.693726,34.807789,271.100006 -82.693726,34.807793,271.000000 -82.693726,34.807793,271.000000 -82.693726,34.807793,271.000000 -82.693726,34.807793,271.100006 -82.693726,34.807793,271.100006 -82.693726,34.807793,271.100006 -82.693718,34.807796,271.000000 -82.693718,34.807796,271.000000 -82.693718,34.807796,271.000000 -82.693718,34.807796,270.899994 -82.693718,34.807796,270.899994 -82.693718,34.807796,270.799988 -82.693718,34.807796,270.799988 -82.693718,34.807796,270.799988 -82.693718,34.807800,270.700012 -82.693718,34.807800,270.700012 -82.693718,34.807800,270.700012 -82.693718,34.807800,270.500000 -82.693726,34.807800,270.399994 -82.693726,34.807800,270.200012 -82.693726,34.807800,270.100006 -82.693726,34.807800,270.100006 -82.693726,34.807800,270.100006 -82.693726,34.807800,270.100006 -82.693726,34.807796,269.899994 -82.693726,34.807796,269.899994 -82.693726,34.807796,270.000000 -82.693726,34.807796,270.000000 -82.693726,34.807796,269.899994 -82.693726,34.807796,269.899994 -82.693726,34.807796,269.799988 -82.693726,34.807796,269.799988 -82.693726,34.807796,269.799988 -82.693726,34.807793,269.799988 -82.693733,34.807793,269.700012 -82.693733,34.807793,269.700012 -82.693733,34.807793,269.600006 -82.693733,34.807793,269.500000 -82.693733,34.807793,269.500000 -82.693733,34.807789,269.500000 -82.693733,34.807789,269.500000 -82.693733,34.807789,269.500000 -82.693733,34.807789,269.500000 -82.693733,34.807789,269.500000 -82.693733,34.807789,269.500000 -82.693733,34.807789,269.500000 -82.693733,34.807789,269.399994 -82.693733,34.807789,269.399994 -82.693733,34.807789,269.399994 -82.693741,34.807785,269.200012 -82.693741,34.807785,269.100006 -82.693741,34.807781,269.000000 -82.693741,34.807781,269.000000 -82.693741,34.807781,268.899994 -82.693741,34.807781,268.899994 -82.693748,34.807781,268.799988 -82.693748,34.807777,268.799988 -82.693748,34.807777,268.899994 -82.693748,34.807777,268.899994 -82.693748,34.807774,268.799988 -82.693748,34.807774,268.700012 -82.693748,34.807770,268.700012 -82.693748,34.807770,268.700012 -82.693748,34.807766,268.700012 -82.693756,34.807766,268.600006 -82.693756,34.807762,268.600006 -82.693756,34.807762,268.500000 -82.693756,34.807758,268.500000 -82.693756,34.807758,268.399994 -82.693764,34.807758,268.299988 -82.693764,34.807758,268.200012 -82.693764,34.807755,268.000000 -82.693764,34.807755,267.899994 -82.693764,34.807755,267.799988 -82.693764,34.807755,267.600006 -82.693764,34.807755,267.299988 -82.693764,34.807755,267.200012 -82.693764,34.807755,267.000000 -82.693764,34.807755,266.799988 -82.693764,34.807755,266.700012 -82.693764,34.807755,266.600006 -82.693764,34.807755,266.500000 -82.693764,34.807755,266.399994 -82.693771,34.807751,266.299988 -82.693771,34.807751,266.299988 -82.693771,34.807751,266.399994 -82.693771,34.807751,266.399994 -82.693771,34.807751,266.500000 -82.693771,34.807747,266.600006 -82.693771,34.807747,266.600006 -82.693771,34.807747,266.500000 -82.693771,34.807747,266.500000 -82.693771,34.807747,266.799988 -82.693771,34.807747,267.100006 -82.693771,34.807743,267.399994 -82.693771,34.807743,267.799988 -82.693771,34.807743,268.299988 -82.693771,34.807743,268.700012 -82.693771,34.807739,269.399994 -82.693771,34.807739,270.100006 -82.693771,34.807739,270.500000 -82.693771,34.807739,270.899994 -82.693771,34.807739,271.100006 -82.693771,34.807739,271.100006 -82.693771,34.807747,270.000000 -82.693779,34.807747,268.799988 -82.693779,34.807751,268.200012 -82.693787,34.807751,268.100006 -82.693787,34.807751,268.299988 -82.693787,34.807751,268.399994 -82.693787,34.807755,268.299988 -82.693787,34.807755,268.299988 -82.693787,34.807755,268.299988 -82.693787,34.807755,268.200012 -82.693794,34.807758,268.100006 -82.693794,34.807751,268.399994 -82.693787,34.807747,267.799988 -82.693787,34.807739,266.600006 -82.693779,34.807728,266.000000 -82.693787,34.807720,264.200012 -82.693779,34.807713,266.799988 -82.693787,34.807705,265.500000 -82.693779,34.807701,265.600006 -82.693779,34.807693,266.100006 -82.693779,34.807690,266.299988 -82.693779,34.807686,266.000000 -82.693779,34.807682,266.500000 -82.693779,34.807678,266.299988 -82.693779,34.807674,266.299988 -82.693771,34.807678,266.500000 -82.693771,34.807674,267.100006 -82.693771,34.807674,267.399994 -82.693787,34.807663,267.500000 -82.693779,34.807659,268.500000 -82.693787,34.807652,269.200012 -82.693787,34.807648,270.000000 -82.693787,34.807636,271.299988 -82.693779,34.807632,272.200012 -82.693779,34.807625,272.600006 -82.693779,34.807625,272.799988 -82.693779,34.807625,272.200012 -82.693771,34.807625,270.700012 -82.693771,34.807625,270.500000 -82.693771,34.807625,270.600006 -82.693771,34.807625,270.799988 -82.693771,34.807625,271.299988 -82.693764,34.807621,271.600006 -82.693764,34.807621,271.700012 -82.693764,34.807621,271.700012 -82.693764,34.807621,272.000000 -82.693764,34.807621,272.600006 -82.693764,34.807617,273.500000 -82.693764,34.807617,273.899994 -82.693764,34.807617,274.399994 -82.693764,34.807613,274.700012 -82.693771,34.807610,275.100006 -82.693771,34.807610,275.100006 -82.693771,34.807610,275.100006 -82.693771,34.807610,275.100006 -82.693771,34.807606,274.899994 -82.693771,34.807602,274.500000 -82.693779,34.807606,273.700012 -82.693779,34.807610,272.899994 -82.693787,34.807606,273.000000 -82.693794,34.807606,273.200012 -82.693802,34.807606,273.500000 -82.693817,34.807606,272.299988 -82.693825,34.807594,271.899994 -82.693817,34.807594,271.200012 -82.693802,34.807579,270.399994 -82.693794,34.807568,271.399994 -82.693794,34.807564,272.299988 -82.693802,34.807564,272.000000 -82.693810,34.807556,271.700012 -82.693810,34.807556,271.799988 -82.693817,34.807556,271.000000 -82.693825,34.807568,271.700012 -82.693810,34.807568,270.500000 -82.693817,34.807564,270.399994 -82.693817,34.807571,270.399994 -82.693810,34.807571,270.299988 -82.693794,34.807564,270.399994 -82.693794,34.807564,270.399994 -82.693794,34.807556,270.299988 -82.693802,34.807541,270.100006 -82.693802,34.807533,270.100006 -82.693810,34.807522,270.200012 -82.693810,34.807514,270.399994 -82.693810,34.807510,269.500000 -82.693810,34.807510,269.899994 -82.693817,34.807487,270.299988 -82.693832,34.807449,269.299988 -82.693855,34.807411,270.700012 -82.693863,34.807407,270.700012 -82.693863,34.807407,270.899994 -82.693840,34.807434,271.700012 -82.693832,34.807449,272.299988 -82.693810,34.807472,272.000000 -82.693794,34.807487,271.799988 -82.693787,34.807495,271.600006 -82.693771,34.807510,271.299988 -82.693756,34.807522,270.899994 -82.693748,34.807529,270.600006 -82.693764,34.807503,270.799988 -82.693779,34.807484,271.100006 -82.693779,34.807480,271.000000 -82.693787,34.807472,271.100006 -82.693787,34.807472,271.000000 -82.693787,34.807468,271.000000 -82.693787,34.807468,270.899994 -82.693787,34.807468,270.600006 -82.693787,34.807472,270.600006 -82.693787,34.807472,270.500000 -82.693787,34.807472,270.299988 -82.693787,34.807472,270.299988 -82.693787,34.807476,270.100006 -82.693779,34.807476,270.200012 -82.693779,34.807476,270.100006 -82.693779,34.807476,269.899994 -82.693779,34.807476,269.700012 -82.693779,34.807476,269.700012 -82.693771,34.807480,269.299988 -82.693771,34.807480,268.899994 -82.693771,34.807472,268.700012 -82.693771,34.807465,268.399994 -82.693771,34.807453,268.399994 -82.693771,34.807442,268.399994 -82.693771,34.807434,268.799988 -82.693764,34.807419,269.500000 -82.693771,34.807404,269.899994 -82.693771,34.807388,270.399994 -82.693764,34.807377,270.299988 -82.693764,34.807365,270.500000 -82.693764,34.807358,270.299988 -82.693764,34.807346,271.000000 -82.693764,34.807331,271.799988 -82.693764,34.807320,271.500000 -82.693764,34.807320,270.100006 -82.693771,34.807350,268.200012 -82.693756,34.807362,267.799988 -82.693726,34.807358,266.399994 -82.693703,34.807350,266.000000 -82.693703,34.807335,269.500000 -82.693695,34.807312,270.600006 -82.693710,34.807308,268.500000 -82.693726,34.807297,268.600006 -82.693733,34.807285,268.799988 -82.693741,34.807274,269.500000 -82.693741,34.807262,269.700012 -82.693748,34.807247,269.899994 -82.693748,34.807236,270.299988 -82.693748,34.807224,269.899994 -82.693756,34.807217,270.399994 -82.693756,34.807209,270.600006 -82.693756,34.807201,270.899994 -82.693756,34.807190,270.600006 -82.693756,34.807182,270.200012 -82.693756,34.807175,270.000000 -82.693756,34.807167,270.000000 -82.693756,34.807167,270.000000 -82.693756,34.807171,269.899994 -82.693756,34.807171,269.899994 -82.693741,34.807175,271.399994 -82.693741,34.807175,271.399994 -82.693741,34.807175,272.000000 -82.693741,34.807182,272.200012 -82.693748,34.807182,271.399994 -82.693748,34.807182,271.399994 -82.693748,34.807182,271.700012 -82.693764,34.807175,270.600006 -82.693756,34.807178,270.799988 -82.693756,34.807178,270.799988 -82.693756,34.807175,271.100006 -82.693756,34.807171,271.299988 -82.693756,34.807171,271.700012 -82.693748,34.807163,272.100006 -82.693748,34.807163,271.899994 -82.693748,34.807167,272.100006 -82.693748,34.807159,272.000000 -82.693748,34.807156,271.600006 -82.693748,34.807152,270.799988 -82.693748,34.807152,270.500000 -82.693748,34.807156,270.000000 -82.693748,34.807159,270.000000 -82.693748,34.807159,269.700012 -82.693748,34.807163,269.700012 -82.693741,34.807163,269.799988 -82.693741,34.807163,269.899994 -82.693741,34.807167,269.899994 -82.693741,34.807167,269.899994 -82.693741,34.807167,269.899994 -82.693741,34.807171,269.899994 -82.693741,34.807171,270.000000 -82.693741,34.807171,269.899994 -82.693741,34.807171,269.899994 -82.693741,34.807175,269.899994 -82.693741,34.807175,269.899994 -82.693741,34.807175,269.899994 -82.693741,34.807175,269.799988 -82.693741,34.807175,269.700012 -82.693741,34.807175,269.600006 -82.693741,34.807175,269.500000 -82.693741,34.807175,269.399994 -82.693741,34.807175,269.299988 -82.693741,34.807175,269.200012 -82.693741,34.807175,269.100006 -82.693741,34.807175,269.100006 -82.693741,34.807175,269.100006 -82.693741,34.807175,269.100006 -82.693741,34.807175,269.100006 -82.693741,34.807175,269.100006 -82.693741,34.807175,269.000000 -82.693741,34.807171,269.000000 -82.693741,34.807171,268.899994 -82.693741,34.807171,268.899994 -82.693741,34.807171,268.799988 -82.693741,34.807167,268.700012 -82.693741,34.807167,268.600006 -82.693748,34.807167,268.600006 -82.693748,34.807167,268.600006 -82.693748,34.807163,268.600006 -82.693748,34.807163,268.600006 -82.693748,34.807163,268.500000 -82.693748,34.807163,268.500000 -82.693748,34.807163,268.399994 -82.693748,34.807163,268.399994 -82.693748,34.807163,268.299988 -82.693748,34.807163,268.299988 -82.693748,34.807163,268.299988 -82.693748,34.807163,268.299988 -82.693748,34.807163,268.299988 -82.693748,34.807163,268.299988 -82.693748,34.807163,268.399994 -82.693748,34.807167,268.399994 -82.693748,34.807167,268.399994 -82.693748,34.807167,268.399994 -82.693748,34.807171,268.399994 -82.693748,34.807171,268.399994 -82.693748,34.807171,268.399994 -82.693748,34.807171,268.399994 -82.693741,34.807171,268.399994 -82.693741,34.807175,268.399994 -82.693741,34.807175,268.500000 -82.693741,34.807175,268.500000 -82.693741,34.807175,268.600006 -82.693741,34.807175,268.600006 -82.693741,34.807175,268.700012 -82.693741,34.807175,268.700012 -82.693741,34.807175,268.700012 -82.693741,34.807178,268.700012 -82.693741,34.807178,268.700012 -82.693741,34.807178,268.700012 -82.693741,34.807178,268.799988 -82.693741,34.807178,268.799988 -82.693741,34.807178,268.799988 -82.693741,34.807178,268.899994 -82.693741,34.807178,268.899994 -82.693741,34.807178,268.899994 -82.693741,34.807178,268.899994 -82.693741,34.807178,268.899994 -82.693741,34.807178,268.899994 -82.693741,34.807175,268.799988 -82.693741,34.807175,268.799988 -82.693741,34.807175,268.700012 -82.693741,34.807175,268.700012 -82.693741,34.807175,268.600006 -82.693741,34.807175,268.600006 -82.693741,34.807175,268.600006 -82.693741,34.807175,268.500000 -82.693741,34.807175,268.500000 -82.693741,34.807175,268.500000 -82.693741,34.807175,268.600006 -82.693756,34.807186,268.700012 -82.693756,34.807182,268.299988 -82.693764,34.807186,269.100006 -82.693771,34.807190,268.299988 -82.693771,34.807194,267.799988 -82.693779,34.807194,267.799988 -82.693779,34.807190,267.799988 -82.693779,34.807190,267.799988 -82.693779,34.807190,267.600006 -82.693779,34.807186,267.299988 -82.693779,34.807186,267.100006 -82.693779,34.807190,267.200012 -82.693779,34.807186,266.700012 -82.693779,34.807186,266.500000 -82.693779,34.807186,265.500000 -82.693779,34.807182,265.299988 -82.693787,34.807186,265.100006 -82.693787,34.807186,265.200012 -82.693787,34.807182,265.200012 -82.693779,34.807175,265.200012 -82.693771,34.807178,265.200012 -82.693771,34.807178,265.100006 -82.693756,34.807175,264.200012 -82.693756,34.807175,264.200012 -82.693748,34.807175,264.500000 -82.693756,34.807175,264.600006 -82.693756,34.807175,265.100006 -82.693756,34.807178,264.899994 -82.693756,34.807175,264.799988 -82.693756,34.807178,264.899994 -82.693756,34.807178,265.100006 -82.693756,34.807178,265.200012 -82.693756,34.807178,265.100006 -82.693756,34.807178,265.100006 -82.693756,34.807178,265.100006 -82.693764,34.807178,265.100006 -82.693764,34.807178,265.000000 -82.693764,34.807178,265.000000 -82.693764,34.807178,264.899994 -82.693764,34.807178,264.899994 -82.693764,34.807175,264.899994 -82.693764,34.807175,264.799988 -82.693764,34.807175,264.700012 -82.693764,34.807175,264.600006 -82.693764,34.807175,264.500000 -82.693764,34.807175,264.500000 -82.693764,34.807175,264.399994 -82.693764,34.807175,264.399994 -82.693764,34.807175,264.399994 -82.693764,34.807175,264.399994 -82.693764,34.807175,264.399994 -82.693764,34.807175,264.500000 -82.693764,34.807175,264.600006 -82.693764,34.807175,264.600006 -82.693764,34.807175,264.700012 -82.693764,34.807175,264.799988 -82.693764,34.807175,264.899994 -82.693764,34.807175,265.000000 -82.693764,34.807175,265.100006 -82.693764,34.807175,265.200012 -82.693764,34.807175,265.299988 -82.693764,34.807175,265.399994 -82.693764,34.807175,265.500000 -82.693764,34.807175,265.600006 -82.693764,34.807175,265.799988 -82.693764,34.807175,265.899994 -82.693764,34.807175,266.000000 -82.693764,34.807175,266.200012 -82.693764,34.807175,266.299988 -82.693764,34.807175,266.399994 -82.693764,34.807175,266.500000 -82.693764,34.807175,266.500000 -82.693764,34.807175,266.600006 -82.693764,34.807175,266.700012 -82.693764,34.807175,266.799988 -82.693764,34.807175,266.899994 -82.693764,34.807175,267.000000 -82.693764,34.807175,267.100006 -82.693764,34.807175,267.200012 -82.693764,34.807175,267.299988 -82.693764,34.807175,267.399994 -82.693764,34.807175,267.500000 -82.693764,34.807175,267.600006 -82.693764,34.807175,267.700012 -82.693764,34.807175,267.700012 -82.693764,34.807175,267.799988 -82.693764,34.807175,267.799988 -82.693764,34.807175,267.799988 -82.693764,34.807175,267.899994 -82.693764,34.807175,267.899994 -82.693764,34.807175,268.000000 -82.693764,34.807175,268.100006 -82.693764,34.807175,268.100006 -82.693764,34.807171,268.200012 -82.693764,34.807171,268.200012 -82.693764,34.807171,268.200012 -82.693764,34.807171,268.200012 -82.693764,34.807171,268.200012 -82.693764,34.807171,268.200012 -82.693764,34.807171,268.299988 -82.693764,34.807171,268.299988 -82.693764,34.807171,268.299988 -82.693764,34.807171,268.299988 -82.693764,34.807171,268.299988 -82.693764,34.807167,268.299988 -82.693764,34.807167,268.299988 -82.693764,34.807167,268.299988 -82.693764,34.807167,268.299988 -82.693764,34.807167,268.299988 -82.693764,34.807167,268.299988 -82.693764,34.807171,268.299988 -82.693764,34.807171,268.299988 -82.693764,34.807171,268.299988 -82.693764,34.807171,268.299988 -82.693764,34.807171,268.299988 -82.693756,34.807175,268.200012 -82.693756,34.807175,268.200012 -82.693756,34.807175,268.200012 -82.693756,34.807175,268.200012 -82.693756,34.807175,268.200012 -82.693756,34.807175,268.200012 -82.693756,34.807175,268.200012 -82.693756,34.807175,268.299988 -82.693756,34.807175,268.200012 -82.693756,34.807175,268.200012 -82.693756,34.807175,268.200012 -82.693756,34.807175,268.200012 -82.693756,34.807175,268.200012 -82.693756,34.807175,268.200012 -82.693756,34.807175,268.299988 -82.693756,34.807175,268.299988 -82.693756,34.807175,268.299988 -82.693756,34.807175,268.299988 -82.693756,34.807175,268.299988 -82.693756,34.807175,268.299988 -82.693756,34.807175,268.299988 -82.693756,34.807175,268.399994 -82.693756,34.807175,268.299988 -82.693756,34.807175,268.299988 -82.693756,34.807175,268.299988 -82.693756,34.807175,268.299988 -82.693756,34.807171,268.299988 -82.693756,34.807171,268.200012 -82.693756,34.807171,268.200012 -82.693756,34.807171,268.200012 -82.693756,34.807171,268.200012 -82.693764,34.807171,268.200012 -82.693764,34.807171,268.200012 -82.693764,34.807171,268.200012 -82.693764,34.807171,268.100006 -82.693764,34.807171,268.100006 -82.693764,34.807171,268.100006 -82.693764,34.807171,268.100006 -82.693764,34.807171,268.100006 -82.693764,34.807171,268.100006 -82.693764,34.807171,268.100006 -82.693764,34.807171,268.100006 -82.693764,34.807171,268.100006 -82.693764,34.807171,268.100006 -82.693764,34.807171,268.000000 -82.693764,34.807167,268.000000 -82.693764,34.807167,268.000000 -82.693764,34.807167,268.000000 -82.693764,34.807167,268.000000 -82.693764,34.807167,267.899994 -82.693764,34.807171,267.899994 -82.693764,34.807171,267.899994 -82.693764,34.807171,267.899994 -82.693764,34.807171,268.000000 -82.693764,34.807171,268.000000 -82.693764,34.807171,268.000000 -82.693764,34.807171,268.000000 -82.693764,34.807171,268.000000 -82.693764,34.807171,267.899994 -82.693764,34.807171,267.899994 -82.693764,34.807171,267.899994 -82.693764,34.807171,267.899994 -82.693764,34.807171,267.899994 -82.693764,34.807171,267.899994 -82.693764,34.807171,267.899994 -82.693764,34.807167,267.899994 -82.693764,34.807167,267.899994 -82.693764,34.807167,267.899994 -82.693764,34.807167,267.899994 -82.693764,34.807167,267.899994 -82.693764,34.807167,267.899994 -82.693764,34.807167,267.899994 -82.693764,34.807167,267.899994 -82.693764,34.807167,267.799988 -82.693764,34.807167,267.799988 -82.693764,34.807167,267.799988 -82.693764,34.807167,267.799988 -82.693764,34.807167,267.899994 -82.693764,34.807167,267.899994 -82.693764,34.807167,267.899994 -82.693764,34.807167,268.000000 -82.693764,34.807167,268.000000 -82.693764,34.807167,268.000000 -82.693764,34.807167,268.000000 -82.693764,34.807167,267.899994 -82.693764,34.807167,267.899994 -82.693764,34.807167,267.899994 -82.693764,34.807167,267.899994 -82.693764,34.807167,268.000000 -82.693764,34.807167,268.000000 -82.693764,34.807167,268.000000 -82.693764,34.807167,268.100006 -82.693764,34.807167,268.100006 -82.693764,34.807167,268.100006 -82.693764,34.807167,268.100006 -82.693764,34.807167,268.100006 -82.693764,34.807167,268.100006 -82.693764,34.807167,268.100006 -82.693764,34.807167,268.100006 -82.693764,34.807167,268.100006 -82.693764,34.807167,268.100006 -82.693764,34.807167,268.100006 -82.693764,34.807167,268.100006 -82.693764,34.807167,268.100006 -82.693764,34.807167,268.100006 -82.693764,34.807167,268.100006 -82.693764,34.807167,268.100006 -82.693764,34.807167,268.100006 -82.693764,34.807167,268.100006 -82.693764,34.807167,268.200012 -82.693764,34.807167,268.200012 -82.693764,34.807167,268.200012 -82.693764,34.807167,268.200012 -82.693764,34.807167,268.200012 -82.693764,34.807167,268.200012 -82.693764,34.807167,268.200012 -82.693764,34.807167,268.200012 -82.693764,34.807167,268.200012 -82.693764,34.807167,268.200012 -82.693764,34.807167,268.200012 -82.693764,34.807167,268.200012 -82.693764,34.807167,268.200012 -82.693764,34.807167,268.299988 -82.693764,34.807167,268.299988 -82.693764,34.807167,268.299988 -82.693764,34.807167,268.299988 -82.693764,34.807167,268.299988 -82.693764,34.807167,268.299988 -82.693764,34.807167,268.299988 -82.693764,34.807163,268.399994 -82.693764,34.807163,268.500000 -82.693764,34.807163,268.500000 -82.693764,34.807163,268.500000 -82.693764,34.807163,268.600006 -82.693764,34.807163,268.600006 -82.693764,34.807163,268.600006 -82.693764,34.807163,268.600006 -82.693764,34.807163,268.600006 -82.693764,34.807163,268.600006 -82.693764,34.807163,268.600006 -82.693764,34.807163,268.600006 -82.693764,34.807163,268.700012 -82.693764,34.807163,268.600006 -82.693764,34.807163,268.600006 -82.693771,34.807156,268.700012 -82.693771,34.807159,268.799988 -82.693771,34.807159,268.799988 -82.693771,34.807159,268.899994 -82.693771,34.807156,268.700012 -82.693764,34.807144,269.500000 -82.693764,34.807137,269.899994 -82.693771,34.807121,270.000000 -82.693771,34.807110,270.600006 -82.693771,34.807095,271.100006 -82.693771,34.807076,271.299988 -82.693771,34.807060,271.600006 -82.693771,34.807049,272.000000 -82.693771,34.807030,272.399994 -82.693771,34.807014,272.799988 -82.693771,34.806999,273.000000 -82.693771,34.806992,273.100006 -82.693771,34.806973,273.500000 -82.693771,34.806957,274.000000 -82.693771,34.806946,274.100006 -82.693771,34.806931,274.299988 -82.693771,34.806919,274.299988 -82.693779,34.806904,274.299988 -82.693771,34.806904,274.399994 -82.693771,34.806900,274.700012 -82.693771,34.806904,274.299988 -82.693771,34.806900,274.399994 -82.693771,34.806896,274.299988 -82.693771,34.806904,274.000000 -82.693771,34.806900,274.100006 -82.693771,34.806900,274.200012 -82.693771,34.806900,274.200012 -82.693771,34.806900,274.200012 -82.693771,34.806896,273.799988 -82.693771,34.806896,273.799988 -82.693771,34.806900,273.100006 -82.693771,34.806896,272.700012 -82.693771,34.806892,272.500000 -82.693764,34.806889,271.299988 -82.693764,34.806885,272.399994 -82.693756,34.806877,272.200012 -82.693764,34.806866,272.100006 -82.693764,34.806854,272.000000 -82.693764,34.806854,272.000000 -82.693771,34.806850,270.899994 -82.693787,34.806843,271.100006 -82.693794,34.806831,271.899994 -82.693787,34.806816,272.100006 -82.693787,34.806812,272.299988 -82.693779,34.806805,272.399994 -82.693764,34.806797,272.299988 -82.693764,34.806789,272.200012 -82.693771,34.806778,272.399994 -82.693779,34.806767,272.500000 -82.693779,34.806759,272.700012 -82.693779,34.806751,272.799988 -82.693779,34.806740,272.700012 -82.693779,34.806728,272.500000 -82.693779,34.806725,273.399994 -82.693779,34.806713,274.100006 -82.693771,34.806705,274.399994 -82.693771,34.806694,274.500000 -82.693771,34.806686,274.500000 -82.693771,34.806683,274.100006 -82.693771,34.806683,274.200012 -82.693779,34.806675,274.399994 -82.693779,34.806667,274.200012 -82.693771,34.806664,273.500000 -82.693764,34.806664,274.100006 -82.693771,34.806660,274.600006 -82.693771,34.806656,273.799988 -82.693771,34.806648,273.700012 -82.693771,34.806644,273.899994 -82.693771,34.806637,273.700012 -82.693771,34.806633,273.799988 -82.693779,34.806622,273.399994 -82.693787,34.806622,273.299988 -82.693787,34.806618,272.899994 -82.693787,34.806622,273.100006 -82.693787,34.806622,273.200012 -82.693787,34.806618,273.299988 -82.693787,34.806618,273.299988 -82.693787,34.806614,273.200012 -82.693787,34.806610,273.899994 -82.693794,34.806606,274.299988 -82.693794,34.806602,273.500000 -82.693787,34.806599,273.500000 -82.693779,34.806599,273.500000 -82.693771,34.806595,273.899994 -82.693779,34.806580,274.500000 -82.693779,34.806572,274.799988 -82.693779,34.806561,275.000000 -82.693779,34.806553,275.399994 -82.693779,34.806545,275.500000 -82.693779,34.806530,275.500000 -82.693779,34.806526,275.600006 -82.693779,34.806522,276.500000 -82.693779,34.806519,277.000000 -82.693779,34.806515,277.100006 -82.693779,34.806515,277.399994 -82.693787,34.806511,277.399994 -82.693779,34.806507,277.500000 -82.693779,34.806499,277.700012 -82.693779,34.806499,277.799988 -82.693779,34.806492,277.799988 -82.693779,34.806492,277.899994 -82.693779,34.806492,277.899994 -82.693779,34.806492,277.899994 -82.693779,34.806488,277.899994 -82.693779,34.806488,277.899994 -82.693787,34.806484,277.899994 -82.693787,34.806484,277.899994 -82.693787,34.806484,278.000000 -82.693787,34.806484,278.100006 -82.693787,34.806484,278.000000 -82.693787,34.806484,278.100006 -82.693779,34.806484,278.200012 -82.693779,34.806484,278.399994 -82.693779,34.806484,278.500000 -82.693779,34.806484,278.500000 -82.693779,34.806480,277.700012 -82.693779,34.806480,277.899994 -82.693771,34.806480,277.700012 -82.693771,34.806480,277.399994 -82.693771,34.806477,277.299988 -82.693771,34.806477,277.100006 -82.693771,34.806480,277.000000 -82.693771,34.806480,277.000000 -82.693771,34.806480,276.700012 -82.693771,34.806477,276.399994 -82.693771,34.806477,276.200012 -82.693771,34.806477,276.000000 -82.693771,34.806477,275.899994 -82.693771,34.806477,275.500000 -82.693771,34.806477,275.299988 -82.693771,34.806477,275.299988 -82.693764,34.806473,275.399994 -82.693764,34.806469,275.200012 -82.693764,34.806469,275.000000 -82.693764,34.806469,274.200012 -82.693771,34.806469,273.299988 -82.693771,34.806469,273.299988 -82.693771,34.806473,272.799988 -82.693771,34.806473,272.200012 -82.693771,34.806473,271.500000 -82.693779,34.806473,271.100006 -82.693779,34.806473,270.700012 -82.693779,34.806473,270.500000 -82.693779,34.806473,270.500000 -82.693779,34.806473,270.399994 -82.693779,34.806473,270.500000 -82.693779,34.806473,270.700012 -82.693779,34.806473,270.899994 -82.693771,34.806473,271.200012 -82.693771,34.806473,271.200012 -82.693771,34.806473,271.200012 -82.693771,34.806473,271.399994 -82.693771,34.806473,271.299988 -82.693771,34.806473,271.100006 -82.693771,34.806473,271.500000 -82.693771,34.806469,271.299988 -82.693771,34.806469,271.399994 -82.693771,34.806469,271.299988 -82.693771,34.806465,271.299988 -82.693771,34.806465,271.299988 -82.693771,34.806465,271.500000 -82.693771,34.806465,271.299988 -82.693771,34.806465,271.100006 -82.693771,34.806461,270.899994 -82.693771,34.806461,270.899994 -82.693779,34.806461,270.799988 -82.693779,34.806461,270.799988 -82.693779,34.806461,270.700012 -82.693779,34.806461,270.600006 -82.693779,34.806461,270.600006 -82.693779,34.806461,270.399994 -82.693779,34.806461,270.299988 -82.693779,34.806461,270.200012 -82.693779,34.806461,270.000000 -82.693779,34.806461,270.000000 -82.693779,34.806461,270.200012 -82.693779,34.806461,270.200012 -82.693779,34.806461,270.200012 -82.693779,34.806458,270.200012 -82.693779,34.806458,270.600006 -82.693779,34.806458,270.600006 -82.693779,34.806458,270.799988 -82.693779,34.806458,271.000000 -82.693779,34.806454,271.200012 -82.693779,34.806454,271.399994 -82.693771,34.806450,271.399994 -82.693779,34.806450,271.600006 -82.693779,34.806458,271.399994 -82.693779,34.806458,271.399994 -82.693771,34.806458,271.299988 -82.693771,34.806450,271.700012 -82.693756,34.806446,274.299988 -82.693764,34.806450,274.600006 -82.693764,34.806450,274.600006 -82.693779,34.806469,274.500000 -82.693787,34.806477,274.399994 -82.693787,34.806477,274.600006 -82.693787,34.806477,274.100006 -82.693787,34.806480,274.100006 -82.693787,34.806480,274.100006 -82.693787,34.806480,274.000000 -82.693794,34.806484,273.700012 -82.693794,34.806488,273.799988 -82.693794,34.806488,273.799988 -82.693787,34.806492,273.899994 -82.693787,34.806492,274.100006 -82.693787,34.806488,274.299988 -82.693787,34.806488,274.600006 -82.693787,34.806484,274.600006 -82.693787,34.806484,274.500000 -82.693787,34.806484,274.700012 -82.693787,34.806484,274.799988 -82.693787,34.806477,275.100006 -82.693787,34.806480,274.799988 -82.693787,34.806480,274.899994 -82.693787,34.806484,274.700012 -82.693787,34.806484,274.799988 -82.693787,34.806477,275.700012 -82.693787,34.806480,275.500000 -82.693787,34.806480,274.500000 -82.693787,34.806477,274.299988 -82.693787,34.806477,275.200012 -82.693787,34.806469,275.700012 -82.693787,34.806469,275.799988 -82.693779,34.806465,275.600006 -82.693779,34.806461,276.000000 -82.693779,34.806461,276.100006 -82.693779,34.806461,276.000000 -82.693779,34.806461,276.100006 -82.693779,34.806461,276.200012 -82.693787,34.806461,276.000000 -82.693787,34.806461,275.700012 -82.693787,34.806461,275.899994 -82.693787,34.806461,276.000000 -82.693787,34.806461,275.799988 -82.693787,34.806458,276.100006 -82.693787,34.806458,276.000000 -82.693787,34.806458,276.100006 -82.693787,34.806458,276.100006 -82.693787,34.806458,276.000000 -82.693794,34.806458,276.100006 -82.693794,34.806458,276.200012 -82.693787,34.806454,276.799988 -82.693787,34.806454,276.899994 -82.693787,34.806458,277.100006 -82.693787,34.806461,277.000000 -82.693779,34.806461,277.399994 -82.693779,34.806461,277.200012 -82.693779,34.806465,277.399994 -82.693779,34.806469,277.500000 -82.693787,34.806473,277.700012 -82.693787,34.806473,277.000000 -82.693779,34.806477,276.799988 -82.693779,34.806477,276.899994 -82.693779,34.806477,276.899994 -82.693779,34.806477,276.899994 -82.693779,34.806477,276.899994 -82.693779,34.806480,277.000000 -82.693787,34.806480,277.000000 -82.693787,34.806480,276.899994 -82.693787,34.806480,276.899994 -82.693787,34.806480,276.799988 -82.693787,34.806480,276.700012 -82.693787,34.806480,276.700012 -82.693787,34.806480,276.600006 -82.693787,34.806484,276.500000 -82.693787,34.806484,276.399994 -82.693787,34.806484,276.299988 -82.693787,34.806484,276.100006 -82.693787,34.806484,276.000000 -82.693794,34.806484,275.899994 -82.693794,34.806484,275.700012 -82.693794,34.806484,275.600006 -82.693794,34.806484,275.399994 -82.693794,34.806484,275.299988 -82.693794,34.806484,275.100006 -82.693794,34.806484,274.899994 -82.693794,34.806484,274.700012 -82.693794,34.806484,274.600006 -82.693794,34.806484,274.500000 -82.693794,34.806484,274.399994 -82.693794,34.806484,274.299988 -82.693802,34.806484,274.200012 -82.693802,34.806484,274.100006 -82.693802,34.806484,274.000000 -82.693802,34.806484,273.899994 -82.693802,34.806484,273.799988 -82.693802,34.806484,273.700012 -82.693802,34.806484,273.600006 -82.693802,34.806484,273.500000 -82.693802,34.806484,273.500000 -82.693802,34.806480,273.500000 -82.693802,34.806477,273.600006 -82.693802,34.806480,273.600006 -82.693802,34.806484,273.600006 -82.693802,34.806484,273.600006 -82.693802,34.806480,274.200012 -82.693802,34.806480,274.100006 -82.693802,34.806480,274.600006 -82.693794,34.806480,275.500000 -82.693794,34.806480,275.600006 -82.693794,34.806480,275.700012 -82.693794,34.806480,275.700012 -82.693794,34.806480,275.700012 -82.693794,34.806484,275.700012 -82.693794,34.806484,275.700012 -82.693794,34.806484,275.700012 -82.693794,34.806484,276.100006 -82.693794,34.806484,276.299988 -82.693794,34.806480,276.100006 -82.693802,34.806480,276.100006 -82.693802,34.806477,276.100006 -82.693802,34.806477,276.299988 -82.693802,34.806477,276.399994 -82.693802,34.806477,276.399994 -82.693802,34.806477,276.399994 -82.693802,34.806477,276.399994 -82.693802,34.806477,276.500000 -82.693802,34.806477,276.600006 -82.693802,34.806477,276.600006 -82.693802,34.806477,276.500000 -82.693802,34.806477,276.500000 -82.693802,34.806477,276.399994 -82.693802,34.806477,276.399994 -82.693802,34.806477,276.399994 -82.693802,34.806473,276.500000 -82.693802,34.806473,276.500000 -82.693802,34.806473,276.500000 -82.693802,34.806473,276.500000 -82.693802,34.806473,276.600006 -82.693802,34.806473,276.600006 -82.693802,34.806473,276.600006 -82.693802,34.806473,276.600006 -82.693802,34.806469,276.700012 -82.693802,34.806469,276.700012 -82.693802,34.806469,276.700012 -82.693802,34.806469,276.700012 -82.693802,34.806469,276.700012 -82.693802,34.806469,276.799988 -82.693802,34.806473,276.799988 -82.693810,34.806473,276.600006 -82.693810,34.806473,276.500000 -82.693810,34.806473,276.600006 -82.693810,34.806469,276.600006 -82.693810,34.806469,276.600006 -82.693802,34.806469,276.600006 -82.693802,34.806469,276.600006 -82.693802,34.806469,276.600006 -82.693802,34.806469,276.600006 -82.693802,34.806469,276.600006 -82.693802,34.806469,276.600006 -82.693802,34.806469,276.600006 -82.693802,34.806469,276.600006 -82.693802,34.806469,276.700012 -82.693802,34.806469,276.700012 -82.693802,34.806469,276.700012 -82.693802,34.806469,276.700012 -82.693802,34.806469,276.700012 -82.693802,34.806465,276.700012 -82.693802,34.806465,276.700012 -82.693802,34.806465,276.700012 -82.693802,34.806465,276.700012 -82.693802,34.806465,276.700012 -82.693802,34.806465,276.700012 -82.693802,34.806465,276.700012 -82.693802,34.806465,276.700012 -82.693802,34.806465,276.700012 -82.693802,34.806465,276.700012 -82.693802,34.806465,276.700012 -82.693802,34.806465,276.700012 -82.693802,34.806465,276.700012 -82.693802,34.806469,276.600006 -82.693802,34.806469,276.600006 -82.693802,34.806469,276.600006 -82.693802,34.806469,276.600006 -82.693802,34.806469,276.799988 -82.693802,34.806469,276.700012 -82.693802,34.806469,276.700012 -82.693802,34.806469,276.700012 -82.693802,34.806469,276.700012 -82.693802,34.806469,276.700012 -82.693802,34.806473,276.600006 -82.693802,34.806473,276.700012 -82.693802,34.806473,276.799988 -82.693802,34.806473,276.799988 -82.693802,34.806473,276.799988 -82.693802,34.806473,276.799988 -82.693802,34.806473,276.799988 -82.693802,34.806473,276.799988 -82.693802,34.806473,276.799988 -82.693802,34.806477,276.799988 -82.693802,34.806477,276.799988 -82.693802,34.806477,276.799988 -82.693802,34.806477,276.799988 -82.693802,34.806477,276.899994 -82.693802,34.806477,276.799988 -82.693802,34.806477,276.899994 -82.693802,34.806477,277.000000 -82.693802,34.806477,277.000000 -82.693802,34.806477,277.000000 -82.693802,34.806477,277.100006 -82.693802,34.806477,277.100006 -82.693802,34.806477,277.100006 -82.693802,34.806477,277.000000 -82.693802,34.806477,277.000000 -82.693802,34.806473,277.100006 -82.693802,34.806473,277.100006 -82.693802,34.806473,277.100006 -82.693802,34.806473,277.100006 -82.693802,34.806473,277.100006 -82.693802,34.806473,277.200012 -82.693802,34.806473,277.200012 -82.693802,34.806473,277.200012 -82.693802,34.806473,277.200012 -82.693802,34.806473,277.299988 -82.693810,34.806473,277.299988 -82.693810,34.806473,277.299988 -82.693810,34.806473,277.299988 -82.693810,34.806473,277.200012 -82.693810,34.806473,277.100006 -82.693810,34.806473,277.100006 -82.693810,34.806473,277.000000 -82.693810,34.806473,276.899994 -82.693810,34.806473,276.899994 -82.693810,34.806473,277.100006 -82.693810,34.806473,276.799988 -82.693810,34.806473,276.799988 -82.693802,34.806473,277.200012 -82.693802,34.806473,277.100006 -82.693802,34.806473,277.399994 -82.693802,34.806473,277.500000 -82.693802,34.806473,277.500000 -82.693810,34.806477,277.500000 -82.693802,34.806473,277.500000 -82.693802,34.806473,277.500000 -82.693802,34.806473,277.600006 -82.693802,34.806477,277.700012 -82.693810,34.806477,277.899994 -82.693810,34.806477,278.000000 -82.693802,34.806473,278.100006 -82.693810,34.806477,278.299988 -82.693810,34.806473,279.200012 -82.693810,34.806477,278.899994 -82.693810,34.806477,278.899994 -82.693810,34.806477,279.000000 -82.693810,34.806477,279.000000 -82.693817,34.806477,279.000000 -82.693817,34.806477,279.100006 -82.693817,34.806477,279.100006 -82.693817,34.806477,279.100006 -82.693817,34.806477,279.100006 -82.693817,34.806477,279.200012 -82.693817,34.806477,279.200012 -82.693817,34.806477,279.299988 -82.693817,34.806477,279.299988 -82.693817,34.806477,279.399994 -82.693817,34.806477,279.399994 -82.693817,34.806477,279.399994 -82.693817,34.806477,279.500000 -82.693817,34.806473,279.500000 -82.693817,34.806477,279.500000 -82.693817,34.806477,279.500000 -82.693817,34.806473,279.500000 -82.693817,34.806473,279.600006 -82.693817,34.806473,279.600006 -82.693817,34.806473,279.600006 -82.693817,34.806473,279.700012 -82.693817,34.806473,279.700012 -82.693817,34.806473,279.700012 -82.693817,34.806473,279.799988 -82.693817,34.806473,279.799988 -82.693817,34.806473,279.799988 -82.693817,34.806473,279.799988 -82.693817,34.806473,279.799988 -82.693817,34.806473,279.799988 -82.693817,34.806473,279.799988 -82.693817,34.806473,279.799988 -82.693817,34.806473,279.899994 -82.693817,34.806473,279.899994 -82.693817,34.806473,280.000000 -82.693817,34.806473,280.000000 -82.693817,34.806473,280.000000 -82.693817,34.806473,280.000000 -82.693817,34.806473,280.000000 -82.693817,34.806473,280.000000 -82.693817,34.806473,280.000000 -82.693817,34.806473,279.899994 -82.693817,34.806473,279.899994 -82.693817,34.806473,279.799988 -82.693817,34.806473,279.700012 -82.693817,34.806473,279.700012 -82.693817,34.806473,279.600006 -82.693817,34.806473,279.600006 -82.693817,34.806473,279.600006 -82.693817,34.806473,279.600006 -82.693817,34.806473,279.500000 -82.693817,34.806473,279.500000 -82.693817,34.806473,279.399994 -82.693817,34.806473,279.399994 -82.693817,34.806473,279.399994 -82.693817,34.806473,279.200012 -82.693817,34.806473,279.200012 -82.693817,34.806473,279.100006 -82.693817,34.806473,279.100006 -82.693817,34.806473,279.100006 -82.693817,34.806473,279.100006 -82.693817,34.806473,279.100006 -82.693817,34.806473,279.100006 -82.693817,34.806473,279.100006 -82.693817,34.806473,279.000000 -82.693817,34.806473,279.000000 -82.693817,34.806473,279.000000 -82.693817,34.806473,279.200012 -82.693817,34.806473,279.600006 -82.693817,34.806473,279.700012 -82.693817,34.806473,279.700012 -82.693817,34.806473,279.700012 -82.693817,34.806473,279.700012 -82.693817,34.806469,279.600006 -82.693817,34.806469,279.600006 -82.693817,34.806469,279.500000 -82.693817,34.806469,279.399994 -82.693817,34.806469,279.299988 -82.693817,34.806469,279.299988 -82.693810,34.806469,279.200012 -82.693810,34.806469,279.200012 -82.693810,34.806469,279.100006 -82.693810,34.806469,279.100006 -82.693810,34.806469,279.000000 -82.693810,34.806469,279.000000 -82.693810,34.806469,278.899994 -82.693810,34.806469,278.899994 -82.693810,34.806469,278.799988 -82.693810,34.806469,278.799988 -82.693810,34.806469,278.799988 -82.693810,34.806469,278.700012 -82.693810,34.806469,278.700012 -82.693810,34.806469,278.600006 -82.693810,34.806469,278.600006 -82.693810,34.806469,278.500000 -82.693810,34.806469,278.399994 -82.693810,34.806469,278.399994 -82.693810,34.806469,278.299988 -82.693810,34.806469,278.200012 -82.693810,34.806469,278.200012 -82.693810,34.806469,278.100006 -82.693810,34.806469,278.000000 -82.693810,34.806469,278.000000 -82.693810,34.806469,277.899994 -82.693810,34.806469,277.899994 -82.693810,34.806469,277.799988 -82.693810,34.806469,277.700012 -82.693810,34.806469,277.700012 -82.693810,34.806469,277.600006 -82.693810,34.806469,277.500000 -82.693810,34.806469,277.500000 -82.693810,34.806469,277.399994 -82.693810,34.806469,277.399994 -82.693810,34.806469,277.299988 -82.693810,34.806469,277.200012 -82.693810,34.806469,277.200012 -82.693810,34.806469,277.100006 -82.693810,34.806469,277.100006 -82.693810,34.806469,277.000000 -82.693810,34.806469,276.899994 -82.693810,34.806469,276.899994 -82.693810,34.806469,276.799988 -82.693810,34.806469,276.799988 -82.693810,34.806469,276.799988 -82.693810,34.806469,276.700012 -82.693810,34.806469,276.700012 -82.693810,34.806469,276.700012 -82.693810,34.806469,276.600006 -82.693810,34.806473,276.600006 -82.693810,34.806473,276.600006 -82.693810,34.806473,276.500000 -82.693810,34.806473,276.500000 -82.693810,34.806469,276.500000 -82.693810,34.806469,276.399994 -82.693810,34.806469,276.399994 -82.693810,34.806469,276.399994 -82.693810,34.806469,276.399994 -82.693810,34.806469,276.399994 -82.693810,34.806469,276.399994 -82.693810,34.806469,276.399994 -82.693810,34.806469,276.399994 -82.693810,34.806469,276.299988 -82.693810,34.806469,276.299988 -82.693810,34.806469,276.299988 -82.693810,34.806469,276.299988 -82.693810,34.806469,276.299988 -82.693810,34.806469,276.299988 -82.693810,34.806469,276.200012 -82.693810,34.806469,276.299988 -82.693810,34.806469,276.299988 -82.693810,34.806469,276.299988 -82.693810,34.806469,276.299988 -82.693810,34.806469,276.299988 -82.693810,34.806469,276.299988 -82.693810,34.806469,276.299988 -82.693810,34.806469,276.299988 -82.693810,34.806473,276.299988 -82.693810,34.806473,276.299988 -82.693810,34.806473,276.299988 -82.693810,34.806473,276.200012 -82.693810,34.806473,276.200012 -82.693810,34.806473,276.100006 -82.693810,34.806473,276.000000 -82.693810,34.806473,275.899994 -82.693810,34.806473,275.799988 -82.693810,34.806473,275.700012 -82.693810,34.806473,275.600006 -82.693810,34.806473,275.600006 -82.693810,34.806473,275.500000 -82.693810,34.806473,275.500000 -82.693810,34.806473,275.399994 -82.693810,34.806473,275.399994 -82.693810,34.806473,275.399994 -82.693810,34.806473,275.299988 -82.693810,34.806473,275.299988 -82.693810,34.806473,275.299988 -82.693810,34.806473,275.299988 -82.693810,34.806473,275.200012 -82.693810,34.806473,275.299988 -82.693810,34.806477,275.399994 -82.693810,34.806477,275.399994 -82.693810,34.806473,275.200012 -82.693810,34.806473,275.200012 -82.693810,34.806477,275.100006 -82.693810,34.806477,275.000000 -82.693810,34.806477,275.000000 -82.693810,34.806477,274.899994 -82.693810,34.806477,274.899994 -82.693810,34.806477,274.799988 -82.693810,34.806477,274.799988 -82.693810,34.806477,274.700012 -82.693810,34.806477,274.600006 -82.693810,34.806477,274.600006 -82.693810,34.806477,274.500000 -82.693810,34.806477,274.500000 -82.693810,34.806480,274.399994 -82.693810,34.806480,274.399994 -82.693810,34.806480,274.399994 -82.693810,34.806480,274.299988 -82.693810,34.806480,274.100006 -82.693810,34.806480,274.200012 -82.693810,34.806480,274.200012 -82.693810,34.806480,274.200012 -82.693810,34.806480,274.200012 -82.693810,34.806480,274.299988 -82.693810,34.806480,274.299988 -82.693810,34.806480,274.299988 -82.693810,34.806480,274.299988 -82.693810,34.806480,274.399994 -82.693802,34.806480,274.500000 -82.693802,34.806480,274.500000 -82.693802,34.806480,274.600006 -82.693802,34.806480,274.600006 -82.693802,34.806480,274.600006 -82.693802,34.806480,274.600006 -82.693802,34.806480,274.600006 -82.693802,34.806480,274.700012 -82.693802,34.806480,274.700012 -82.693802,34.806480,274.700012 -82.693802,34.806480,274.600006 -82.693802,34.806480,274.700012 -82.693802,34.806480,274.700012 -82.693802,34.806480,274.700012 -82.693802,34.806480,274.799988 -82.693802,34.806480,274.799988 -82.693802,34.806480,274.799988 -82.693802,34.806480,274.899994 -82.693802,34.806480,275.000000 -82.693802,34.806480,275.000000 -82.693802,34.806480,275.100006 -82.693802,34.806480,275.100006 -82.693802,34.806480,275.100006 -82.693802,34.806480,275.100006 -82.693802,34.806480,275.200012 -82.693802,34.806480,275.200012 -82.693802,34.806480,275.200012 -82.693810,34.806480,275.200012 -82.693810,34.806480,275.299988 -82.693810,34.806480,275.399994 -82.693810,34.806480,275.399994 -82.693810,34.806480,275.399994 -82.693810,34.806480,275.399994 -82.693810,34.806480,275.500000 -82.693810,34.806480,275.500000 -82.693802,34.806484,275.500000 -82.693802,34.806484,275.500000 -82.693802,34.806484,275.500000 -82.693802,34.806484,275.500000 -82.693802,34.806484,275.600006 -82.693802,34.806484,275.600006 -82.693802,34.806484,275.600006 -82.693802,34.806484,275.700012 -82.693802,34.806484,275.700012 -82.693802,34.806484,275.700012 -82.693802,34.806484,275.799988 -82.693802,34.806484,275.799988 -82.693802,34.806484,275.799988 -82.693802,34.806484,275.799988 -82.693802,34.806484,275.799988 -82.693802,34.806484,275.799988 -82.693802,34.806488,275.799988 -82.693802,34.806488,275.899994 -82.693802,34.806488,275.899994 -82.693802,34.806488,275.899994 -82.693802,34.806488,275.899994 -82.693802,34.806492,275.899994 -82.693802,34.806492,275.899994 -82.693794,34.806492,275.899994 -82.693794,34.806492,276.000000 -82.693794,34.806492,276.000000 -82.693794,34.806492,276.000000 -82.693794,34.806492,276.000000 -82.693794,34.806492,276.000000 -82.693794,34.806492,276.100006 -82.693794,34.806492,276.100006 -82.693794,34.806492,276.100006 -82.693794,34.806492,276.100006 -82.693794,34.806492,276.100006 -82.693794,34.806492,276.100006 -82.693794,34.806492,276.100006 -82.693794,34.806492,276.200012 -82.693794,34.806492,276.200012 -82.693794,34.806492,276.200012 -82.693794,34.806492,276.100006 -82.693794,34.806492,276.100006 -82.693794,34.806492,276.200012 -82.693794,34.806492,276.200012 -82.693794,34.806492,276.200012 -82.693794,34.806492,276.299988 -82.693794,34.806492,276.299988 -82.693794,34.806492,276.299988 -82.693794,34.806492,276.399994 -82.693794,34.806492,276.399994 -82.693794,34.806492,276.399994 -82.693794,34.806492,276.500000 -82.693794,34.806496,276.500000 -82.693794,34.806496,276.500000 -82.693794,34.806496,276.500000 -82.693794,34.806496,276.500000 -82.693794,34.806496,276.500000 -82.693794,34.806496,276.500000 -82.693794,34.806496,276.600006 -82.693794,34.806496,276.600006 -82.693794,34.806496,276.600006 -82.693794,34.806496,276.600006 -82.693794,34.806496,276.700012 -82.693794,34.806496,276.700012 -82.693794,34.806496,276.700012 -82.693794,34.806496,276.700012 -82.693794,34.806496,276.700012 -82.693794,34.806496,276.700012 -82.693794,34.806496,276.700012 -82.693794,34.806496,276.700012 -82.693794,34.806496,276.799988 -82.693794,34.806496,276.799988 -82.693794,34.806496,276.799988 -82.693794,34.806496,276.799988 -82.693794,34.806496,276.899994 -82.693794,34.806496,276.899994 -82.693794,34.806496,277.000000 -82.693794,34.806496,277.000000 -82.693794,34.806496,277.100006 -82.693794,34.806496,277.100006 -82.693794,34.806496,277.200012 -82.693794,34.806496,277.200012 -82.693794,34.806496,277.299988 -82.693794,34.806496,277.399994 -82.693794,34.806496,277.399994 -82.693794,34.806492,277.500000 -82.693794,34.806492,277.500000 -82.693794,34.806492,277.600006 -82.693794,34.806492,277.600006 -82.693794,34.806492,277.700012 -82.693794,34.806492,277.700012 -82.693787,34.806492,277.799988 -82.693787,34.806492,277.799988 -82.693787,34.806492,277.899994 -82.693787,34.806492,277.899994 -82.693787,34.806492,278.000000 -82.693794,34.806492,278.000000 -82.693794,34.806492,278.100006 -82.693794,34.806492,278.100006 -82.693794,34.806492,278.100006 -82.693794,34.806492,278.399994 -82.693787,34.806492,278.299988 -82.693787,34.806488,278.399994 -82.693787,34.806488,278.399994 -82.693779,34.806484,278.500000 -82.693779,34.806484,278.600006 -82.693779,34.806484,278.700012 -82.693779,34.806484,278.799988 -82.693779,34.806484,278.799988 -82.693779,34.806484,278.899994 -82.693779,34.806484,279.000000 -82.693779,34.806484,279.100006 -82.693779,34.806484,279.200012 -82.693779,34.806480,279.299988 -82.693779,34.806480,279.399994 -82.693779,34.806480,279.399994 -82.693779,34.806480,279.500000 -82.693779,34.806480,279.600006 -82.693779,34.806480,279.700012 -82.693779,34.806480,279.600006 -82.693779,34.806480,279.600006 -82.693779,34.806480,279.600006 -82.693779,34.806480,279.500000 -82.693779,34.806480,279.600006 -82.693779,34.806477,279.600006 -82.693779,34.806477,279.600006 -82.693779,34.806477,279.600006 -82.693779,34.806477,279.600006 -82.693779,34.806477,279.600006 -82.693779,34.806477,279.600006 -82.693779,34.806477,279.600006 -82.693779,34.806477,279.600006 -82.693779,34.806477,279.600006 -82.693779,34.806477,279.600006 -82.693779,34.806477,279.600006 -82.693779,34.806477,279.700012 -82.693779,34.806480,279.700012 -82.693779,34.806480,279.700012 -82.693779,34.806480,279.799988 -82.693779,34.806480,279.700012 -82.693771,34.806480,279.799988 -82.693771,34.806480,279.799988 -82.693771,34.806477,279.799988 -82.693771,34.806477,279.799988 -82.693771,34.806477,279.799988 -82.693771,34.806477,279.700012 -82.693771,34.806477,279.700012 -82.693771,34.806480,279.700012 -82.693771,34.806480,279.700012 -82.693771,34.806480,279.700012 -82.693771,34.806480,279.700012 -82.693771,34.806480,279.700012 -82.693771,34.806480,279.700012 -82.693771,34.806480,279.600006 -82.693771,34.806480,279.600006 -82.693771,34.806480,279.600006 -82.693771,34.806480,279.600006 -82.693771,34.806484,279.600006 -82.693771,34.806484,279.600006 -82.693771,34.806484,279.600006 -82.693771,34.806484,279.600006 -82.693771,34.806484,279.600006 -82.693771,34.806484,279.600006 -82.693771,34.806484,279.500000 -82.693771,34.806484,279.500000 -82.693771,34.806484,279.500000 -82.693771,34.806484,279.500000 -82.693771,34.806484,279.500000 -82.693771,34.806484,279.399994 -82.693771,34.806484,279.500000 -82.693764,34.806484,279.399994 -82.693764,34.806484,279.399994 -82.693764,34.806484,279.399994 -82.693764,34.806484,279.399994 -82.693764,34.806484,279.399994 -82.693764,34.806484,279.399994 -82.693764,34.806484,279.399994 -82.693764,34.806484,279.399994 -82.693764,34.806484,279.399994 -82.693764,34.806484,279.399994 -82.693764,34.806484,279.399994 -82.693764,34.806484,279.299988 -82.693764,34.806484,279.200012 -82.693764,34.806484,279.200012 -82.693764,34.806484,279.200012 -82.693771,34.806484,279.299988 -82.693771,34.806484,279.299988 -82.693771,34.806484,279.500000 -82.693764,34.806484,279.600006 -82.693764,34.806484,279.799988 -82.693771,34.806484,279.299988 -82.693771,34.806484,279.399994 -82.693771,34.806484,279.399994 -82.693771,34.806484,279.399994 -82.693771,34.806484,279.500000 -82.693771,34.806484,279.500000 -82.693771,34.806484,279.500000 -82.693771,34.806484,279.600006 -82.693771,34.806484,279.600006 -82.693771,34.806484,279.600006 -82.693771,34.806484,279.600006 -82.693771,34.806484,279.600006 -82.693771,34.806484,279.700012 -82.693771,34.806484,279.799988 -82.693771,34.806484,279.899994 -82.693771,34.806484,280.000000 -82.693771,34.806484,279.799988 -82.693771,34.806488,279.700012 -82.693771,34.806488,279.500000 -82.693771,34.806488,279.600006 -82.693771,34.806492,279.399994 -82.693771,34.806492,279.200012 -82.693771,34.806492,279.299988 -82.693771,34.806492,279.299988 -82.693771,34.806492,279.299988 -82.693771,34.806492,279.299988 -82.693771,34.806492,279.200012 -82.693771,34.806492,279.200012 -82.693771,34.806492,279.399994 -82.693771,34.806492,279.200012 -82.693771,34.806492,279.000000 -82.693771,34.806492,279.000000 -82.693771,34.806492,279.000000 -82.693771,34.806492,279.100006 -82.693771,34.806492,279.200012 -82.693771,34.806496,279.200012 -82.693771,34.806496,279.000000 -82.693771,34.806496,278.899994 -82.693771,34.806496,278.799988 -82.693764,34.806496,278.700012 -82.693764,34.806496,278.600006 -82.693764,34.806496,278.500000 -82.693764,34.806496,278.500000 -82.693764,34.806496,278.399994 -82.693764,34.806496,278.200012 -82.693764,34.806499,278.100006 -82.693764,34.806499,278.100006 -82.693764,34.806499,277.899994 -82.693764,34.806499,277.899994 -82.693764,34.806496,277.899994 -82.693764,34.806499,277.799988 -82.693764,34.806499,277.700012 -82.693764,34.806499,277.600006 -82.693764,34.806499,277.600006 -82.693764,34.806499,277.600006 -82.693764,34.806499,277.500000 -82.693764,34.806499,277.500000 -82.693764,34.806499,277.600006 -82.693764,34.806496,277.500000 -82.693764,34.806496,277.500000 -82.693764,34.806496,277.500000 -82.693764,34.806496,277.500000 -82.693764,34.806496,277.500000 -82.693764,34.806496,277.600006 -82.693764,34.806496,277.700012 -82.693764,34.806496,277.700012 -82.693764,34.806496,277.700012 -82.693756,34.806496,277.799988 -82.693756,34.806496,277.799988 -82.693756,34.806496,277.799988 -82.693756,34.806496,277.799988 -82.693756,34.806496,277.799988 -82.693756,34.806496,277.799988 -82.693756,34.806492,277.700012 -82.693756,34.806492,277.700012 -82.693756,34.806492,277.700012 -82.693756,34.806492,277.700012 -82.693756,34.806492,277.700012 -82.693756,34.806492,277.700012 -82.693756,34.806496,277.700012 -82.693756,34.806496,277.700012 -82.693756,34.806496,277.700012 -82.693756,34.806492,277.700012 -82.693756,34.806492,277.600006 -82.693756,34.806492,277.600006 -82.693756,34.806492,277.500000 -82.693756,34.806492,277.500000 -82.693756,34.806492,277.399994 -82.693756,34.806492,277.399994 -82.693756,34.806492,277.299988 -82.693756,34.806492,277.299988 -82.693756,34.806492,277.200012 -82.693756,34.806492,277.200012 -82.693756,34.806492,277.200012 -82.693756,34.806492,277.100006 -82.693756,34.806492,277.100006 -82.693756,34.806496,277.100006 -82.693756,34.806496,277.100006 -82.693756,34.806496,277.100006 -82.693756,34.806496,277.100006 -82.693756,34.806496,277.000000 -82.693756,34.806496,277.000000 -82.693756,34.806496,277.000000 -82.693756,34.806496,277.000000 -82.693756,34.806496,277.000000 -82.693756,34.806496,277.000000 -82.693756,34.806496,277.000000 -82.693756,34.806496,277.000000 -82.693756,34.806499,277.000000 -82.693756,34.806499,277.000000 -82.693756,34.806499,277.000000 -82.693756,34.806499,277.000000 -82.693756,34.806499,277.000000 -82.693756,34.806499,277.000000 -82.693756,34.806499,277.000000 -82.693756,34.806499,277.000000 -82.693756,34.806499,277.100006 -82.693756,34.806499,277.100006 -82.693756,34.806499,277.100006 -82.693756,34.806499,277.100006 -82.693756,34.806499,277.100006 -82.693756,34.806499,277.200012 -82.693756,34.806499,277.200012 -82.693756,34.806499,277.200012 -82.693756,34.806499,277.299988 -82.693756,34.806499,277.399994 -82.693756,34.806499,277.500000 -82.693756,34.806499,277.500000 -82.693756,34.806499,277.500000 -82.693756,34.806499,277.600006 -82.693756,34.806499,277.600006 -82.693756,34.806499,277.600006 -82.693764,34.806499,277.600006 -82.693764,34.806499,277.700012 -82.693764,34.806499,277.700012 -82.693764,34.806499,277.700012 -82.693764,34.806499,277.700012 -82.693764,34.806499,277.700012 -82.693764,34.806499,277.799988 -82.693764,34.806499,277.799988 -82.693764,34.806499,277.799988 -82.693764,34.806499,277.899994 -82.693764,34.806499,277.899994 -82.693764,34.806499,277.899994 -82.693764,34.806496,278.000000 -82.693764,34.806496,278.000000 -82.693764,34.806496,278.000000 -82.693764,34.806496,278.000000 -82.693764,34.806496,278.000000 -82.693764,34.806496,278.000000 -82.693764,34.806496,278.000000 -82.693764,34.806496,278.000000 -82.693764,34.806496,278.000000 -82.693764,34.806496,277.899994 -82.693764,34.806496,277.899994 -82.693764,34.806496,277.799988 -82.693764,34.806496,277.899994 -82.693764,34.806496,277.899994 -82.693764,34.806496,277.899994 -82.693764,34.806496,277.899994 -82.693764,34.806496,277.899994 -82.693764,34.806496,277.899994 -82.693764,34.806496,277.899994 -82.693764,34.806496,277.799988 -82.693764,34.806496,277.700012 -82.693764,34.806496,277.600006 -82.693764,34.806492,277.500000 -82.693764,34.806492,277.500000 -82.693764,34.806492,277.399994 -82.693764,34.806492,277.399994 -82.693764,34.806492,277.399994 -82.693764,34.806492,277.299988 -82.693764,34.806492,277.299988 -82.693764,34.806492,277.299988 -82.693764,34.806492,277.399994 -82.693764,34.806492,277.299988 -82.693764,34.806492,277.299988 -82.693764,34.806492,277.200012 -82.693764,34.806492,277.200012 -82.693764,34.806492,277.200012 -82.693764,34.806492,277.200012 -82.693764,34.806492,277.200012 -82.693764,34.806492,277.200012 -82.693764,34.806492,277.299988 -82.693764,34.806492,277.200012 -82.693764,34.806492,277.200012 -82.693764,34.806492,277.299988 -82.693764,34.806488,277.200012 -82.693764,34.806488,277.200012 -82.693764,34.806488,277.200012 -82.693764,34.806484,277.200012 -82.693764,34.806484,277.200012 -82.693764,34.806484,277.200012 -82.693764,34.806484,277.200012 -82.693764,34.806484,277.200012 -82.693764,34.806484,277.100006 -82.693764,34.806484,277.100006 -82.693764,34.806484,277.100006 -82.693764,34.806484,277.100006 -82.693764,34.806484,277.100006 -82.693764,34.806484,277.100006 -82.693764,34.806484,277.100006 -82.693764,34.806484,277.100006 -82.693764,34.806484,277.000000 -82.693764,34.806484,277.000000 -82.693764,34.806484,277.000000 -82.693764,34.806484,277.000000 -82.693764,34.806484,277.000000 -82.693764,34.806484,277.000000 -82.693771,34.806480,277.000000 -82.693771,34.806480,277.000000 -82.693771,34.806480,277.000000 -82.693771,34.806480,277.000000 -82.693771,34.806480,277.000000 -82.693771,34.806480,277.000000 -82.693771,34.806480,276.899994 -82.693771,34.806480,276.899994 -82.693771,34.806480,277.000000 -82.693771,34.806480,277.000000 -82.693771,34.806480,276.899994 -82.693771,34.806477,276.899994 -82.693771,34.806477,276.899994 -82.693771,34.806480,276.899994 -82.693771,34.806480,276.899994 -82.693771,34.806480,276.899994 -82.693771,34.806480,276.899994 -82.693771,34.806480,276.899994 -82.693771,34.806480,276.899994 -82.693771,34.806480,276.899994 -82.693771,34.806480,276.899994 -82.693771,34.806480,276.899994 -82.693771,34.806480,276.899994 -82.693771,34.806480,276.799988 -82.693771,34.806480,276.799988 -82.693771,34.806480,276.799988 -82.693771,34.806480,276.799988 -82.693771,34.806480,276.799988 -82.693771,34.806480,276.799988 -82.693764,34.806480,276.700012 -82.693764,34.806480,276.700012 -82.693764,34.806480,276.700012 -82.693764,34.806484,276.600006 -82.693764,34.806484,276.600006 -82.693764,34.806484,276.600006 -82.693764,34.806484,276.600006 -82.693764,34.806484,276.600006 -82.693764,34.806484,276.600006 -82.693764,34.806484,276.500000 -82.693764,34.806484,276.500000 -82.693764,34.806484,276.500000 -82.693764,34.806484,276.500000 -82.693764,34.806484,276.399994 -82.693764,34.806484,276.399994 -82.693764,34.806484,276.399994 -82.693764,34.806484,276.399994 -82.693764,34.806484,276.399994 -82.693764,34.806484,276.399994 -82.693764,34.806484,276.399994 -82.693764,34.806484,276.399994 -82.693764,34.806484,276.500000 -82.693764,34.806484,276.500000 -82.693764,34.806484,276.500000 -82.693764,34.806484,276.500000 -82.693764,34.806488,276.500000 -82.693764,34.806488,276.500000 -82.693764,34.806488,276.600006 -82.693764,34.806488,276.600006 -82.693764,34.806488,276.600006 -82.693764,34.806488,276.600006 -82.693764,34.806488,276.600006 -82.693764,34.806488,276.600006 -82.693764,34.806488,276.600006 -82.693764,34.806488,276.700012 -82.693764,34.806488,276.600006 -82.693764,34.806488,276.700012 -82.693764,34.806488,276.700012 -82.693764,34.806488,276.700012 -82.693764,34.806488,276.700012 -82.693764,34.806488,276.700012 -82.693764,34.806488,276.700012 -82.693764,34.806488,276.700012 -82.693764,34.806488,276.700012 -82.693764,34.806488,276.799988 -82.693764,34.806488,276.799988 -82.693764,34.806488,276.799988 -82.693764,34.806488,276.799988 -82.693764,34.806492,276.799988 -82.693764,34.806492,276.799988 -82.693764,34.806492,276.799988 -82.693764,34.806492,276.799988 -82.693764,34.806492,276.799988 -82.693764,34.806492,276.899994 -82.693764,34.806492,276.899994 -82.693764,34.806492,276.899994 -82.693764,34.806492,276.899994 -82.693764,34.806492,276.899994 -82.693764,34.806492,276.899994 -82.693764,34.806492,276.899994 -82.693764,34.806492,276.899994 -82.693764,34.806492,277.000000 -82.693764,34.806492,277.000000 -82.693764,34.806492,277.000000 -82.693764,34.806492,277.000000 -82.693764,34.806492,277.000000 -82.693764,34.806492,277.000000 -82.693764,34.806492,277.000000 -82.693764,34.806492,277.000000 -82.693764,34.806492,277.000000 -82.693764,34.806492,277.100006 -82.693764,34.806492,277.100006 -82.693764,34.806492,277.100006 -82.693764,34.806492,277.100006 -82.693764,34.806492,277.100006 -82.693764,34.806492,277.100006 -82.693764,34.806492,277.100006 -82.693764,34.806492,277.100006 -82.693764,34.806492,277.100006 -82.693764,34.806492,277.100006 -82.693764,34.806492,277.100006 -82.693764,34.806492,277.100006 -82.693764,34.806492,277.100006 -82.693764,34.806492,277.100006 -82.693764,34.806492,277.100006 -82.693764,34.806492,277.100006 -82.693764,34.806492,277.100006 -82.693764,34.806492,277.200012 -82.693764,34.806492,277.200012 -82.693764,34.806492,277.200012 -82.693764,34.806492,277.200012 -82.693764,34.806492,277.200012 -82.693764,34.806492,277.200012 -82.693764,34.806492,277.200012 -82.693764,34.806492,277.200012 -82.693764,34.806492,277.200012 -82.693764,34.806492,277.200012 -82.693764,34.806492,277.200012 -82.693771,34.806492,277.200012 -82.693771,34.806496,277.200012 -82.693771,34.806496,277.200012 -82.693771,34.806496,277.100006 -82.693771,34.806496,277.100006 -82.693771,34.806496,277.100006 -82.693771,34.806496,277.100006 -82.693771,34.806496,277.100006 -82.693771,34.806496,277.100006 -82.693771,34.806496,277.100006 -82.693771,34.806496,277.000000 -82.693771,34.806496,277.000000 -82.693771,34.806496,277.000000 -82.693771,34.806496,277.000000 -82.693771,34.806496,277.000000 -82.693771,34.806496,277.000000 -82.693771,34.806496,277.000000 -82.693771,34.806496,276.899994 -82.693771,34.806496,276.899994 -82.693771,34.806496,276.899994 -82.693771,34.806496,276.799988 -82.693771,34.806496,276.799988 -82.693771,34.806496,276.700012 -82.693771,34.806496,276.700012 -82.693771,34.806496,276.700012 -82.693771,34.806496,276.700012 -82.693771,34.806499,276.700012 -82.693771,34.806499,276.600006 -82.693771,34.806499,276.500000 -82.693771,34.806499,276.500000 -82.693771,34.806499,276.399994 -82.693771,34.806499,276.399994 -82.693771,34.806499,276.299988 -82.693771,34.806499,276.299988 -82.693771,34.806499,276.299988 -82.693771,34.806499,276.200012 -82.693771,34.806499,276.200012 -82.693771,34.806499,276.200012 -82.693771,34.806499,276.200012 -82.693771,34.806499,276.100006 -82.693771,34.806499,276.100006 -82.693771,34.806499,276.000000 -82.693771,34.806499,276.000000 -82.693771,34.806499,276.000000 -82.693771,34.806503,276.000000 -82.693771,34.806503,276.000000 -82.693771,34.806503,276.000000 -82.693771,34.806503,276.000000 -82.693771,34.806503,276.000000 -82.693771,34.806503,276.000000 -82.693771,34.806503,276.000000 -82.693771,34.806503,276.000000 -82.693771,34.806503,276.000000 -82.693771,34.806503,276.100006 -82.693771,34.806503,276.100006 -82.693771,34.806503,276.000000 -82.693771,34.806503,276.100006 -82.693771,34.806503,276.100006 -82.693771,34.806503,276.100006 -82.693771,34.806503,276.100006 -82.693771,34.806503,276.200012 -82.693771,34.806503,276.200012 -82.693771,34.806503,276.200012 -82.693771,34.806503,276.299988 -82.693771,34.806503,276.299988 -82.693771,34.806503,276.299988 -82.693771,34.806503,276.299988 -82.693771,34.806503,276.399994 -82.693771,34.806503,276.399994 -82.693771,34.806503,276.399994 -82.693771,34.806503,276.399994 -82.693771,34.806503,276.299988 -82.693771,34.806503,276.299988 -82.693771,34.806503,276.299988 -82.693771,34.806503,276.200012 -82.693771,34.806503,276.200012 -82.693771,34.806503,276.200012 -82.693771,34.806503,276.200012 -82.693771,34.806503,276.200012 -82.693771,34.806503,276.200012 -82.693771,34.806503,276.200012 -82.693771,34.806503,276.100006 -82.693771,34.806503,276.100006 -82.693771,34.806503,276.100006 -82.693771,34.806503,276.100006 -82.693771,34.806503,276.100006 -82.693771,34.806503,276.100006 -82.693771,34.806503,276.100006 -82.693771,34.806503,276.200012 -82.693771,34.806503,276.200012 -82.693771,34.806503,276.200012 -82.693771,34.806503,276.200012 -82.693771,34.806503,276.299988 -82.693771,34.806503,276.299988 -82.693771,34.806503,276.399994 -82.693771,34.806503,276.399994 -82.693771,34.806503,276.399994 -82.693771,34.806503,276.500000 -82.693771,34.806503,276.500000 -82.693771,34.806503,276.600006 -82.693771,34.806503,276.600006 -82.693771,34.806503,276.600006 -82.693771,34.806503,276.700012 -82.693771,34.806503,276.700012 -82.693771,34.806507,276.799988 -82.693764,34.806507,276.799988 -82.693764,34.806507,276.899994 -82.693764,34.806507,277.000000 -82.693764,34.806507,277.000000 -82.693764,34.806507,277.100006 -82.693764,34.806507,277.100006 -82.693764,34.806507,277.200012 -82.693764,34.806507,277.200012 -82.693764,34.806507,277.200012 -82.693764,34.806507,277.200012 -82.693764,34.806507,277.200012 -82.693764,34.806507,277.299988 -82.693764,34.806507,277.299988 -82.693764,34.806503,277.299988 -82.693764,34.806503,277.299988 -82.693764,34.806503,277.299988 -82.693764,34.806503,277.399994 -82.693764,34.806503,277.399994 -82.693764,34.806503,277.399994 -82.693764,34.806503,277.500000 -82.693764,34.806503,277.500000 -82.693764,34.806503,277.500000 -82.693764,34.806503,277.500000 -82.693764,34.806503,277.600006 -82.693764,34.806503,277.600006 -82.693764,34.806503,277.600006 -82.693764,34.806503,277.600006 -82.693764,34.806503,277.700012 -82.693764,34.806503,277.700012 -82.693764,34.806503,277.700012 -82.693764,34.806503,277.700012 -82.693764,34.806503,277.799988 -82.693764,34.806503,277.799988 -82.693764,34.806503,277.799988 -82.693764,34.806503,277.799988 -82.693764,34.806503,277.799988 -82.693764,34.806503,277.899994 -82.693764,34.806503,277.899994 -82.693764,34.806503,277.899994 -82.693764,34.806503,277.899994 -82.693764,34.806503,278.000000 -82.693764,34.806503,278.000000 -82.693771,34.806503,278.000000 -82.693771,34.806503,278.000000 -82.693764,34.806503,278.100006 -82.693771,34.806503,278.100006 -82.693764,34.806503,278.100006 -82.693771,34.806503,278.100006 -82.693771,34.806503,278.100006 -82.693771,34.806503,278.100006 -82.693771,34.806503,278.100006 -82.693771,34.806503,278.100006 -82.693771,34.806503,278.100006 -82.693771,34.806503,278.100006 -82.693771,34.806503,278.200012 -82.693771,34.806503,278.200012 -82.693771,34.806503,278.200012 -82.693771,34.806503,278.200012 -82.693771,34.806503,278.200012 -82.693771,34.806503,278.200012 -82.693771,34.806503,278.200012 -82.693771,34.806503,278.200012 -82.693771,34.806503,278.200012 -82.693771,34.806503,278.200012 -82.693771,34.806503,278.200012 -82.693771,34.806503,278.200012 -82.693771,34.806503,278.100006 -82.693771,34.806503,278.100006 -82.693771,34.806503,278.000000 -82.693771,34.806503,278.000000 -82.693771,34.806503,278.000000 -82.693771,34.806503,277.899994 -82.693771,34.806503,277.899994 -82.693771,34.806503,277.799988 -82.693771,34.806503,277.799988 -82.693771,34.806503,277.700012 -82.693771,34.806503,277.700012 -82.693771,34.806503,277.700012 -82.693771,34.806503,277.600006 -82.693771,34.806503,277.600006 -82.693771,34.806503,277.600006 -82.693771,34.806503,277.500000 -82.693771,34.806503,277.500000 -82.693771,34.806503,277.500000 -82.693771,34.806503,277.500000 -82.693771,34.806503,277.500000 -82.693771,34.806503,277.500000 -82.693771,34.806503,277.399994 -82.693771,34.806503,277.399994 -82.693771,34.806503,277.399994 -82.693771,34.806503,277.299988 -82.693771,34.806503,277.299988 -82.693779,34.806503,277.299988 -82.693779,34.806503,277.200012 -82.693779,34.806503,277.200012 -82.693779,34.806503,277.200012 -82.693771,34.806503,277.299988 -82.693771,34.806503,277.299988 -82.693771,34.806503,277.299988 -82.693771,34.806503,277.299988 -82.693771,34.806503,277.200012 -82.693771,34.806507,277.200012 -82.693771,34.806507,277.200012 -82.693771,34.806507,277.200012 -82.693771,34.806507,277.200012 -82.693771,34.806507,277.200012 -82.693771,34.806507,277.200012 -82.693771,34.806507,277.299988 -82.693771,34.806507,277.299988 -82.693771,34.806507,277.299988 -82.693771,34.806507,277.299988 -82.693771,34.806507,277.299988 -82.693771,34.806507,277.299988 -82.693771,34.806507,277.299988 -82.693771,34.806507,277.299988 -82.693771,34.806507,277.299988 -82.693771,34.806507,277.299988 -82.693771,34.806507,277.299988 -82.693771,34.806507,277.299988 -82.693771,34.806507,277.299988 -82.693771,34.806507,277.200012 -82.693771,34.806507,277.200012 -82.693771,34.806507,277.200012 -82.693771,34.806507,277.100006 -82.693771,34.806507,277.100006 -82.693771,34.806507,277.000000 -82.693779,34.806507,277.000000 -82.693771,34.806507,277.000000 -82.693779,34.806507,277.000000 -82.693779,34.806511,276.899994 -82.693779,34.806511,276.899994 -82.693779,34.806511,276.799988 -82.693779,34.806511,276.799988 -82.693779,34.806511,276.799988 -82.693779,34.806511,276.700012 -82.693779,34.806511,276.799988 -82.693771,34.806511,276.799988 -82.693771,34.806511,276.799988 -82.693771,34.806511,276.799988 -82.693771,34.806511,276.799988 -82.693771,34.806511,276.799988 -82.693771,34.806511,276.799988 -82.693771,34.806511,276.799988 -82.693771,34.806511,276.799988 -82.693771,34.806511,276.799988 -82.693771,34.806515,276.799988 -82.693771,34.806515,276.899994 -82.693771,34.806515,276.899994 -82.693771,34.806515,277.000000 -82.693771,34.806515,277.000000 -82.693771,34.806515,277.000000 -82.693771,34.806515,277.100006 -82.693771,34.806515,277.100006 -82.693771,34.806515,277.100006 -82.693771,34.806515,277.100006 -82.693771,34.806515,277.000000 -82.693771,34.806515,277.000000 -82.693771,34.806515,277.000000 -82.693771,34.806515,277.000000 -82.693771,34.806515,277.000000 -82.693771,34.806515,277.000000 -82.693771,34.806515,277.000000 -82.693771,34.806515,277.000000 -82.693771,34.806515,277.000000 -82.693771,34.806515,277.000000 -82.693771,34.806515,277.000000 -82.693771,34.806515,277.000000 -82.693771,34.806515,277.000000 -82.693771,34.806515,277.000000 -82.693771,34.806515,277.000000 -82.693771,34.806515,277.000000 -82.693771,34.806515,277.000000 -82.693771,34.806515,277.000000 -82.693771,34.806515,277.000000 -82.693771,34.806515,277.000000 -82.693771,34.806515,277.000000 -82.693771,34.806515,277.000000 -82.693771,34.806515,277.000000 -82.693771,34.806515,277.000000 -82.693771,34.806519,277.000000 -82.693771,34.806519,277.000000 -82.693771,34.806519,277.000000 -82.693771,34.806519,277.000000 -82.693771,34.806519,277.000000 -82.693771,34.806519,277.000000 -82.693771,34.806519,277.000000 -82.693771,34.806519,277.100006 -82.693771,34.806519,277.100006 -82.693771,34.806519,277.100006 -82.693771,34.806519,277.100006 -82.693771,34.806519,277.100006 -82.693771,34.806519,277.100006 -82.693771,34.806519,277.100006 -82.693771,34.806519,277.100006 -82.693771,34.806519,277.100006 -82.693771,34.806519,277.100006 -82.693771,34.806519,277.200012 -82.693771,34.806519,277.200012 -82.693771,34.806519,277.200012 -82.693771,34.806519,277.200012 -82.693779,34.806519,277.200012 -82.693779,34.806519,277.100006 -82.693779,34.806519,277.100006 -82.693779,34.806519,277.100006 -82.693779,34.806519,277.100006 -82.693779,34.806519,277.000000 -82.693779,34.806519,277.000000 -82.693779,34.806519,277.000000 -82.693779,34.806519,276.899994 -82.693779,34.806519,276.899994 -82.693779,34.806519,276.899994 -82.693779,34.806519,276.799988 -82.693779,34.806519,276.799988 -82.693779,34.806519,276.799988 -82.693779,34.806519,276.799988 -82.693779,34.806519,276.700012 -82.693779,34.806519,276.700012 -82.693779,34.806519,276.700012 -82.693779,34.806519,276.700012 -82.693779,34.806519,276.600006 -82.693779,34.806519,276.600006 -82.693779,34.806519,276.600006 -82.693779,34.806519,276.500000 -82.693779,34.806519,276.500000 -82.693779,34.806519,276.500000 -82.693779,34.806519,276.500000 -82.693779,34.806519,276.500000 -82.693779,34.806519,276.399994 -82.693779,34.806519,276.399994 -82.693779,34.806519,276.399994 -82.693779,34.806519,276.399994 -82.693779,34.806519,276.399994 -82.693779,34.806519,276.399994 -82.693779,34.806519,276.399994 -82.693779,34.806519,276.299988 -82.693779,34.806522,276.299988 -82.693779,34.806519,276.299988 -82.693779,34.806519,276.299988 -82.693779,34.806519,276.299988 -82.693779,34.806519,276.299988 -82.693779,34.806519,276.200012 -82.693779,34.806522,276.200012 -82.693787,34.806522,276.200012 -82.693787,34.806522,276.200012 -82.693787,34.806522,276.100006 -82.693787,34.806522,276.100006 -82.693787,34.806522,276.200012 -82.693787,34.806522,276.200012 -82.693787,34.806522,276.100006 -82.693787,34.806522,276.100006 -82.693787,34.806522,276.100006 -82.693787,34.806522,276.000000 -82.693787,34.806522,276.000000 -82.693787,34.806522,276.000000 -82.693787,34.806522,276.000000 -82.693787,34.806522,276.000000 -82.693787,34.806522,276.000000 -82.693787,34.806522,276.000000 -82.693787,34.806522,276.000000 -82.693787,34.806519,276.000000 -82.693787,34.806519,276.000000 -82.693787,34.806519,276.000000 -82.693787,34.806519,276.000000 -82.693787,34.806519,276.100006 -82.693787,34.806519,276.100006 -82.693787,34.806519,276.100006 -82.693787,34.806519,276.200012 -82.693787,34.806519,276.200012 -82.693787,34.806519,276.200012 -82.693787,34.806519,276.299988 -82.693787,34.806519,276.299988 -82.693787,34.806519,276.299988 -82.693787,34.806519,276.399994 -82.693787,34.806519,276.399994 -82.693787,34.806519,276.500000 -82.693787,34.806519,276.600006 -82.693787,34.806519,276.600006 -82.693787,34.806519,276.700012 -82.693787,34.806519,276.700012 -82.693787,34.806519,276.799988 -82.693779,34.806519,276.799988 -82.693779,34.806519,276.799988 -82.693779,34.806519,276.899994 -82.693779,34.806515,276.899994 -82.693779,34.806515,276.899994 -82.693779,34.806515,277.000000 -82.693779,34.806515,277.000000 -82.693779,34.806515,277.100006 -82.693779,34.806515,277.100006 -82.693779,34.806515,277.100006 -82.693779,34.806515,277.100006 -82.693779,34.806515,277.200012 -82.693779,34.806515,277.200012 -82.693779,34.806515,277.200012 -82.693779,34.806515,277.200012 -82.693779,34.806515,277.200012 -82.693779,34.806515,277.200012 -82.693779,34.806515,277.299988 -82.693779,34.806515,277.299988 -82.693779,34.806515,277.399994 -82.693779,34.806515,277.500000 -82.693779,34.806515,277.500000 -82.693779,34.806515,277.500000 -82.693779,34.806515,277.600006 -82.693779,34.806515,277.500000 -82.693779,34.806515,277.600006 -82.693779,34.806515,277.600006 -82.693779,34.806515,277.600006 -82.693779,34.806515,277.600006 -82.693779,34.806515,277.700012 -82.693779,34.806515,277.700012 -82.693779,34.806515,277.700012 -82.693779,34.806515,277.799988 -82.693779,34.806515,277.799988 -82.693779,34.806515,277.799988 -82.693779,34.806515,277.799988 -82.693779,34.806515,277.799988 -82.693779,34.806515,277.899994 -82.693779,34.806515,277.899994 -82.693779,34.806515,278.000000 -82.693779,34.806515,278.000000 -82.693779,34.806515,278.100006 -82.693779,34.806515,278.100006 -82.693779,34.806515,278.200012 -82.693779,34.806515,278.200012 -82.693779,34.806515,278.200012 -82.693779,34.806511,278.299988 -82.693779,34.806511,278.299988 -82.693779,34.806511,278.399994 -82.693779,34.806511,278.399994 -82.693779,34.806511,278.500000 -82.693779,34.806511,278.500000 -82.693779,34.806511,278.500000 -82.693779,34.806511,278.600006 -82.693779,34.806511,278.600006 -82.693779,34.806511,278.600006 -82.693779,34.806511,278.700012 -82.693779,34.806511,278.700012 -82.693779,34.806511,278.799988 -82.693771,34.806511,278.899994 -82.693771,34.806511,278.899994 -82.693771,34.806511,279.000000 -82.693771,34.806511,279.100006 -82.693771,34.806511,279.100006 -82.693771,34.806511,279.200012 -82.693771,34.806511,279.299988 -82.693771,34.806511,279.399994 -82.693771,34.806511,279.399994 -82.693771,34.806511,279.500000 -82.693771,34.806511,279.500000 -82.693771,34.806511,279.500000 -82.693771,34.806507,279.500000 -82.693771,34.806507,279.500000 -82.693771,34.806507,279.500000 -82.693771,34.806507,279.500000 -82.693771,34.806507,279.600006 -82.693771,34.806507,279.600006 -82.693771,34.806507,279.600006 -82.693779,34.806507,279.500000 -82.693779,34.806507,279.500000 -82.693779,34.806507,279.500000 -82.693779,34.806507,279.500000 -82.693779,34.806507,279.600006 -82.693779,34.806507,279.600006 -82.693779,34.806507,279.600006 -82.693779,34.806507,279.600006 -82.693779,34.806507,279.600006 -82.693779,34.806507,279.600006 -82.693779,34.806503,279.600006 -82.693779,34.806503,279.700012 -82.693779,34.806503,279.700012 -82.693779,34.806503,279.700012 -82.693779,34.806503,279.799988 -82.693779,34.806503,279.799988 -82.693779,34.806503,279.899994 -82.693779,34.806503,279.899994 -82.693779,34.806503,280.000000 -82.693779,34.806499,280.200012 -82.693779,34.806499,280.200012 -82.693779,34.806499,280.200012 -82.693779,34.806499,280.299988 -82.693779,34.806499,280.299988 -82.693779,34.806499,280.200012 -82.693779,34.806499,280.299988 -82.693779,34.806499,280.299988 -82.693779,34.806499,280.299988 -82.693779,34.806499,280.399994 -82.693779,34.806499,280.299988 -82.693779,34.806499,280.299988 -82.693779,34.806499,280.399994 -82.693779,34.806499,280.299988 -82.693787,34.806499,280.299988 -82.693787,34.806499,280.299988 -82.693787,34.806499,280.299988 -82.693787,34.806499,280.399994 -82.693787,34.806499,280.299988 -82.693787,34.806496,281.100006 -82.693787,34.806492,281.299988 -82.693787,34.806488,281.500000 -82.693779,34.806477,281.799988 -82.693779,34.806473,281.799988 -82.693779,34.806469,281.600006 -82.693779,34.806461,281.299988 -82.693779,34.806461,281.799988 -82.693779,34.806458,282.200012 -82.693771,34.806450,281.799988 -82.693779,34.806446,281.700012 -82.693779,34.806442,281.600006 -82.693779,34.806442,281.600006 -82.693779,34.806438,281.600006 -82.693779,34.806435,281.700012 -82.693779,34.806435,281.600006 -82.693779,34.806435,281.399994 -82.693787,34.806427,281.700012 -82.693787,34.806423,281.700012 -82.693787,34.806419,281.600006 -82.693787,34.806419,281.799988 -82.693787,34.806419,281.799988 -82.693794,34.806412,281.899994 -82.693794,34.806404,282.500000 -82.693787,34.806404,282.299988 -82.693787,34.806400,282.500000 -82.693787,34.806404,282.700012 -82.693787,34.806396,282.799988 -82.693787,34.806393,282.799988 -82.693779,34.806389,282.899994 -82.693779,34.806385,282.700012 -82.693779,34.806381,282.799988 -82.693779,34.806381,282.899994 -82.693787,34.806381,282.000000 -82.693787,34.806389,281.700012 -82.693787,34.806393,281.600006 -82.693779,34.806389,281.500000 -82.693779,34.806389,281.399994 -82.693787,34.806385,281.299988 -82.693787,34.806381,281.700012 -82.693787,34.806377,281.500000 -82.693787,34.806370,281.299988 -82.693787,34.806366,281.200012 -82.693794,34.806362,281.000000 -82.693794,34.806355,280.700012 -82.693794,34.806351,281.200012 -82.693794,34.806339,281.500000 -82.693794,34.806335,281.000000 -82.693794,34.806332,281.100006 -82.693794,34.806328,281.399994 -82.693794,34.806324,281.399994 -82.693794,34.806320,281.399994 -82.693802,34.806320,281.600006 -82.693794,34.806316,281.600006 -82.693794,34.806324,281.500000 -82.693794,34.806328,281.500000 -82.693794,34.806320,281.600006 -82.693794,34.806324,281.600006 -82.693794,34.806328,281.600006 -82.693794,34.806324,281.600006 -82.693794,34.806316,281.600006 -82.693787,34.806316,281.500000 -82.693779,34.806320,281.500000 -82.693779,34.806316,281.500000 -82.693779,34.806316,281.500000 -82.693787,34.806316,281.399994 -82.693794,34.806305,281.399994 -82.693794,34.806286,281.200012 -82.693794,34.806274,281.399994 -82.693794,34.806263,281.200012 -82.693802,34.806252,280.799988 -82.693810,34.806244,280.600006 -82.693817,34.806236,280.399994 -82.693810,34.806236,280.700012 -82.693817,34.806229,280.899994 -82.693817,34.806221,281.000000 -82.693817,34.806217,280.100006 -82.693810,34.806221,280.000000 -82.693817,34.806221,279.700012 -82.693817,34.806217,279.600006 -82.693817,34.806217,279.500000 -82.693817,34.806213,279.700012 -82.693817,34.806210,279.899994 -82.693810,34.806210,279.799988 -82.693810,34.806198,280.399994 -82.693802,34.806194,280.000000 -82.693802,34.806190,280.000000 -82.693802,34.806187,280.200012 -82.693794,34.806183,280.200012 -82.693802,34.806179,280.299988 -82.693802,34.806171,280.500000 -82.693802,34.806168,280.399994 -82.693810,34.806156,281.000000 -82.693810,34.806145,281.200012 -82.693810,34.806137,281.299988 -82.693810,34.806126,281.600006 -82.693810,34.806122,281.899994 -82.693810,34.806110,281.799988 -82.693810,34.806107,282.000000 -82.693810,34.806099,282.100006 -82.693810,34.806095,281.700012 -82.693810,34.806091,281.500000 -82.693802,34.806091,281.700012 -82.693802,34.806091,281.500000 -82.693802,34.806091,281.299988 -82.693802,34.806091,281.399994 -82.693810,34.806091,281.500000 -82.693802,34.806091,281.500000 -82.693802,34.806099,281.500000 -82.693802,34.806103,281.100006 -82.693802,34.806099,280.899994 -82.693802,34.806099,281.000000 -82.693802,34.806099,281.000000 -82.693810,34.806099,281.299988 -82.693810,34.806099,281.399994 -82.693810,34.806099,281.700012 -82.693810,34.806103,281.700012 -82.693802,34.806103,282.000000 -82.693802,34.806103,282.399994 -82.693802,34.806103,282.299988 -82.693802,34.806103,282.200012 -82.693802,34.806103,282.399994 -82.693802,34.806103,282.399994 -82.693802,34.806107,282.399994 -82.693802,34.806107,282.399994 -82.693794,34.806103,282.399994 -82.693794,34.806103,282.399994 -82.693794,34.806103,282.299988 -82.693794,34.806103,282.299988 -82.693794,34.806103,282.100006 -82.693794,34.806103,282.000000 -82.693794,34.806103,281.899994 -82.693794,34.806103,281.799988 -82.693794,34.806103,281.700012 -82.693794,34.806103,281.600006 -82.693787,34.806099,281.500000 -82.693787,34.806099,281.299988 -82.693787,34.806099,281.299988 -82.693787,34.806099,281.200012 -82.693787,34.806099,281.100006 -82.693787,34.806099,281.000000 -82.693787,34.806099,280.899994 -82.693787,34.806099,280.899994 -82.693787,34.806099,280.799988 -82.693787,34.806099,280.700012 -82.693787,34.806099,280.700012 -82.693787,34.806099,280.600006 -82.693779,34.806099,280.600006 -82.693779,34.806099,280.500000 -82.693779,34.806099,280.399994 -82.693779,34.806099,280.399994 -82.693779,34.806099,280.299988 -82.693779,34.806099,280.299988 -82.693779,34.806099,280.200012 -82.693779,34.806095,280.200012 -82.693779,34.806095,280.200012 -82.693779,34.806095,280.100006 -82.693779,34.806095,280.000000 -82.693779,34.806095,280.000000 -82.693779,34.806095,279.899994 -82.693779,34.806095,279.899994 -82.693779,34.806095,279.799988 -82.693779,34.806095,279.799988 -82.693771,34.806095,279.700012 -82.693771,34.806095,279.700012 -82.693771,34.806095,279.600006 -82.693771,34.806095,279.600006 -82.693771,34.806095,279.500000 -82.693771,34.806095,279.500000 -82.693771,34.806095,279.399994 -82.693771,34.806095,279.399994 -82.693771,34.806095,279.399994 -82.693771,34.806095,279.299988 -82.693771,34.806095,279.299988 -82.693771,34.806095,279.299988 -82.693771,34.806095,279.299988 -82.693771,34.806095,279.200012 -82.693771,34.806095,279.200012 -82.693771,34.806095,279.200012 -82.693771,34.806095,279.200012 -82.693771,34.806095,279.200012 -82.693771,34.806095,279.200012 -82.693771,34.806095,279.100006 -82.693771,34.806095,279.100006 -82.693771,34.806095,279.100006 -82.693771,34.806095,279.100006 -82.693771,34.806095,279.100006 -82.693771,34.806095,279.100006 -82.693771,34.806095,279.100006 -82.693771,34.806095,279.000000 -82.693771,34.806095,279.000000 -82.693771,34.806095,278.899994 -82.693771,34.806095,278.899994 -82.693771,34.806095,278.899994 -82.693771,34.806095,278.799988 -82.693771,34.806095,278.799988 -82.693771,34.806095,278.700012 -82.693771,34.806095,278.700012 -82.693771,34.806095,278.700012 -82.693771,34.806095,278.600006 -82.693764,34.806095,278.600006 -82.693764,34.806095,278.600006 -82.693764,34.806095,278.600006 -82.693764,34.806095,278.600006 -82.693764,34.806095,278.500000 -82.693764,34.806091,278.500000 -82.693764,34.806091,278.500000 -82.693764,34.806091,278.500000 -82.693764,34.806091,278.500000 -82.693764,34.806091,278.500000 -82.693764,34.806091,278.500000 -82.693764,34.806091,278.500000 -82.693764,34.806091,278.500000 -82.693764,34.806091,278.600006 -82.693764,34.806091,278.600006 -82.693764,34.806091,278.600006 -82.693764,34.806091,278.600006 -82.693764,34.806091,278.600006 -82.693764,34.806091,278.600006 -82.693764,34.806091,278.600006 -82.693764,34.806091,278.600006 -82.693764,34.806091,278.700012 -82.693764,34.806091,278.600006 -82.693764,34.806091,278.600006 -82.693764,34.806091,278.600006 -82.693764,34.806091,278.700012 -82.693764,34.806091,278.700012 -82.693764,34.806091,278.799988 -82.693764,34.806091,279.000000 -82.693771,34.806091,279.100006 -82.693771,34.806091,279.299988 -82.693771,34.806091,279.299988 -82.693771,34.806091,279.399994 -82.693771,34.806091,279.600006 -82.693771,34.806091,279.700012 -82.693771,34.806091,279.799988 -82.693771,34.806091,279.899994 -82.693771,34.806091,279.899994 -82.693771,34.806091,280.000000 -82.693771,34.806091,280.100006 -82.693771,34.806091,280.200012 -82.693771,34.806091,280.200012 -82.693771,34.806091,280.299988 -82.693771,34.806091,280.299988 -82.693771,34.806091,280.399994 -82.693771,34.806091,280.299988 -82.693771,34.806091,280.200012 -82.693771,34.806091,280.200012 -82.693771,34.806091,280.100006 -82.693771,34.806091,279.899994 -82.693771,34.806091,279.700012 -82.693771,34.806091,279.500000 -82.693771,34.806091,279.399994 -82.693771,34.806091,279.299988 -82.693764,34.806091,279.200012 -82.693764,34.806087,279.100006 -82.693764,34.806087,279.000000 -82.693764,34.806087,278.899994 -82.693764,34.806087,278.799988 -82.693764,34.806087,278.700012 -82.693764,34.806087,278.700012 -82.693764,34.806087,278.600006 -82.693764,34.806087,278.500000 -82.693764,34.806087,278.500000 -82.693764,34.806087,278.500000 -82.693764,34.806087,278.399994 -82.693764,34.806087,278.399994 -82.693764,34.806087,278.299988 -82.693764,34.806087,278.200012 -82.693764,34.806087,278.200012 -82.693764,34.806087,278.200012 -82.693764,34.806087,278.100006 -82.693764,34.806087,278.100006 -82.693764,34.806087,278.000000 -82.693764,34.806087,278.000000 -82.693764,34.806087,278.000000 -82.693764,34.806084,277.899994 -82.693764,34.806084,277.899994 -82.693764,34.806084,277.899994 -82.693764,34.806084,277.899994 -82.693764,34.806084,277.899994 -82.693764,34.806084,277.899994 -82.693764,34.806084,277.899994 -82.693764,34.806084,277.899994 -82.693764,34.806084,277.899994 -82.693764,34.806084,278.000000 -82.693764,34.806084,278.000000 -82.693764,34.806084,278.000000 -82.693764,34.806084,278.000000 -82.693764,34.806084,278.000000 -82.693764,34.806084,278.000000 -82.693764,34.806084,278.100006 -82.693764,34.806084,278.100006 -82.693764,34.806084,278.100006 -82.693764,34.806084,278.100006 -82.693764,34.806084,278.200012 -82.693764,34.806084,278.200012 -82.693764,34.806084,278.299988 -82.693764,34.806084,278.299988 -82.693764,34.806084,278.399994 -82.693764,34.806084,278.500000 -82.693764,34.806084,278.600006 -82.693764,34.806084,278.600006 -82.693764,34.806084,278.700012 -82.693764,34.806084,278.799988 -82.693764,34.806084,278.899994 -82.693764,34.806084,278.899994 -82.693764,34.806084,278.799988 -82.693764,34.806084,278.799988 -82.693764,34.806084,278.799988 -82.693764,34.806084,278.799988 -82.693764,34.806084,278.799988 -82.693764,34.806084,278.799988 -82.693764,34.806084,278.799988 -82.693764,34.806084,278.799988 -82.693771,34.806084,278.799988 -82.693771,34.806084,278.799988 -82.693771,34.806084,278.899994 -82.693771,34.806084,278.899994 -82.693771,34.806084,278.899994 -82.693771,34.806084,278.899994 -82.693771,34.806084,278.899994 -82.693771,34.806084,278.899994 -82.693771,34.806084,278.899994 -82.693771,34.806084,279.000000 -82.693771,34.806084,279.000000 -82.693771,34.806080,279.100006 -82.693771,34.806084,279.200012 -82.693771,34.806084,279.200012 -82.693771,34.806084,279.200012 -82.693779,34.806084,279.200012 -82.693779,34.806084,279.200012 -82.693779,34.806084,279.200012 -82.693779,34.806084,279.200012 -82.693779,34.806084,279.200012 -82.693779,34.806084,279.100006 -82.693779,34.806084,279.100006 -82.693779,34.806084,279.100006 -82.693779,34.806084,279.100006 -82.693779,34.806084,279.100006 -82.693779,34.806084,279.100006 -82.693779,34.806080,279.000000 -82.693779,34.806080,279.000000 -82.693779,34.806080,279.000000 -82.693779,34.806080,279.000000 -82.693779,34.806080,279.000000 -82.693779,34.806080,279.000000 -82.693779,34.806080,278.899994 -82.693779,34.806080,278.899994 -82.693779,34.806080,278.899994 -82.693779,34.806080,278.899994 -82.693779,34.806080,278.899994 -82.693779,34.806080,278.899994 -82.693787,34.806080,278.799988 -82.693787,34.806080,278.799988 -82.693787,34.806080,278.799988 -82.693787,34.806080,278.799988 -82.693787,34.806080,278.799988 -82.693787,34.806080,278.700012 -82.693787,34.806080,278.700012 -82.693787,34.806080,278.700012 -82.693787,34.806080,278.600006 -82.693787,34.806080,278.600006 -82.693787,34.806080,278.600006 -82.693787,34.806080,278.600006 -82.693787,34.806080,278.600006 -82.693787,34.806080,278.600006 -82.693787,34.806080,278.500000 -82.693787,34.806080,278.500000 -82.693787,34.806080,278.500000 -82.693787,34.806080,278.299988 -82.693787,34.806080,278.399994 -82.693787,34.806080,278.299988 -82.693787,34.806080,278.299988 -82.693787,34.806080,278.299988 -82.693787,34.806080,278.299988 -82.693787,34.806080,278.299988 -82.693787,34.806080,278.299988 -82.693787,34.806080,278.299988 -82.693787,34.806080,278.299988 -82.693787,34.806080,278.299988 -82.693787,34.806080,278.299988 -82.693787,34.806080,278.200012 -82.693787,34.806080,278.200012 -82.693787,34.806080,278.200012 -82.693787,34.806080,278.200012 -82.693787,34.806080,278.200012 -82.693787,34.806080,278.200012 -82.693787,34.806080,278.200012 -82.693787,34.806080,278.200012 -82.693787,34.806080,278.100006 -82.693787,34.806080,278.100006 -82.693787,34.806080,278.100006 -82.693787,34.806080,278.100006 -82.693787,34.806080,278.000000 -82.693787,34.806080,278.000000 -82.693787,34.806080,278.100006 -82.693787,34.806080,278.100006 -82.693787,34.806080,278.100006 -82.693787,34.806080,278.000000 -82.693787,34.806080,278.000000 -82.693787,34.806080,278.000000 -82.693787,34.806080,277.899994 -82.693787,34.806080,277.899994 -82.693787,34.806080,277.899994 -82.693787,34.806080,277.899994 -82.693787,34.806080,277.799988 -82.693787,34.806080,277.799988 -82.693787,34.806080,277.799988 -82.693787,34.806080,277.799988 -82.693787,34.806080,277.799988 -82.693787,34.806080,277.799988 -82.693787,34.806080,277.700012 -82.693787,34.806080,277.700012 -82.693787,34.806080,277.700012 -82.693787,34.806080,277.700012 -82.693787,34.806080,277.700012 -82.693787,34.806080,277.700012 -82.693787,34.806080,277.700012 -82.693787,34.806080,277.700012 -82.693787,34.806080,277.700012 -82.693787,34.806080,277.600006 -82.693787,34.806080,277.600006 -82.693787,34.806080,277.600006 -82.693787,34.806080,277.500000 -82.693787,34.806080,277.500000 -82.693787,34.806080,277.500000 -82.693787,34.806080,277.399994 -82.693787,34.806080,277.399994 -82.693787,34.806080,277.399994 -82.693787,34.806084,277.399994 -82.693787,34.806084,277.399994 -82.693787,34.806084,277.399994 -82.693787,34.806084,277.399994 -82.693787,34.806084,277.399994 -82.693787,34.806084,277.399994 -82.693787,34.806084,277.500000 -82.693787,34.806084,277.399994 -82.693787,34.806084,277.399994 -82.693787,34.806084,277.399994 -82.693787,34.806084,277.399994 -82.693787,34.806084,277.399994 -82.693787,34.806084,277.399994 -82.693787,34.806084,277.399994 -82.693787,34.806084,277.299988 -82.693787,34.806084,277.299988 -82.693787,34.806084,277.299988 -82.693787,34.806084,277.299988 -82.693787,34.806084,277.299988 -82.693787,34.806084,277.299988 -82.693787,34.806084,277.299988 -82.693787,34.806084,277.399994 -82.693787,34.806084,277.399994 -82.693787,34.806084,277.500000 -82.693787,34.806084,277.500000 -82.693787,34.806084,277.500000 -82.693787,34.806084,277.500000 -82.693787,34.806084,277.600006 -82.693787,34.806084,277.700012 -82.693779,34.806084,277.700012 -82.693779,34.806084,277.799988 -82.693779,34.806084,277.799988 -82.693779,34.806084,277.799988 -82.693779,34.806084,277.799988 -82.693779,34.806084,277.799988 -82.693779,34.806084,277.799988 -82.693779,34.806084,277.700012 -82.693779,34.806084,277.700012 -82.693779,34.806084,277.700012 -82.693779,34.806084,277.700012 -82.693779,34.806084,277.700012 -82.693779,34.806084,277.600006 -82.693779,34.806084,277.700012 -82.693779,34.806084,277.700012 -82.693779,34.806084,277.700012 -82.693779,34.806080,277.700012 -82.693779,34.806080,277.600006 -82.693779,34.806080,277.600006 -82.693779,34.806080,277.600006 -82.693779,34.806080,277.600006 -82.693779,34.806080,277.600006 -82.693779,34.806080,277.600006 -82.693779,34.806080,277.600006 -82.693787,34.806080,277.600006 -82.693787,34.806080,277.600006 -82.693787,34.806080,277.600006 -82.693787,34.806080,277.600006 -82.693787,34.806080,277.600006 -82.693787,34.806080,277.600006 -82.693787,34.806080,277.500000 -82.693787,34.806080,277.500000 -82.693787,34.806080,277.500000 -82.693787,34.806080,277.500000 -82.693787,34.806080,277.500000 -82.693787,34.806080,277.600006 -82.693787,34.806080,277.600006 -82.693779,34.806080,277.600006 -82.693779,34.806080,277.600006 -82.693779,34.806080,277.600006 -82.693779,34.806080,277.600006 -82.693779,34.806080,277.700012 -82.693779,34.806080,277.700012 -82.693779,34.806080,277.700012 -82.693779,34.806080,277.700012 -82.693779,34.806080,277.700012 -82.693779,34.806080,277.799988 -82.693779,34.806080,277.799988 -82.693779,34.806080,277.799988 -82.693779,34.806080,277.799988 -82.693779,34.806080,277.799988 -82.693779,34.806080,277.799988 -82.693779,34.806080,277.799988 -82.693779,34.806080,277.799988 -82.693779,34.806080,277.700012 -82.693779,34.806080,277.700012 -82.693779,34.806080,277.700012 -82.693779,34.806080,277.700012 -82.693779,34.806080,277.799988 -82.693779,34.806080,277.700012 -82.693779,34.806080,277.700012 -82.693779,34.806080,277.700012 -82.693779,34.806080,277.799988 -82.693779,34.806080,277.899994 -82.693779,34.806080,277.899994 -82.693779,34.806080,277.899994 -82.693779,34.806080,277.899994 -82.693779,34.806080,278.000000 -82.693779,34.806080,278.000000 -82.693779,34.806080,278.100006 -82.693779,34.806080,278.100006 -82.693779,34.806080,278.200012 -82.693779,34.806080,278.200012 -82.693779,34.806084,278.299988 -82.693779,34.806084,278.399994 -82.693779,34.806084,278.500000 -82.693779,34.806084,278.500000 -82.693779,34.806084,278.500000 -82.693779,34.806084,278.600006 -82.693779,34.806084,278.600006 -82.693779,34.806084,278.700012 -82.693779,34.806084,278.799988 -82.693779,34.806084,278.799988 -82.693779,34.806084,278.899994 -82.693779,34.806084,279.000000 -82.693779,34.806084,279.100006 -82.693779,34.806084,279.100006 -82.693779,34.806084,279.100006 -82.693779,34.806084,279.200012 -82.693779,34.806084,279.200012 -82.693779,34.806084,279.200012 -82.693779,34.806084,279.299988 -82.693779,34.806084,279.299988 -82.693779,34.806084,279.299988 -82.693779,34.806084,279.299988 -82.693779,34.806084,279.299988 -82.693779,34.806084,279.299988 -82.693771,34.806084,279.399994 -82.693771,34.806084,279.399994 -82.693771,34.806084,279.500000 -82.693771,34.806084,279.500000 -82.693771,34.806084,279.500000 -82.693771,34.806084,279.600006 -82.693771,34.806084,279.600006 -82.693771,34.806084,279.600006 -82.693771,34.806084,279.600006 -82.693771,34.806084,279.600006 -82.693771,34.806084,279.500000 -82.693771,34.806084,279.600006 -82.693771,34.806084,279.600006 -82.693771,34.806084,279.600006 -82.693771,34.806084,279.600006 -82.693771,34.806084,279.600006 -82.693771,34.806084,279.600006 -82.693771,34.806084,279.600006 -82.693771,34.806084,279.600006 -82.693771,34.806084,279.600006 -82.693771,34.806084,279.600006 -82.693771,34.806084,279.600006 -82.693771,34.806084,279.600006 -82.693771,34.806084,279.600006 -82.693771,34.806084,279.600006 -82.693771,34.806084,279.600006 -82.693771,34.806084,279.600006 -82.693771,34.806084,279.600006 -82.693771,34.806084,279.600006 -82.693771,34.806084,279.600006 -82.693771,34.806084,279.600006 -82.693771,34.806084,279.500000 -82.693771,34.806084,279.500000 -82.693771,34.806084,279.500000 -82.693771,34.806084,279.500000 -82.693771,34.806084,279.500000 -82.693771,34.806084,279.500000 -82.693771,34.806084,279.500000 -82.693771,34.806084,279.500000 -82.693771,34.806084,279.500000 -82.693771,34.806084,279.700012 -82.693771,34.806084,279.500000 -82.693764,34.806084,279.399994 -82.693764,34.806084,279.299988 -82.693764,34.806080,279.500000 -82.693764,34.806080,279.399994 -82.693764,34.806080,279.299988 -82.693764,34.806080,279.200012 -82.693764,34.806080,279.200012 -82.693764,34.806076,279.200012 -82.693764,34.806076,279.200012 -82.693764,34.806068,278.600006 -82.693764,34.806068,278.600006 -82.693764,34.806065,278.600006 -82.693764,34.806065,278.600006 -82.693764,34.806065,278.600006 -82.693764,34.806065,278.500000 -82.693764,34.806061,278.500000 -82.693764,34.806061,278.399994 -82.693764,34.806057,278.299988 -82.693764,34.806057,278.299988 -82.693764,34.806053,278.200012 -82.693764,34.806053,278.100006 -82.693764,34.806049,278.000000 </coordinates>
			</LineString>
		</Placemark>
		<Placemark>
			<Style>
				<LineStyle>
					<color>ff0000ff</color>
					<width>8.000000</width>
				</LineStyle>
			</Style>
			<gx:Track>
				<altitudeMode>absolute</altitudeMode>
				<when>2024-11-09T15:10:22Z</when>
				<when>2024-11-09T15:10:23Z</when>
				<when>2024-11-09T15:10:24Z</when>
				<when>2024-11-09T15:10:25Z</when>
				<when>2024-11-09T15:10:26Z</when>
				<when>2024-11-09T15:10:27Z</when>
				<when>2024-11-09T15:10:28Z</when>
				<when>2024-11-09T15:10:29Z</when>
				<when>2024-11-09T15:10:30Z</when>
				<when>2024-11-09T15:10:31Z</when>
				<when>2024-11-09T15:10:32Z</when>
				<when>2024-11-09T15:10:33Z</when>
				<when>2024-11-09T15:10:34Z</when>
				<when>2024-11-09T15:10:35Z</when>
				<when>2024-11-09T15:10:36Z</when>
				<when>2024-11-09T15:10:37Z</when>
				<when>2024-11-09T15:10:38Z</when>
				<when>2024-11-09T15:10:39Z</when>
				<when>2024-11-09T15:10:40Z</when>
				<when>2024-11-09T15:10:41Z</when>
				<when>2024-11-09T15:10:42Z</when>
				<when>2024-11-09T15:10:43Z</when>
				<when>2024-11-09T15:10:44Z</when>
				<when>2024-11-09T15:10:45Z</when>
				<when>2024-11-09T15:10:46Z</when>
				<when>2024-11-09T15:10:47Z</when>
				<when>2024-11-09T15:10:48Z</when>
				<when>2024-11-09T15:10:49Z</when>
				<when>2024-11-09T15:10:50Z</when>
				<when>2024-11-09T15:10:51Z</when>
				<when>2024-11-09T15:10:52Z</when>
				<when>2024-11-09T15:10:53Z</when>
				<when>2024-11-09T15:10:54Z</when>
				<when>2024-11-09T15:10:55Z</when>
				<when>2024-11-09T15:10:56Z</when>
				<when>2024-11-09T15:10:57Z</when>
				<when>2024-11-09T15:10:58Z</when>
				<when>2024-11-09T15:10:59Z</when>
				<when>2024-11-09T15:11:00Z</when>
				<when>2024-11-09T15:11:01Z</when>
				<when>2024-11-09T15:11:02Z</when>
				<when>2024-11-09T15:11:03Z</when>
				<when>2024-11-09T15:11:04Z</when>
				<when>2024-11-09T15:11:05Z</when>
				<when>2024-11-09T15:11:06Z</when>
				<when>2024-11-09T15:11:07Z</when>
				<when>2024-11-09T15:11:08Z</when>
				<when>2024-11-09T15:11:09Z</when>
				<when>2024-11-09T15:11:10Z</when>
				<when>2024-11-09T15:11:11Z</when>
				<when>2024-11-09T15:11:12Z</when>
				<when>2024-11-09T15:11:13Z</when>
				<when>2024-11-09T15:11:14Z</when>
				<when>2024-11-09T15:11:15Z</when>
				<when>2024-11-09T15:11:16Z</when>
				<when>2024-11-09T15:11:17Z</when>
				<when>2024-11-09T15:11:18Z</when>
				<when>2024-11-09T15:11:19Z</when>
				<when>2024-11-09T15:11:20Z</when>
				<when>2024-11-09T15:11:21Z</when>
				<when>2024-11-09T15:11:22Z</when>
				<when>2024-11-09T15:11:23Z</when>
				<when>2024-11-09T15:11:24Z</when>
				<when>2024-11-09T15:11:25Z</when>
				<when>2024-11-09T15:11:26Z</when>
				<when>2024-11-09T15:11:27Z</when>
				<when>2024-11-09T15:11:28Z</when>
				<when>2024-11-09T15:11:29Z</when>
				<when>2024-11-09T15:11:30Z</when>
				<when>2024-11-09T15:11:31Z</when>
				<when>2024-11-09T15:11:32Z</when>
				<when>2024-11-09T15:11:33Z</when>
				<when>2024-11-09T15:11:34Z</when>
				<when>2024-11-09T15:11:35Z</when>
				<when>2024-11-09T15:11:36Z</when>
				<when>2024-11-09T15:11:37Z</when>
				<when>2024-11-09T15:11:38Z</when>
				<when>2024-11-09T15:11:39Z</when>
				<when>2024-11-09T15:11:40Z</when>
				<when>2024-11-09T15:11:41Z</when>
				<when>2024-11-09T15:11:42Z</when>
				<when>2024-11-09T15:11:43Z</when>
				<when>2024-11-09T15:11:44Z</when>
				<when>2024-11-09T15:11:45Z</when>
				<when>2024-11-09T15:11:46Z</when>
				<when>2024-11-09T15:11:47Z</when>
				<when>2024-11-09T15:11:48Z</when>
				<when>2024-11-09T15:11:49Z</when>
				<when>2024-11-09T15:11:50Z</when>
				<when>2024-11-09T15:11:51Z</when>
				<when>2024-11-09T15:11:52Z</when>
				<when>2024-11-09T15:11:53Z</when>
				<when>2024-11-09T15:11:54Z</when>
				<when>2024-11-09T15:11:55Z</when>
				<when>2024-11-09T15:11:56Z</when>
				<when>2024-11-09T15:11:57Z</when>
				<when>2024-11-09T15:11:58Z</when>
				<when>2024-11-09T15:11:59Z</when>
				<when>2024-11-09T15:12:00Z</when>
				<when>2024-11-09T15:12:01Z</when>
				<when>2024-11-09T15:12:02Z</when>
				<when>2024-11-09T15:12:03Z</when>
				<when>2024-11-09T15:12:04Z</when>
				<when>2024-11-09T15:12:05Z</when>
				<when>2024-11-09T15:12:06Z</when>
				<when>2024-11-09T15:12:07Z</when>
				<when>2024-11-09T15:12:08Z</when>
				<when>2024-11-09T15:12:09Z</when>
				<when>2024-11-09T15:12:10Z</when>
				<when>2024-11-09T15:12:11Z</when>
				<when>2024-11-09T15:12:12Z</when>
				<when>2024-11-09T15:12:13Z</when>
				<when>2024-11-09T15:12:14Z</when>
				<when>2024-11-09T15:12:15Z</when>
				<when>2024-11-09T15:12:16Z</when>
				<when>2024-11-09T15:12:17Z</when>
				<when>2024-11-09T15:12:18Z</when>
				<when>2024-11-09T15:12:19Z</when>
				<when>2024-11-09T15:12:20Z</when>
				<when>2024-11-09T15:12:21Z</when>
				<when>2024-11-09T15:12:22Z</when>
				<when>2024-11-09T15:12:23Z</when>
				<when>2024-11-09T15:12:24Z</when>
				<when>2024-11-09T15:12:25Z</when>
				<when>2024-11-09T15:12:26Z</when>
				<when>2024-11-09T15:12:27Z</when>
				<when>2024-11-09T15:12:28Z</when>
				<when>2024-11-09T15:12:29Z</when>
				<when>2024-11-09T15:12:30Z</when>
				<when>2024-11-09T15:12:31Z</when>
				<when>2024-11-09T15:12:32Z</when>
				<when>2024-11-09T15:12:33Z</when>
				<when>2024-11-09T15:12:34Z</when>
				<when>2024-11-09T15:12:35Z</when>
				<when>2024-11-09T15:12:36Z</when>
				<when>2024-11-09T15:12:37Z</when>
				<when>2024-11-09T15:12:38Z</when>
				<when>2024-11-09T15:12:39Z</when>
				<when>2024-11-09T15:12:40Z</when>
				<when>2024-11-09T15:12:41Z</when>
				<when>2024-11-09T15:12:42Z</when>
				<when>2024-11-09T15:12:43Z</when>
				<when>2024-11-09T15:12:44Z</when>
				<when>2024-11-09T15:12:45Z</when>
				<when>2024-11-09T15:12:46Z</when>
				<when>2024-11-09T15:12:47Z</when>
				<when>2024-11-09T15:12:48Z</when>
				<when>2024-11-09T15:12:49Z</when>
				<when>2024-11-09T15:12:50Z</when>
				<when>2024-11-09T15:12:51Z</when>
				<when>2024-11-09T15:12:52Z</when>
				<when>2024-11-09T15:12:53Z</when>
				<when>2024-11-09T15:12:54Z</when>
				<when>2024-11-09T15:12:55Z</when>
				<when>2024-11-09T15:12:56Z</when>
				<when>2024-11-09T15:12:57Z</when>
				<when>2024-11-09T15:12:58Z</when>
				<when>2024-11-09T15:12:59Z</when>
				<when>2024-11-09T15:13:00Z</when>
				<when>2024-11-09T15:13:01Z</when>
				<when>2024-11-09T15:13:02Z</when>
				<when>2024-11-09T15:13:03Z</when>
				<when>2024-11-09T15:13:04Z</when>
				<when>2024-11-09T15:13:05Z</when>
				<when>2024-11-09T15:13:06Z</when>
				<when>2024-11-09T15:13:07Z</when>
				<when>2024-11-09T15:13:08Z</when>
				<when>2024-11-09T15:13:09Z</when>
				<when>2024-11-09T15:13:10Z</when>
				<when>2024-11-09T15:13:11Z</when>
				<when>2024-11-09T15:13:12Z</when>
				<when>2024-11-09T15:13:13Z</when>
				<when>2024-11-09T15:13:14Z</when>
				<when>2024-11-09T15:13:15Z</when>
				<when>2024-11-09T15:13:16Z</when>
				<when>2024-11-09T15:13:17Z</when>
				<when>2024-11-09T15:13:18Z</when>
				<when>2024-11-09T15:13:19Z</when>
				<when>2024-11-09T15:13:20Z</when>
				<when>2024-11-09T15:13:21Z</when>
				<when>2024-11-09T15:13:22Z</when>
				<when>2024-11-09T15:13:23Z</when>
				<when>2024-11-09T15:13:24Z</when>
				<when>2024-11-09T15:13:25Z</when>
				<when>2024-11-09T15:13:26Z</when>
				<when>2024-11-09T15:13:27Z</when>
				<when>2024-11-09T15:13:28Z</when>
				<when>2024-11-09T15:13:29Z</when>
				<when>2024-11-09T15:13:30Z</when>
				<when>2024-11-09T15:13:31Z</when>
				<when>2024-11-09T15:13:32Z</when>
				<when>2024-11-09T15:13:33Z</when>
				<when>2024-11-09T15:13:34Z</when>
				<when>2024-11-09T15:13:35Z</when>
				<when>2024-11-09T15:13:36Z</when>
				<when>2024-11-09T15:13:37Z</when>
				<when>2024-11-09T15:13:38Z</when>
				<when>2024-11-09T15:13:39Z</when>
				<when>2024-11-09T15:13:40Z</when>
				<when>2024-11-09T15:13:41Z</when>
				<when>2024-11-09T15:13:42Z</when>
				<when>2024-11-09T15:13:43Z</when>
				<when>2024-11-09T15:13:44Z</when>
				<when>2024-11-09T15:13:45Z</when>
				<when>2024-11-09T15:13:46Z</when>
				<when>2024-11-09T15:13:47Z</when>
				<when>2024-11-09T15:13:48Z</when>
				<when>2024-11-09T15:13:49Z</when>
				<when>2024-11-09T15:13:50Z</when>
				<when>2024-11-09T15:13:51Z</when>
				<when>2024-11-09T15:13:52Z</when>
				<when>2024-11-09T15:13:53Z</when>
				<when>2024-11-09T15:13:54Z</when>
				<when>2024-11-09T15:13:55Z</when>
				<when>2024-11-09T15:13:56Z</when>
				<when>2024-11-09T15:13:57Z</when>
				<when>2024-11-09T15:13:58Z</when>
				<when>2024-11-09T15:13:59Z</when>
				<when>2024-11-09T15:14:00Z</when>
				<when>2024-11-09T15:14:01Z</when>
				<when>2024-11-09T15:14:02Z</when>
				<when>2024-11-09T15:14:03Z</when>
				<when>2024-11-09T15:14:04Z</when>
				<when>2024-11-09T15:14:05Z</when>
				<when>2024-11-09T15:14:06Z</when>
				<when>2024-11-09T15:14:07Z</when>
				<when>2024-11-09T15:14:08Z</when>
				<when>2024-11-09T15:14:09Z</when>
				<when>2024-11-09T15:14:10Z</when>
				<when>2024-11-09T15:14:11Z</when>
				<when>2024-11-09T15:14:12Z</when>
				<when>2024-11-09T15:14:13Z</when>
				<when>2024-11-09T15:14:14Z</when>
				<when>2024-11-09T15:14:15Z</when>
				<when>2024-11-09T15:14:16Z</when>
				<when>2024-11-09T15:14:17Z</when>
				<when>2024-11-09T15:14:18Z</when>
				<when>2024-11-09T15:14:19Z</when>
				<when>2024-11-09T15:14:20Z</when>
				<when>2024-11-09T15:14:21Z</when>
				<when>2024-11-09T15:14:22Z</when>
				<when>2024-11-09T15:14:23Z</when>
				<when>2024-11-09T15:14:24Z</when>
				<when>2024-11-09T15:14:25Z</when>
				<when>2024-11-09T15:14:26Z</when>
				<when>2024-11-09T15:14:27Z</when>
				<when>2024-11-09T15:14:28Z</when>
				<when>2024-11-09T15:14:29Z</when>
				<when>2024-11-09T15:14:30Z</when>
				<when>2024-11-09T15:14:31Z</when>
				<when>2024-11-09T15:14:32Z</when>
				<when>2024-11-09T15:14:33Z</when>
				<when>2024-11-09T15:14:34Z</when>
				<when>2024-11-09T15:14:35Z</when>
				<when>2024-11-09T15:14:36Z</when>
				<when>2024-11-09T15:14:37Z</when>
				<when>2024-11-09T15:14:38Z</when>
				<when>2024-11-09T15:14:39Z</when>
				<when>2024-11-09T15:14:40Z</when>
				<when>2024-11-09T15:14:41Z</when>
				<when>2024-11-09T15:14:42Z</when>
				<when>2024-11-09T15:14:43Z</when>
				<when>2024-11-09T15:14:44Z</when>
				<when>2024-11-09T15:14:45Z</when>
				<when>2024-11-09T15:14:46Z</when>
				<when>2024-11-09T15:14:47Z</when>
				<when>2024-11-09T15:14:48Z</when>
				<when>2024-11-09T15:14:49Z</when>
				<when>2024-11-09T15:14:50Z</when>
				<when>2024-11-09T15:14:51Z</when>
				<when>2024-11-09T15:14:52Z</when>
				<when>2024-11-09T15:14:53Z</when>
				<when>2024-11-09T15:14:54Z</when>
				<when>2024-11-09T15:14:55Z</when>
				<when>2024-11-09T15:14:56Z</when>
				<when>2024-11-09T15:14:57Z</when>
				<when>2024-11-09T15:14:58Z</when>
				<when>2024-11-09T15:14:59Z</when>
				<when>2024-11-09T15:15:00Z</when>
				<when>2024-11-09T15:15:01Z</when>
				<when>2024-11-09T15:15:02Z</when>
				<when>2024-11-09T15:15:03Z</when>
				<when>2024-11-09T15:15:04Z</when>
				<when>2024-11-09T15:15:05Z</when>
				<when>2024-11-09T15:15:06Z</when>
				<when>2024-11-09T15:15:07Z</when>
				<when>2024-11-09T15:15:08Z</when>
				<when>2024-11-09T15:15:09Z</when>
				<when>2024-11-09T15:15:10Z</when>
				<when>2024-11-09T15:15:11Z</when>
				<when>2024-11-09T15:15:12Z</when>
				<when>2024-11-09T15:15:13Z</when>
				<when>2024-11-09T15:15:14Z</when>
				<when>2024-11-09T15:15:15Z</when>
				<when>2024-11-09T15:15:16Z</when>
				<when>2024-11-09T15:15:17Z</when>
				<when>2024-11-09T15:15:18Z</when>
				<when>2024-11-09T15:15:19Z</when>
				<when>2024-11-09T15:15:20Z</when>
				<when>2024-11-09T15:15:21Z</when>
				<when>2024-11-09T15:15:22Z</when>
				<when>2024-11-09T15:15:23Z</when>
				<when>2024-11-09T15:15:24Z</when>
				<when>2024-11-09T15:15:25Z</when>
				<when>2024-11-09T15:15:26Z</when>
				<when>2024-11-09T15:15:26Z</when>
				<when>2024-11-09T15:15:27Z</when>
				<when>2024-11-09T15:15:28Z</when>
				<when>2024-11-09T15:15:29Z</when>
				<when>2024-11-09T15:15:30Z</when>
				<when>2024-11-09T15:15:31Z</when>
				<when>2024-11-09T15:15:32Z</when>
				<when>2024-11-09T15:15:33Z</when>
				<when>2024-11-09T15:15:34Z</when>
				<when>2024-11-09T15:15:35Z</when>
				<when>2024-11-09T15:15:36Z</when>
				<when>2024-11-09T15:15:37Z</when>
				<when>2024-11-09T15:15:38Z</when>
				<when>2024-11-09T15:15:39Z</when>
				<when>2024-11-09T15:15:40Z</when>
				<when>2024-11-09T15:15:41Z</when>
				<when>2024-11-09T15:15:42Z</when>
				<when>2024-11-09T15:15:43Z</when>
				<when>2024-11-09T15:15:44Z</when>
				<when>2024-11-09T15:15:45Z</when>
				<when>2024-11-09T15:15:46Z</when>
				<when>2024-11-09T15:15:47Z</when>
				<when>2024-11-09T15:15:48Z</when>
				<when>2024-11-09T15:15:49Z</when>
				<when>2024-11-09T15:15:50Z</when>
				<when>2024-11-09T15:15:51Z</when>
				<when>2024-11-09T15:15:52Z</when>
				<when>2024-11-09T15:15:53Z</when>
				<when>2024-11-09T15:15:54Z</when>
				<when>2024-11-09T15:15:55Z</when>
				<when>2024-11-09T15:15:56Z</when>
				<when>2024-11-09T15:15:57Z</when>
				<when>2024-11-09T15:15:58Z</when>
				<when>2024-11-09T15:15:59Z</when>
				<when>2024-11-09T15:16:00Z</when>
				<when>2024-11-09T15:16:01Z</when>
				<when>2024-11-09T15:16:02Z</when>
				<when>2024-11-09T15:16:03Z</when>
				<when>2024-11-09T15:16:04Z</when>
				<when>2024-11-09T15:16:05Z</when>
				<when>2024-11-09T15:16:06Z</when>
				<when>2024-11-09T15:16:07Z</when>
				<when>2024-11-09T15:16:08Z</when>
				<when>2024-11-09T15:16:09Z</when>
				<when>2024-11-09T15:16:10Z</when>
				<when>2024-11-09T15:16:11Z</when>
				<when>2024-11-09T15:16:12Z</when>
				<when>2024-11-09T15:16:13Z</when>
				<when>2024-11-09T15:16:14Z</when>
				<when>2024-11-09T15:16:15Z</when>
				<when>2024-11-09T15:16:16Z</when>
				<when>2024-11-09T15:16:17Z</when>
				<when>2024-11-09T15:16:18Z</when>
				<when>2024-11-09T15:16:19Z</when>
				<when>2024-11-09T15:16:20Z</when>
				<when>2024-11-09T15:16:21Z</when>
				<when>2024-11-09T15:16:23Z</when>
				<when>2024-11-09T15:16:24Z</when>
				<when>2024-11-09T15:16:25Z</when>
				<when>2024-11-09T15:16:26Z</when>
				<when>2024-11-09T15:16:27Z</when>
				<when>2024-11-09T15:16:28Z</when>
				<when>2024-11-09T15:16:29Z</when>
				<when>2024-11-09T15:16:30Z</when>
				<when>2024-11-09T15:16:31Z</when>
				<when>2024-11-09T15:16:32Z</when>
				<when>2024-11-09T15:16:33Z</when>
				<when>2024-11-09T15:16:34Z</when>
				<when>2024-11-09T15:16:35Z</when>
				<when>2024-11-09T15:16:36Z</when>
				<when>2024-11-09T15:16:37Z</when>
				<when>2024-11-09T15:16:38Z</when>
				<when>2024-11-09T15:16:39Z</when>
				<when>2024-11-09T15:16:40Z</when>
				<when>2024-11-09T15:16:41Z</when>
				<when>2024-11-09T15:16:42Z</when>
				<when>2024-11-09T15:16:43Z</when>
				<when>2024-11-09T15:16:44Z</when>
				<when>2024-11-09T15:16:45Z</when>
				<when>2024-11-09T15:16:46Z</when>
				<when>2024-11-09T15:16:47Z</when>
				<when>2024-11-09T15:16:48Z</when>
				<when>2024-11-09T15:16:49Z</when>
				<when>2024-11-09T15:16:50Z</when>
				<when>2024-11-09T15:16:51Z</when>
				<when>2024-11-09T15:16:52Z</when>
				<when>2024-11-09T15:16:53Z</when>
				<when>2024-11-09T15:16:54Z</when>
				<when>2024-11-09T15:16:55Z</when>
				<when>2024-11-09T15:16:56Z</when>
				<when>2024-11-09T15:16:57Z</when>
				<when>2024-11-09T15:16:58Z</when>
				<when>2024-11-09T15:16:59Z</when>
				<when>2024-11-09T15:17:00Z</when>
				<when>2024-11-09T15:17:01Z</when>
				<when>2024-11-09T15:17:02Z</when>
				<when>2024-11-09T15:17:03Z</when>
				<when>2024-11-09T15:17:04Z</when>
				<when>2024-11-09T15:17:05Z</when>
				<when>2024-11-09T15:17:06Z</when>
				<when>2024-11-09T15:17:07Z</when>
				<when>2024-11-09T15:17:08Z</when>
				<when>2024-11-09T15:17:09Z</when>
				<when>2024-11-09T15:17:10Z</when>
				<when>2024-11-09T15:17:11Z</when>
				<when>2024-11-09T15:17:12Z</when>
				<when>2024-11-09T15:17:13Z</when>
				<when>2024-11-09T15:17:14Z</when>
				<when>2024-11-09T15:17:15Z</when>
				<when>2024-11-09T15:17:15Z</when>
				<when>2024-11-09T15:17:16Z</when>
				<when>2024-11-09T15:17:17Z</when>
				<when>2024-11-09T15:17:18Z</when>
				<when>2024-11-09T15:17:19Z</when>
				<when>2024-11-09T15:17:20Z</when>
				<when>2024-11-09T15:17:21Z</when>
				<when>2024-11-09T15:17:22Z</when>
				<when>2024-11-09T15:17:23Z</when>
				<when>2024-11-09T15:17:24Z</when>
				<when>2024-11-09T15:17:25Z</when>
				<when>2024-11-09T15:17:26Z</when>
				<when>2024-11-09T15:17:27Z</when>
				<when>2024-11-09T15:17:28Z</when>
				<when>2024-11-09T15:17:29Z</when>
				<when>2024-11-09T15:17:30Z</when>
				<when>2024-11-09T15:17:31Z</when>
				<when>2024-11-09T15:17:32Z</when>
				<when>2024-11-09T15:17:33Z</when>
				<when>2024-11-09T15:17:34Z</when>
				<when>2024-11-09T15:17:35Z</when>
				<when>2024-11-09T15:17:36Z</when>
				<when>2024-11-09T15:17:37Z</when>
				<when>2024-11-09T15:17:38Z</when>
				<when>2024-11-09T15:17:39Z</when>
				<when>2024-11-09T15:17:40Z</when>
				<when>2024-11-09T15:17:41Z</when>
				<when>2024-11-09T15:17:42Z</when>
				<when>2024-11-09T15:17:43Z</when>
				<when>2024-11-09T15:17:44Z</when>
				<when>2024-11-09T15:17:45Z</when>
				<when>2024-11-09T15:17:46Z</when>
				<when>2024-11-09T15:17:47Z</when>
				<when>2024-11-09T15:17:48Z</when>
				<when>2024-11-09T15:17:49Z</when>
				<when>2024-11-09T15:17:50Z</when>
				<when>2024-11-09T15:17:51Z</when>
				<when>2024-11-09T15:17:52Z</when>
				<when>2024-11-09T15:17:53Z</when>
				<when>2024-11-09T15:17:54Z</when>
				<when>2024-11-09T15:17:55Z</when>
				<when>2024-11-09T15:17:56Z</when>
				<when>2024-11-09T15:17:57Z</when>
				<when>2024-11-09T15:17:58Z</when>
				<when>2024-11-09T15:17:59Z</when>
				<when>2024-11-09T15:18:00Z</when>
				<when>2024-11-09T15:18:01Z</when>
				<when>2024-11-09T15:18:02Z</when>
				<when>2024-11-09T15:18:03Z</when>
				<when>2024-11-09T15:18:04Z</when>
				<when>2024-11-09T15:18:05Z</when>
				<when>2024-11-09T15:18:06Z</when>
				<when>2024-11-09T15:18:07Z</when>
				<when>2024-11-09T15:18:08Z</when>
				<when>2024-11-09T15:18:09Z</when>
				<when>2024-11-09T15:18:10Z</when>
				<when>2024-11-09T15:18:11Z</when>
				<when>2024-11-09T15:18:12Z</when>
				<when>2024-11-09T15:18:13Z</when>
				<when>2024-11-09T15:18:14Z</when>
				<when>2024-11-09T15:18:15Z</when>
				<when>2024-11-09T15:18:16Z</when>
				<when>2024-11-09T15:18:17Z</when>
				<when>2024-11-09T15:18:18Z</when>
				<when>2024-11-09T15:18:19Z</when>
				<when>2024-11-09T15:18:20Z</when>
				<when>2024-11-09T15:18:21Z</when>
				<when>2024-11-09T15:18:22Z</when>
				<when>2024-11-09T15:18:23Z</when>
				<when>2024-11-09T15:18:24Z</when>
				<when>2024-11-09T15:18:25Z</when>
				<when>2024-11-09T15:18:26Z</when>
				<when>2024-11-09T15:18:27Z</when>
				<when>2024-11-09T15:18:28Z</when>
				<when>2024-11-09T15:18:29Z</when>
				<when>2024-11-09T15:18:30Z</when>
				<when>2024-11-09T15:18:31Z</when>
				<when>2024-11-09T15:18:32Z</when>
				<when>2024-11-09T15:18:33Z</when>
				<when>2024-11-09T15:18:34Z</when>
				<when>2024-11-09T15:18:35Z</when>
				<when>2024-11-09T15:18:36Z</when>
				<when>2024-11-09T15:18:37Z</when>
				<when>2024-11-09T15:18:38Z</when>
				<when>2024-11-09T15:18:39Z</when>
				<when>2024-11-09T15:18:40Z</when>
				<when>2024-11-09T15:18:41Z</when>
				<when>2024-11-09T15:18:42Z</when>
				<when>2024-11-09T15:18:43Z</when>
				<when>2024-11-09T15:18:44Z</when>
				<when>2024-11-09T15:18:45Z</when>
				<when>2024-11-09T15:18:46Z</when>
				<when>2024-11-09T15:18:47Z</when>
				<when>2024-11-09T15:18:48Z</when>
				<when>2024-11-09T15:18:49Z</when>
				<when>2024-11-09T15:18:50Z</when>
				<when>2024-11-09T15:18:51Z</when>
				<when>2024-11-09T15:18:52Z</when>
				<when>2024-11-09T15:18:53Z</when>
				<when>2024-11-09T15:18:54Z</when>
				<when>2024-11-09T15:18:55Z</when>
				<when>2024-11-09T15:18:56Z</when>
				<when>2024-11-09T15:18:57Z</when>
				<when>2024-11-09T15:18:58Z</when>
				<when>2024-11-09T15:18:59Z</when>
				<when>2024-11-09T15:19:00Z</when>
				<when>2024-11-09T15:19:01Z</when>
				<when>2024-11-09T15:19:02Z</when>
				<when>2024-11-09T15:19:03Z</when>
				<when>2024-11-09T15:19:04Z</when>
				<when>2024-11-09T15:19:05Z</when>
				<when>2024-11-09T15:19:06Z</when>
				<when>2024-11-09T15:19:07Z</when>
				<when>2024-11-09T15:19:08Z</when>
				<when>2024-11-09T15:19:09Z</when>
				<when>2024-11-09T15:19:10Z</when>
				<when>2024-11-09T15:19:11Z</when>
				<when>2024-11-09T15:19:12Z</when>
				<when>2024-11-09T15:19:13Z</when>
				<when>2024-11-09T15:19:14Z</when>
				<when>2024-11-09T15:19:15Z</when>
				<when>2024-11-09T15:19:16Z</when>
				<when>2024-11-09T15:19:17Z</when>
				<when>2024-11-09T15:19:18Z</when>
				<when>2024-11-09T15:19:19Z</when>
				<when>2024-11-09T15:19:20Z</when>
				<when>2024-11-09T15:19:21Z</when>
				<when>2024-11-09T15:19:22Z</when>
				<when>2024-11-09T15:19:23Z</when>
				<when>2024-11-09T15:19:24Z</when>
				<when>2024-11-09T15:19:25Z</when>
				<when>2024-11-09T15:19:26Z</when>
				<when>2024-11-09T15:19:27Z</when>
				<when>2024-11-09T15:19:28Z</when>
				<when>2024-11-09T15:19:29Z</when>
				<when>2024-11-09T15:19:30Z</when>
				<when>2024-11-09T15:19:31Z</when>
				<when>2024-11-09T15:19:32Z</when>
				<when>2024-11-09T15:19:33Z</when>
				<when>2024-11-09T15:19:34Z</when>
				<when>2024-11-09T15:19:35Z</when>
				<when>2024-11-09T15:19:36Z</when>
				<when>2024-11-09T15:19:37Z</when>
				<when>2024-11-09T15:19:38Z</when>
				<when>2024-11-09T15:19:39Z</when>
				<when>2024-11-09T15:19:40Z</when>
				<when>2024-11-09T15:19:41Z</when>
				<when>2024-11-09T15:19:42Z</when>
				<when>2024-11-09T15:19:43Z</when>
				<when>2024-11-09T15:19:44Z</when>
				<when>2024-11-09T15:19:45Z</when>
				<when>2024-11-09T15:19:46Z</when>
				<when>2024-11-09T15:19:47Z</when>
				<when>2024-11-09T15:19:48Z</when>
				<when>2024-11-09T15:19:49Z</when>
				<when>2024-11-09T15:19:50Z</when>
				<when>2024-11-09T15:19:51Z</when>
				<when>2024-11-09T15:19:52Z</when>
				<when>2024-11-09T15:19:53Z</when>
				<when>2024-11-09T15:19:54Z</when>
				<when>2024-11-09T15:19:55Z</when>
				<when>2024-11-09T15:19:56Z</when>
				<when>2024-11-09T15:19:57Z</when>
				<when>2024-11-09T15:19:58Z</when>
				<when>2024-11-09T15:19:59Z</when>
				<when>2024-11-09T15:20:00Z</when>
				<when>2024-11-09T15:20:01Z</when>
				<when>2024-11-09T15:20:02Z</when>
				<when>2024-11-09T15:20:04Z</when>
				<when>2024-11-09T15:20:05Z</when>
				<when>2024-11-09T15:20:06Z</when>
				<when>2024-11-09T15:20:07Z</when>
				<when>2024-11-09T15:20:08Z</when>
				<when>2024-11-09T15:20:09Z</when>
				<when>2024-11-09T15:20:10Z</when>
				<when>2024-11-09T15:20:11Z</when>
				<when>2024-11-09T15:20:12Z</when>
				<when>2024-11-09T15:20:13Z</when>
				<when>2024-11-09T15:20:14Z</when>
				<when>2024-11-09T15:20:15Z</when>
				<when>2024-11-09T15:20:16Z</when>
				<when>2024-11-09T15:20:17Z</when>
				<when>2024-11-09T15:20:18Z</when>
				<when>2024-11-09T15:20:19Z</when>
				<when>2024-11-09T15:20:20Z</when>
				<when>2024-11-09T15:20:21Z</when>
				<when>2024-11-09T15:20:22Z</when>
				<when>2024-11-09T15:20:23Z</when>
				<when>2024-11-09T15:20:24Z</when>
				<when>2024-11-09T15:20:25Z</when>
				<when>2024-11-09T15:20:26Z</when>
				<when>2024-11-09T15:20:27Z</when>
				<when>2024-11-09T15:20:28Z</when>
				<when>2024-11-09T15:20:29Z</when>
				<when>2024-11-09T15:20:30Z</when>
				<when>2024-11-09T15:20:31Z</when>
				<when>2024-11-09T15:20:32Z</when>
				<when>2024-11-09T15:20:33Z</when>
				<when>2024-11-09T15:20:34Z</when>
				<when>2024-11-09T15:20:35Z</when>
				<when>2024-11-09T15:20:36Z</when>
				<when>2024-11-09T15:20:37Z</when>
				<when>2024-11-09T15:20:38Z</when>
				<when>2024-11-09T15:20:39Z</when>
				<when>2024-11-09T15:20:40Z</when>
				<when>2024-11-09T15:20:41Z</when>
				<when>2024-11-09T15:20:42Z</when>
				<when>2024-11-09T15:20:43Z</when>
				<when>2024-11-09T15:20:44Z</when>
				<when>2024-11-09T15:20:45Z</when>
				<when>2024-11-09T15:20:46Z</when>
				<when>2024-11-09T15:20:47Z</when>
				<when>2024-11-09T15:20:48Z</when>
				<when>2024-11-09T15:20:49Z</when>
				<when>2024-11-09T15:20:50Z</when>
				<when>2024-11-09T15:20:51Z</when>
				<when>2024-11-09T15:20:52Z</when>
				<when>2024-11-09T15:20:53Z</when>
				<when>2024-11-09T15:20:54Z</when>
				<when>2024-11-09T15:20:55Z</when>
				<when>2024-11-09T15:20:56Z</when>
				<when>2024-11-09T15:20:57Z</when>
				<when>2024-11-09T15:20:58Z</when>
				<when>2024-11-09T15:20:59Z</when>
				<when>2024-11-09T15:21:00Z</when>
				<when>2024-11-09T15:21:01Z</when>
				<when>2024-11-09T15:21:02Z</when>
				<when>2024-11-09T15:21:03Z</when>
				<when>2024-11-09T15:21:04Z</when>
				<when>2024-11-09T15:21:05Z</when>
				<when>2024-11-09T15:21:06Z</when>
				<when>2024-11-09T15:21:07Z</when>
				<when>2024-11-09T15:21:08Z</when>
				<when>2024-11-09T15:21:09Z</when>
				<when>2024-11-09T15:21:10Z</when>
				<when>2024-11-09T15:21:11Z</when>
				<when>2024-11-09T15:21:12Z</when>
				<when>2024-11-09T15:21:13Z</when>
				<when>2024-11-09T15:21:14Z</when>
				<when>2024-11-09T15:21:15Z</when>
				<when>2024-11-09T15:21:16Z</when>
				<when>2024-11-09T15:21:17Z</when>
				<when>2024-11-09T15:21:18Z</when>
				<when>2024-11-09T15:21:19Z</when>
				<when>2024-11-09T15:21:20Z</when>
				<when>2024-11-09T15:21:21Z</when>
				<when>2024-11-09T15:21:22Z</when>
				<when>2024-11-09T15:21:23Z</when>
				<when>2024-11-09T15:21:24Z</when>
				<when>2024-11-09T15:21:25Z</when>
				<when>2024-11-09T15:21:26Z</when>
				<when>2024-11-09T15:21:27Z</when>
				<when>2024-11-09T15:21:28Z</when>
				<when>2024-11-09T15:21:29Z</when>
				<when>2024-11-09T15:21:30Z</when>
				<when>2024-11-09T15:21:31Z</when>
				<when>2024-11-09T15:21:32Z</when>
				<when>2024-11-09T15:21:33Z</when>
				<when>2024-11-09T15:21:34Z</when>
				<when>2024-11-09T15:21:35Z</when>
				<when>2024-11-09T15:21:36Z</when>
				<when>2024-11-09T15:21:37Z</when>
				<when>2024-11-09T15:21:38Z</when>
				<when>2024-11-09T15:21:39Z</when>
				<when>2024-11-09T15:21:40Z</when>
				<when>2024-11-09T15:21:41Z</when>
				<when>2024-11-09T15:21:42Z</when>
				<when>2024-11-09T15:21:43Z</when>
				<when>2024-11-09T15:21:44Z</when>
				<when>2024-11-09T15:21:45Z</when>
				<when>2024-11-09T15:21:46Z</when>
				<when>2024-11-09T15:21:47Z</when>
				<when>2024-11-09T15:21:48Z</when>
				<when>2024-11-09T15:21:49Z</when>
				<when>2024-11-09T15:21:50Z</when>
				<when>2024-11-09T15:21:51Z</when>
				<when>2024-11-09T15:21:52Z</when>
				<when>2024-11-09T15:21:53Z</when>
				<when>2024-11-09T15:21:54Z</when>
				<when>2024-11-09T15:21:55Z</when>
				<when>2024-11-09T15:21:56Z</when>
				<when>2024-11-09T15:21:57Z</when>
				<when>2024-11-09T15:21:58Z</when>
				<when>2024-11-09T15:21:59Z</when>
				<when>2024-11-09T15:22:00Z</when>
				<when>2024-11-09T15:22:01Z</when>
				<when>2024-11-09T15:22:02Z</when>
				<when>2024-11-09T15:22:03Z</when>
				<when>2024-11-09T15:22:04Z</when>
				<when>2024-11-09T15:22:05Z</when>
				<when>2024-11-09T15:22:06Z</when>
				<when>2024-11-09T15:22:07Z</when>
				<when>2024-11-09T15:22:08Z</when>
				<when>2024-11-09T15:22:09Z</when>
				<when>2024-11-09T15:22:10Z</when>
				<when>2024-11-09T15:22:11Z</when>
				<when>2024-11-09T15:22:12Z</when>
				<when>2024-11-09T15:22:13Z</when>
				<when>2024-11-09T15:22:14Z</when>
				<when>2024-11-09T15:22:15Z</when>
				<when>2024-11-09T15:22:16Z</when>
				<when>2024-11-09T15:22:17Z</when>
				<when>2024-11-09T15:22:18Z</when>
				<when>2024-11-09T15:22:19Z</when>
				<when>2024-11-09T15:22:20Z</when>
				<when>2024-11-09T15:22:21Z</when>
				<when>2024-11-09T15:22:22Z</when>
				<when>2024-11-09T15:22:23Z</when>
				<when>2024-11-09T15:22:24Z</when>
				<when>2024-11-09T15:22:25Z</when>
				<when>2024-11-09T15:22:26Z</when>
				<when>2024-11-09T15:22:27Z</when>
				<when>2024-11-09T15:22:28Z</when>
				<when>2024-11-09T15:22:29Z</when>
				<when>2024-11-09T15:22:30Z</when>
				<when>2024-11-09T15:22:31Z</when>
				<when>2024-11-09T15:22:32Z</when>
				<when>2024-11-09T15:22:33Z</when>
				<when>2024-11-09T15:22:34Z</when>
				<when>2024-11-09T15:22:35Z</when>
				<when>2024-11-09T15:22:36Z</when>
				<when>2024-11-09T15:22:37Z</when>
				<when>2024-11-09T15:22:38Z</when>
				<when>2024-11-09T15:22:39Z</when>
				<when>2024-11-09T15:22:40Z</when>
				<when>2024-11-09T15:22:41Z</when>
				<when>2024-11-09T15:22:42Z</when>
				<when>2024-11-09T15:22:43Z</when>
				<when>2024-11-09T15:22:44Z</when>
				<when>2024-11-09T15:22:45Z</when>
				<when>2024-11-09T15:22:46Z</when>
				<when>2024-11-09T15:22:47Z</when>
				<when>2024-11-09T15:22:48Z</when>
				<when>2024-11-09T15:22:49Z</when>
				<when>2024-11-09T15:22:50Z</when>
				<when>2024-11-09T15:22:51Z</when>
				<when>2024-11-09T15:22:52Z</when>
				<when>2024-11-09T15:22:53Z</when>
				<when>2024-11-09T15:22:54Z</when>
				<when>2024-11-09T15:22:55Z</when>
				<when>2024-11-09T15:22:56Z</when>
				<when>2024-11-09T15:22:57Z</when>
				<when>2024-11-09T15:22:58Z</when>
				<when>2024-11-09T15:22:59Z</when>
				<when>2024-11-09T15:23:00Z</when>
				<when>2024-11-09T15:23:01Z</when>
				<when>2024-11-09T15:23:02Z</when>
				<when>2024-11-09T15:23:03Z</when>
				<when>2024-11-09T15:23:04Z</when>
				<when>2024-11-09T15:23:05Z</when>
				<when>2024-11-09T15:23:06Z</when>
				<when>2024-11-09T15:23:07Z</when>
				<when>2024-11-09T15:23:08Z</when>
				<when>2024-11-09T15:23:09Z</when>
				<when>2024-11-09T15:23:10Z</when>
				<when>2024-11-09T15:23:11Z</when>
				<when>2024-11-09T15:23:12Z</when>
				<when>2024-11-09T15:23:13Z</when>
				<when>2024-11-09T15:23:14Z</when>
				<when>2024-11-09T15:23:15Z</when>
				<when>2024-11-09T15:23:16Z</when>
				<when>2024-11-09T15:23:17Z</when>
				<when>2024-11-09T15:23:18Z</when>
				<when>2024-11-09T15:23:19Z</when>
				<when>2024-11-09T15:23:20Z</when>
				<when>2024-11-09T15:23:21Z</when>
				<when>2024-11-09T15:23:22Z</when>
				<when>2024-11-09T15:23:23Z</when>
				<when>2024-11-09T15:23:24Z</when>
				<when>2024-11-09T15:23:25Z</when>
				<when>2024-11-09T15:23:26Z</when>
				<when>2024-11-09T15:23:27Z</when>
				<when>2024-11-09T15:23:28Z</when>
				<when>2024-11-09T15:23:29Z</when>
				<when>2024-11-09T15:23:30Z</when>
				<when>2024-11-09T15:23:31Z</when>
				<when>2024-11-09T15:23:32Z</when>
				<when>2024-11-09T15:23:33Z</when>
				<when>2024-11-09T15:23:34Z</when>
				<when>2024-11-09T15:23:35Z</when>
				<when>2024-11-09T15:23:36Z</when>
				<when>2024-11-09T15:23:37Z</when>
				<when>2024-11-09T15:23:38Z</when>
				<when>2024-11-09T15:23:39Z</when>
				<when>2024-11-09T15:23:40Z</when>
				<when>2024-11-09T15:23:41Z</when>
				<when>2024-11-09T15:23:42Z</when>
				<when>2024-11-09T15:23:43Z</when>
				<when>2024-11-09T15:23:44Z</when>
				<when>2024-11-09T15:23:45Z</when>
				<when>2024-11-09T15:23:46Z</when>
				<when>2024-11-09T15:23:47Z</when>
				<when>2024-11-09T15:23:48Z</when>
				<when>2024-11-09T15:23:49Z</when>
				<when>2024-11-09T15:23:50Z</when>
				<when>2024-11-09T15:23:51Z</when>
				<when>2024-11-09T15:23:53Z</when>
				<when>2024-11-09T15:23:54Z</when>
				<when>2024-11-09T15:23:55Z</when>
				<when>2024-11-09T15:23:56Z</when>
				<when>2024-11-09T15:23:57Z</when>
				<when>2024-11-09T15:23:58Z</when>
				<when>2024-11-09T15:23:59Z</when>
				<when>2024-11-09T15:24:00Z</when>
				<when>2024-11-09T15:24:01Z</when>
				<when>2024-11-09T15:24:02Z</when>
				<when>2024-11-09T15:24:03Z</when>
				<when>2024-11-09T15:24:04Z</when>
				<when>2024-11-09T15:24:05Z</when>
				<when>2024-11-09T15:24:06Z</when>
				<when>2024-11-09T15:24:07Z</when>
				<when>2024-11-09T15:24:08Z</when>
				<when>2024-11-09T15:24:09Z</when>
				<when>2024-11-09T15:24:09Z</when>
				<when>2024-11-09T15:24:10Z</when>
				<when>2024-11-09T15:24:11Z</when>
				<when>2024-11-09T15:24:12Z</when>
				<when>2024-11-09T15:24:13Z</when>
				<when>2024-11-09T15:24:14Z</when>
				<when>2024-11-09T15:24:15Z</when>
				<when>2024-11-09T15:24:16Z</when>
				<when>2024-11-09T15:24:17Z</when>
				<when>2024-11-09T15:24:18Z</when>
				<when>2024-11-09T15:24:19Z</when>
				<when>2024-11-09T15:24:20Z</when>
				<when>2024-11-09T15:24:21Z</when>
				<when>2024-11-09T15:24:22Z</when>
				<when>2024-11-09T15:24:23Z</when>
				<when>2024-11-09T15:24:24Z</when>
				<when>2024-11-09T15:24:25Z</when>
				<when>2024-11-09T15:24:26Z</when>
				<when>2024-11-09T15:24:27Z</when>
				<when>2024-11-09T15:24:28Z</when>
				<when>2024-11-09T15:24:29Z</when>
				<when>2024-11-09T15:24:30Z</when>
				<when>2024-11-09T15:24:31Z</when>
				<when>2024-11-09T15:24:32Z</when>
				<when>2024-11-09T15:24:33Z</when>
				<when>2024-11-09T15:24:34Z</when>
				<when>2024-11-09T15:24:35Z</when>
				<when>2024-11-09T15:24:36Z</when>
				<when>2024-11-09T15:24:37Z</when>
				<when>2024-11-09T15:24:38Z</when>
				<when>2024-11-09T15:24:39Z</when>
				<when>2024-11-09T15:24:40Z</when>
				<when>2024-11-09T15:24:41Z</when>
				<when>2024-11-09T15:24:42Z</when>
				<when>2024-11-09T15:24:43Z</when>
				<when>2024-11-09T15:24:44Z</when>
				<when>2024-11-09T15:24:45Z</when>
				<when>2024-11-09T15:24:46Z</when>
				<when>2024-11-09T15:24:47Z</when>
				<when>2024-11-09T15:24:48Z</when>
				<when>2024-11-09T15:24:49Z</when>
				<when>2024-11-09T15:24:50Z</when>
				<when>2024-11-09T15:24:52Z</when>
				<when>2024-11-09T15:24:53Z</when>
				<when>2024-11-09T15:24:54Z</when>
				<when>2024-11-09T15:24:55Z</when>
				<when>2024-11-09T15:24:56Z</when>
				<when>2024-11-09T15:24:57Z</when>
				<when>2024-11-09T15:24:58Z</when>
				<when>2024-11-09T15:24:59Z</when>
				<when>2024-11-09T15:25:00Z</when>
				<when>2024-11-09T15:25:01Z</when>
				<when>2024-11-09T15:25:02Z</when>
				<when>2024-11-09T15:25:03Z</when>
				<when>2024-11-09T15:25:04Z</when>
				<when>2024-11-09T15:25:05Z</when>
				<when>2024-11-09T15:25:06Z</when>
				<when>2024-11-09T15:25:07Z</when>
				<when>2024-11-09T15:25:08Z</when>
				<when>2024-11-09T15:25:09Z</when>
				<when>2024-11-09T15:25:10Z</when>
				<when>2024-11-09T15:25:11Z</when>
				<when>2024-11-09T15:25:12Z</when>
				<when>2024-11-09T15:25:13Z</when>
				<when>2024-11-09T15:25:14Z</when>
				<when>2024-11-09T15:25:15Z</when>
				<when>2024-11-09T15:25:16Z</when>
				<when>2024-11-09T15:25:17Z</when>
				<when>2024-11-09T15:25:18Z</when>
				<when>2024-11-09T15:25:19Z</when>
				<when>2024-11-09T15:25:20Z</when>
				<when>2024-11-09T15:25:21Z</when>
				<when>2024-11-09T15:25:22Z</when>
				<when>2024-11-09T15:25:23Z</when>
				<when>2024-11-09T15:25:24Z</when>
				<when>2024-11-09T15:25:25Z</when>
				<when>2024-11-09T15:25:26Z</when>
				<when>2024-11-09T15:25:27Z</when>
				<when>2024-11-09T15:25:28Z</when>
				<when>2024-11-09T15:25:29Z</when>
				<when>2024-11-09T15:25:30Z</when>
				<when>2024-11-09T15:25:31Z</when>
				<when>2024-11-09T15:25:32Z</when>
				<when>2024-11-09T15:25:33Z</when>
				<when>2024-11-09T15:25:34Z</when>
				<when>2024-11-09T15:25:35Z</when>
				<when>2024-11-09T15:25:36Z</when>
				<when>2024-11-09T15:25:38Z</when>
				<when>2024-11-09T15:25:39Z</when>
				<when>2024-11-09T15:25:40Z</when>
				<when>2024-11-09T15:25:41Z</when>
				<when>2024-11-09T15:25:42Z</when>
				<when>2024-11-09T15:25:43Z</when>
				<when>2024-11-09T15:25:44Z</when>
				<when>2024-11-09T15:25:45Z</when>
				<when>2024-11-09T15:25:46Z</when>
				<when>2024-11-09T15:25:47Z</when>
				<when>2024-11-09T15:25:48Z</when>
				<when>2024-11-09T15:25:49Z</when>
				<when>2024-11-09T15:25:50Z</when>
				<when>2024-11-09T15:25:51Z</when>
				<when>2024-11-09T15:25:52Z</when>
				<when>2024-11-09T15:25:53Z</when>
				<when>2024-11-09T15:25:54Z</when>
				<when>2024-11-09T15:25:55Z</when>
				<when>2024-11-09T15:25:56Z</when>
				<when>2024-11-09T15:25:57Z</when>
				<when>2024-11-09T15:25:58Z</when>
				<when>2024-11-09T15:25:59Z</when>
				<when>2024-11-09T15:26:00Z</when>
				<when>2024-11-09T15:26:01Z</when>
				<when>2024-11-09T15:26:02Z</when>
				<when>2024-11-09T15:26:03Z</when>
				<when>2024-11-09T15:26:04Z</when>
				<when>2024-11-09T15:26:05Z</when>
				<when>2024-11-09T15:26:06Z</when>
				<when>2024-11-09T15:26:07Z</when>
				<when>2024-11-09T15:26:08Z</when>
				<when>2024-11-09T15:26:09Z</when>
				<when>2024-11-09T15:26:10Z</when>
				<when>2024-11-09T15:26:11Z</when>
				<when>2024-11-09T15:26:12Z</when>
				<when>2024-11-09T15:26:13Z</when>
				<when>2024-11-09T15:26:14Z</when>
				<when>2024-11-09T15:26:15Z</when>
				<when>2024-11-09T15:26:16Z</when>
				<when>2024-11-09T15:26:17Z</when>
				<when>2024-11-09T15:26:18Z</when>
				<when>2024-11-09T15:26:19Z</when>
				<when>2024-11-09T15:26:20Z</when>
				<when>2024-11-09T15:26:21Z</when>
				<when>2024-11-09T15:26:22Z</when>
				<when>2024-11-09T15:26:23Z</when>
				<when>2024-11-09T15:26:24Z</when>
				<when>2024-11-09T15:26:25Z</when>
				<when>2024-11-09T15:26:26Z</when>
				<when>2024-11-09T15:26:27Z</when>
				<when>2024-11-09T15:26:28Z</when>
				<when>2024-11-09T15:26:29Z</when>
				<when>2024-11-09T15:26:30Z</when>
				<when>2024-11-09T15:26:31Z</when>
				<when>2024-11-09T15:26:32Z</when>
				<when>2024-11-09T15:26:33Z</when>
				<when>2024-11-09T15:26:34Z</when>
				<when>2024-11-09T15:26:35Z</when>
				<when>2024-11-09T15:26:36Z</when>
				<when>2024-11-09T15:26:37Z</when>
				<when>2024-11-09T15:26:38Z</when>
				<when>2024-11-09T15:26:39Z</when>
				<when>2024-11-09T15:26:40Z</when>
				<when>2024-11-09T15:26:41Z</when>
				<when>2024-11-09T15:26:42Z</when>
				<when>2024-11-09T15:26:43Z</when>
				<when>2024-11-09T15:26:44Z</when>
				<when>2024-11-09T15:26:45Z</when>
				<when>2024-11-09T15:26:46Z</when>
				<when>2024-11-09T15:26:47Z</when>
				<when>2024-11-09T15:26:48Z</when>
				<when>2024-11-09T15:26:49Z</when>
				<when>2024-11-09T15:26:50Z</when>
				<when>2024-11-09T15:26:51Z</when>
				<when>2024-11-09T15:26:52Z</when>
				<when>2024-11-09T15:26:53Z</when>
				<when>2024-11-09T15:26:54Z</when>
				<when>2024-11-09T15:26:55Z</when>
				<when>2024-11-09T15:26:56Z</when>
				<when>2024-11-09T15:26:57Z</when>
				<when>2024-11-09T15:26:58Z</when>
				<when>2024-11-09T15:26:59Z</when>
				<when>2024-11-09T15:27:00Z</when>
				<when>2024-11-09T15:27:01Z</when>
				<when>2024-11-09T15:27:02Z</when>
				<when>2024-11-09T15:27:03Z</when>
				<when>2024-11-09T15:27:04Z</when>
				<when>2024-11-09T15:27:05Z</when>
				<when>2024-11-09T15:27:06Z</when>
				<when>2024-11-09T15:27:07Z</when>
				<when>2024-11-09T15:27:08Z</when>
				<when>2024-11-09T15:27:09Z</when>
				<when>2024-11-09T15:27:10Z</when>
				<when>2024-11-09T15:27:11Z</when>
				<when>2024-11-09T15:27:12Z</when>
				<when>2024-11-09T15:27:13Z</when>
				<when>2024-11-09T15:27:14Z</when>
				<when>2024-11-09T15:27:15Z</when>
				<when>2024-11-09T15:27:16Z</when>
				<when>2024-11-09T15:27:17Z</when>
				<when>2024-11-09T15:27:18Z</when>
				<when>2024-11-09T15:27:19Z</when>
				<when>2024-11-09T15:27:20Z</when>
				<when>2024-11-09T15:27:21Z</when>
				<when>2024-11-09T15:27:22Z</when>
				<when>2024-11-09T15:27:23Z</when>
				<when>2024-11-09T15:27:24Z</when>
				<when>2024-11-09T15:27:25Z</when>
				<when>2024-11-09T15:27:26Z</when>
				<when>2024-11-09T15:27:27Z</when>
				<when>2024-11-09T15:27:28Z</when>
				<when>2024-11-09T15:27:29Z</when>
				<when>2024-11-09T15:27:30Z</when>
				<when>2024-11-09T15:27:31Z</when>
				<when>2024-11-09T15:27:32Z</when>
				<when>2024-11-09T15:27:33Z</when>
				<when>2024-11-09T15:27:34Z</when>
				<when>2024-11-09T15:27:35Z</when>
				<when>2024-11-09T15:27:36Z</when>
				<when>2024-11-09T15:27:37Z</when>
				<when>2024-11-09T15:27:38Z</when>
				<when>2024-11-09T15:27:39Z</when>
				<when>2024-11-09T15:27:40Z</when>
				<when>2024-11-09T15:27:41Z</when>
				<when>2024-11-09T15:27:42Z</when>
				<when>2024-11-09T15:27:43Z</when>
				<when>2024-11-09T15:27:44Z</when>
				<when>2024-11-09T15:27:45Z</when>
				<when>2024-11-09T15:27:46Z</when>
				<when>2024-11-09T15:27:47Z</when>
				<when>2024-11-09T15:27:48Z</when>
				<when>2024-11-09T15:27:49Z</when>
				<when>2024-11-09T15:27:50Z</when>
				<when>2024-11-09T15:27:51Z</when>
				<when>2024-11-09T15:27:52Z</when>
				<when>2024-11-09T15:27:53Z</when>
				<when>2024-11-09T15:27:54Z</when>
				<when>2024-11-09T15:27:55Z</when>
				<when>2024-11-09T15:27:56Z</when>
				<when>2024-11-09T15:27:57Z</when>
				<when>2024-11-09T15:27:58Z</when>
				<when>2024-11-09T15:27:59Z</when>
				<when>2024-11-09T15:28:00Z</when>
				<when>2024-11-09T15:28:01Z</when>
				<when>2024-11-09T15:28:02Z</when>
				<when>2024-11-09T15:28:03Z</when>
				<when>2024-11-09T15:28:04Z</when>
				<when>2024-11-09T15:28:05Z</when>
				<when>2024-11-09T15:28:06Z</when>
				<when>2024-11-09T15:28:07Z</when>
				<when>2024-11-09T15:28:08Z</when>
				<when>2024-11-09T15:28:09Z</when>
				<when>2024-11-09T15:28:10Z</when>
				<when>2024-11-09T15:28:11Z</when>
				<when>2024-11-09T15:28:12Z</when>
				<when>2024-11-09T15:28:13Z</when>
				<when>2024-11-09T15:28:14Z</when>
				<when>2024-11-09T15:28:15Z</when>
				<when>2024-11-09T15:28:16Z</when>
				<when>2024-11-09T15:28:17Z</when>
				<when>2024-11-09T15:28:18Z</when>
				<when>2024-11-09T15:28:19Z</when>
				<when>2024-11-09T15:28:20Z</when>
				<when>2024-11-09T15:28:21Z</when>
				<when>2024-11-09T15:28:22Z</when>
				<when>2024-11-09T15:28:23Z</when>
				<when>2024-11-09T15:28:24Z</when>
				<when>2024-11-09T15:28:25Z</when>
				<when>2024-11-09T15:28:26Z</when>
				<when>2024-11-09T15:28:27Z</when>
				<when>2024-11-09T15:28:28Z</when>
				<when>2024-11-09T15:28:29Z</when>
				<when>2024-11-09T15:28:30Z</when>
				<when>2024-11-09T15:28:31Z</when>
				<when>2024-11-09T15:28:32Z</when>
				<when>2024-11-09T15:28:33Z</when>
				<when>2024-11-09T15:28:34Z</when>
				<when>2024-11-09T15:28:35Z</when>
				<when>2024-11-09T15:28:36Z</when>
				<when>2024-11-09T15:28:37Z</when>
				<when>2024-11-09T15:28:38Z</when>
				<when>2024-11-09T15:28:39Z</when>
				<when>2024-11-09T15:28:40Z</when>
				<when>2024-11-09T15:28:41Z</when>
				<when>2024-11-09T15:28:42Z</when>
				<when>2024-11-09T15:28:43Z</when>
				<when>2024-11-09T15:28:44Z</when>
				<when>2024-11-09T15:28:45Z</when>
				<when>2024-11-09T15:28:46Z</when>
				<when>2024-11-09T15:28:47Z</when>
				<when>2024-11-09T15:28:48Z</when>
				<when>2024-11-09T15:28:49Z</when>
				<when>2024-11-09T15:28:50Z</when>
				<when>2024-11-09T15:28:51Z</when>
				<when>2024-11-09T15:28:52Z</when>
				<when>2024-11-09T15:28:53Z</when>
				<when>2024-11-09T15:28:54Z</when>
				<when>2024-11-09T15:28:55Z</when>
				<when>2024-11-09T15:28:56Z</when>
				<when>2024-11-09T15:28:57Z</when>
				<when>2024-11-09T15:28:58Z</when>
				<when>2024-11-09T15:28:59Z</when>
				<when>2024-11-09T15:29:00Z</when>
				<when>2024-11-09T15:29:01Z</when>
				<when>2024-11-09T15:29:02Z</when>
				<when>2024-11-09T15:29:03Z</when>
				<when>2024-11-09T15:29:04Z</when>
				<when>2024-11-09T15:29:05Z</when>
				<when>2024-11-09T15:29:06Z</when>
				<when>2024-11-09T15:29:07Z</when>
				<when>2024-11-09T15:29:08Z</when>
				<when>2024-11-09T15:29:09Z</when>
				<when>2024-11-09T15:29:10Z</when>
				<when>2024-11-09T15:29:11Z</when>
				<when>2024-11-09T15:29:12Z</when>
				<when>2024-11-09T15:29:13Z</when>
				<when>2024-11-09T15:29:14Z</when>
				<when>2024-11-09T15:29:15Z</when>
				<when>2024-11-09T15:29:16Z</when>
				<when>2024-11-09T15:29:17Z</when>
				<when>2024-11-09T15:29:18Z</when>
				<when>2024-11-09T15:29:18Z</when>
				<when>2024-11-09T15:29:19Z</when>
				<when>2024-11-09T15:29:20Z</when>
				<when>2024-11-09T15:29:21Z</when>
				<when>2024-11-09T15:29:22Z</when>
				<when>2024-11-09T15:29:23Z</when>
				<when>2024-11-09T15:29:24Z</when>
				<when>2024-11-09T15:29:25Z</when>
				<when>2024-11-09T15:29:26Z</when>
				<when>2024-11-09T15:29:27Z</when>
				<when>2024-11-09T15:29:28Z</when>
				<when>2024-11-09T15:29:29Z</when>
				<when>2024-11-09T15:29:30Z</when>
				<when>2024-11-09T15:29:31Z</when>
				<when>2024-11-09T15:29:32Z</when>
				<when>2024-11-09T15:29:33Z</when>
				<when>2024-11-09T15:29:34Z</when>
				<when>2024-11-09T15:29:35Z</when>
				<when>2024-11-09T15:29:36Z</when>
				<when>2024-11-09T15:29:37Z</when>
				<when>2024-11-09T15:29:38Z</when>
				<when>2024-11-09T15:29:39Z</when>
				<when>2024-11-09T15:29:40Z</when>
				<when>2024-11-09T15:29:41Z</when>
				<when>2024-11-09T15:29:42Z</when>
				<when>2024-11-09T15:29:43Z</when>
				<when>2024-11-09T15:29:44Z</when>
				<when>2024-11-09T15:29:45Z</when>
				<when>2024-11-09T15:29:46Z</when>
				<when>2024-11-09T15:29:47Z</when>
				<when>2024-11-09T15:29:48Z</when>
				<when>2024-11-09T15:29:49Z</when>
				<when>2024-11-09T15:29:50Z</when>
				<when>2024-11-09T15:29:51Z</when>
				<when>2024-11-09T15:29:52Z</when>
				<when>2024-11-09T15:29:53Z</when>
				<when>2024-11-09T15:29:54Z</when>
				<when>2024-11-09T15:29:55Z</when>
				<when>2024-11-09T15:29:56Z</when>
				<when>2024-11-09T15:29:57Z</when>
				<when>2024-11-09T15:29:58Z</when>
				<when>2024-11-09T15:29:59Z</when>
				<when>2024-11-09T15:30:00Z</when>
				<when>2024-11-09T15:30:01Z</when>
				<when>2024-11-09T15:30:02Z</when>
				<when>2024-11-09T15:30:03Z</when>
				<when>2024-11-09T15:30:04Z</when>
				<when>2024-11-09T15:30:05Z</when>
				<when>2024-11-09T15:30:06Z</when>
				<when>2024-11-09T15:30:07Z</when>
				<when>2024-11-09T15:30:08Z</when>
				<when>2024-11-09T15:30:09Z</when>
				<when>2024-11-09T15:30:10Z</when>
				<when>2024-11-09T15:30:11Z</when>
				<when>2024-11-09T15:30:12Z</when>
				<when>2024-11-09T15:30:13Z</when>
				<when>2024-11-09T15:30:14Z</when>
				<when>2024-11-09T15:30:15Z</when>
				<when>2024-11-09T15:30:16Z</when>
				<when>2024-11-09T15:30:17Z</when>
				<when>2024-11-09T15:30:18Z</when>
				<when>2024-11-09T15:30:19Z</when>
				<when>2024-11-09T15:30:20Z</when>
				<when>2024-11-09T15:30:21Z</when>
				<when>2024-11-09T15:30:22Z</when>
				<when>2024-11-09T15:30:23Z</when>
				<when>2024-11-09T15:30:24Z</when>
				<when>2024-11-09T15:30:25Z</when>
				<when>2024-11-09T15:30:26Z</when>
				<when>2024-11-09T15:30:27Z</when>
				<when>2024-11-09T15:30:28Z</when>
				<when>2024-11-09T15:30:29Z</when>
				<when>2024-11-09T15:30:30Z</when>
				<when>2024-11-09T15:30:31Z</when>
				<when>2024-11-09T15:30:32Z</when>
				<when>2024-11-09T15:30:33Z</when>
				<when>2024-11-09T15:30:34Z</when>
				<when>2024-11-09T15:30:35Z</when>
				<when>2024-11-09T15:30:36Z</when>
				<when>2024-11-09T15:30:37Z</when>
				<when>2024-11-09T15:30:38Z</when>
				<when>2024-11-09T15:30:39Z</when>
				<when>2024-11-09T15:30:40Z</when>
				<when>2024-11-09T15:30:41Z</when>
				<when>2024-11-09T15:30:42Z</when>
				<when>2024-11-09T15:30:43Z</when>
				<when>2024-11-09T15:30:44Z</when>
				<when>2024-11-09T15:30:45Z</when>
				<when>2024-11-09T15:30:46Z</when>
				<when>2024-11-09T15:30:47Z</when>
				<when>2024-11-09T15:30:48Z</when>
				<when>2024-11-09T15:30:49Z</when>
				<when>2024-11-09T15:30:50Z</when>
				<when>2024-11-09T15:30:51Z</when>
				<when>2024-11-09T15:30:52Z</when>
				<when>2024-11-09T15:30:53Z</when>
				<when>2024-11-09T15:30:54Z</when>
				<when>2024-11-09T15:30:55Z</when>
				<when>2024-11-09T15:30:56Z</when>
				<when>2024-11-09T15:30:57Z</when>
				<when>2024-11-09T15:30:58Z</when>
				<when>2024-11-09T15:30:59Z</when>
				<when>2024-11-09T15:31:00Z</when>
				<when>2024-11-09T15:31:01Z</when>
				<when>2024-11-09T15:31:02Z</when>
				<when>2024-11-09T15:31:03Z</when>
				<when>2024-11-09T15:31:04Z</when>
				<when>2024-11-09T15:31:05Z</when>
				<when>2024-11-09T15:31:06Z</when>
				<when>2024-11-09T15:31:07Z</when>
				<when>2024-11-09T15:31:08Z</when>
				<when>2024-11-09T15:31:09Z</when>
				<when>2024-11-09T15:31:10Z</when>
				<when>2024-11-09T15:31:11Z</when>
				<when>2024-11-09T15:31:12Z</when>
				<when>2024-11-09T15:31:13Z</when>
				<when>2024-11-09T15:31:14Z</when>
				<when>2024-11-09T15:31:15Z</when>
				<when>2024-11-09T15:31:16Z</when>
				<when>2024-11-09T15:31:17Z</when>
				<when>2024-11-09T15:31:18Z</when>
				<when>2024-11-09T15:31:19Z</when>
				<when>2024-11-09T15:31:20Z</when>
				<when>2024-11-09T15:31:21Z</when>
				<when>2024-11-09T15:31:22Z</when>
				<when>2024-11-09T15:31:23Z</when>
				<when>2024-11-09T15:31:24Z</when>
				<when>2024-11-09T15:31:25Z</when>
				<when>2024-11-09T15:31:26Z</when>
				<when>2024-11-09T15:31:27Z</when>
				<when>2024-11-09T15:31:28Z</when>
				<when>2024-11-09T15:31:29Z</when>
				<when>2024-11-09T15:31:30Z</when>
				<when>2024-11-09T15:31:31Z</when>
				<when>2024-11-09T15:31:32Z</when>
				<when>2024-11-09T15:31:33Z</when>
				<when>2024-11-09T15:31:34Z</when>
				<when>2024-11-09T15:31:35Z</when>
				<when>2024-11-09T15:31:36Z</when>
				<when>2024-11-09T15:31:37Z</when>
				<when>2024-11-09T15:31:38Z</when>
				<when>2024-11-09T15:31:39Z</when>
				<when>2024-11-09T15:31:40Z</when>
				<when>2024-11-09T15:31:41Z</when>
				<when>2024-11-09T15:31:42Z</when>
				<when>2024-11-09T15:31:43Z</when>
				<when>2024-11-09T15:31:44Z</when>
				<when>2024-11-09T15:31:45Z</when>
				<when>2024-11-09T15:31:46Z</when>
				<when>2024-11-09T15:31:47Z</when>
				<when>2024-11-09T15:31:48Z</when>
				<when>2024-11-09T15:31:49Z</when>
				<when>2024-11-09T15:31:50Z</when>
				<when>2024-11-09T15:31:51Z</when>
				<when>2024-11-09T15:31:52Z</when>
				<when>2024-11-09T15:31:53Z</when>
				<when>2024-11-09T15:31:54Z</when>
				<when>2024-11-09T15:31:55Z</when>
				<when>2024-11-09T15:31:56Z</when>
				<when>2024-11-09T15:31:57Z</when>
				<when>2024-11-09T15:31:58Z</when>
				<when>2024-11-09T15:31:59Z</when>
				<when>2024-11-09T15:32:00Z</when>
				<when>2024-11-09T15:32:01Z</when>
				<when>2024-11-09T15:32:02Z</when>
				<when>2024-11-09T15:32:03Z</when>
				<when>2024-11-09T15:32:04Z</when>
				<when>2024-11-09T15:32:05Z</when>
				<when>2024-11-09T15:32:06Z</when>
				<when>2024-11-09T15:32:07Z</when>
				<when>2024-11-09T15:32:08Z</when>
				<when>2024-11-09T15:32:09Z</when>
				<when>2024-11-09T15:32:10Z</when>
				<when>2024-11-09T15:32:11Z</when>
				<when>2024-11-09T15:32:12Z</when>
				<when>2024-11-09T15:32:13Z</when>
				<when>2024-11-09T15:32:14Z</when>
				<when>2024-11-09T15:32:15Z</when>
				<when>2024-11-09T15:32:16Z</when>
				<when>2024-11-09T15:32:17Z</when>
				<when>2024-11-09T15:32:18Z</when>
				<when>2024-11-09T15:32:19Z</when>
				<when>2024-11-09T15:32:20Z</when>
				<when>2024-11-09T15:32:21Z</when>
				<when>2024-11-09T15:32:22Z</when>
				<when>2024-11-09T15:32:23Z</when>
				<when>2024-11-09T15:32:24Z</when>
				<when>2024-11-09T15:32:25Z</when>
				<when>2024-11-09T15:32:26Z</when>
				<when>2024-11-09T15:32:27Z</when>
				<when>2024-11-09T15:32:28Z</when>
				<when>2024-11-09T15:32:29Z</when>
				<when>2024-11-09T15:32:30Z</when>
				<when>2024-11-09T15:32:31Z</when>
				<when>2024-11-09T15:32:32Z</when>
				<when>2024-11-09T15:32:33Z</when>
				<when>2024-11-09T15:32:34Z</when>
				<when>2024-11-09T15:32:35Z</when>
				<when>2024-11-09T15:32:36Z</when>
				<when>2024-11-09T15:32:37Z</when>
				<when>2024-11-09T15:32:38Z</when>
				<when>2024-11-09T15:32:39Z</when>
				<when>2024-11-09T15:32:40Z</when>
				<when>2024-11-09T15:32:41Z</when>
				<when>2024-11-09T15:32:42Z</when>
				<when>2024-11-09T15:32:43Z</when>
				<when>2024-11-09T15:32:44Z</when>
				<when>2024-11-09T15:32:45Z</when>
				<when>2024-11-09T15:32:46Z</when>
				<when>2024-11-09T15:32:47Z</when>
				<when>2024-11-09T15:32:48Z</when>
				<when>2024-11-09T15:32:49Z</when>
				<when>2024-11-09T15:32:50Z</when>
				<when>2024-11-09T15:32:51Z</when>
				<when>2024-11-09T15:32:52Z</when>
				<when>2024-11-09T15:32:53Z</when>
				<when>2024-11-09T15:32:54Z</when>
				<when>2024-11-09T15:32:55Z</when>
				<when>2024-11-09T15:32:56Z</when>
				<when>2024-11-09T15:32:57Z</when>
				<when>2024-11-09T15:32:58Z</when>
				<when>2024-11-09T15:32:59Z</when>
				<when>2024-11-09T15:33:00Z</when>
				<when>2024-11-09T15:33:01Z</when>
				<when>2024-11-09T15:33:02Z</when>
				<when>2024-11-09T15:33:03Z</when>
				<when>2024-11-09T15:33:04Z</when>
				<when>2024-11-09T15:33:05Z</when>
				<when>2024-11-09T15:33:06Z</when>
				<when>2024-11-09T15:33:07Z</when>
				<when>2024-11-09T15:33:08Z</when>
				<when>2024-11-09T15:33:09Z</when>
				<when>2024-11-09T15:33:10Z</when>
				<when>2024-11-09T15:33:11Z</when>
				<when>2024-11-09T15:33:12Z</when>
				<when>2024-11-09T15:33:13Z</when>
				<when>2024-11-09T15:33:14Z</when>
				<when>2024-11-09T15:33:15Z</when>
				<when>2024-11-09T15:33:16Z</when>
				<when>2024-11-09T15:33:17Z</when>
				<when>2024-11-09T15:33:18Z</when>
				<when>2024-11-09T15:33:19Z</when>
				<when>2024-11-09T15:33:20Z</when>
				<when>2024-11-09T15:33:21Z</when>
				<when>2024-11-09T15:33:22Z</when>
				<when>2024-11-09T15:33:23Z</when>
				<when>2024-11-09T15:33:24Z</when>
				<when>2024-11-09T15:33:25Z</when>
				<when>2024-11-09T15:33:26Z</when>
				<when>2024-11-09T15:33:27Z</when>
				<when>2024-11-09T15:33:28Z</when>
				<when>2024-11-09T15:33:29Z</when>
				<when>2024-11-09T15:33:30Z</when>
				<when>2024-11-09T15:33:31Z</when>
				<when>2024-11-09T15:33:32Z</when>
				<when>2024-11-09T15:33:33Z</when>
				<when>2024-11-09T15:33:34Z</when>
				<when>2024-11-09T15:33:35Z</when>
				<when>2024-11-09T15:33:36Z</when>
				<when>2024-11-09T15:33:37Z</when>
				<when>2024-11-09T15:33:38Z</when>
				<when>2024-11-09T15:33:39Z</when>
				<when>2024-11-09T15:33:40Z</when>
				<when>2024-11-09T15:33:41Z</when>
				<when>2024-11-09T15:33:42Z</when>
				<when>2024-11-09T15:33:43Z</when>
				<when>2024-11-09T15:33:44Z</when>
				<when>2024-11-09T15:33:45Z</when>
				<when>2024-11-09T15:33:46Z</when>
				<when>2024-11-09T15:33:47Z</when>
				<when>2024-11-09T15:33:48Z</when>
				<when>2024-11-09T15:33:49Z</when>
				<when>2024-11-09T15:33:50Z</when>
				<when>2024-11-09T15:33:51Z</when>
				<when>2024-11-09T15:33:52Z</when>
				<when>2024-11-09T15:33:53Z</when>
				<when>2024-11-09T15:33:54Z</when>
				<when>2024-11-09T15:33:55Z</when>
				<when>2024-11-09T15:33:56Z</when>
				<when>2024-11-09T15:33:57Z</when>
				<when>2024-11-09T15:33:58Z</when>
				<when>2024-11-09T15:33:59Z</when>
				<when>2024-11-09T15:34:00Z</when>
				<when>2024-11-09T15:34:01Z</when>
				<when>2024-11-09T15:34:02Z</when>
				<when>2024-11-09T15:34:03Z</when>
				<when>2024-11-09T15:34:04Z</when>
				<when>2024-11-09T15:34:05Z</when>
				<when>2024-11-09T15:34:06Z</when>
				<when>2024-11-09T15:34:07Z</when>
				<when>2024-11-09T15:34:08Z</when>
				<when>2024-11-09T15:34:09Z</when>
				<when>2024-11-09T15:34:10Z</when>
				<when>2024-11-09T15:34:11Z</when>
				<when>2024-11-09T15:34:12Z</when>
				<when>2024-11-09T15:34:13Z</when>
				<when>2024-11-09T15:34:14Z</when>
				<when>2024-11-09T15:34:15Z</when>
				<when>2024-11-09T15:34:16Z</when>
				<when>2024-11-09T15:34:17Z</when>
				<when>2024-11-09T15:34:18Z</when>
				<when>2024-11-09T15:34:19Z</when>
				<when>2024-11-09T15:34:20Z</when>
				<when>2024-11-09T15:34:21Z</when>
				<when>2024-11-09T15:34:22Z</when>
				<when>2024-11-09T15:34:23Z</when>
				<when>2024-11-09T15:34:24Z</when>
				<when>2024-11-09T15:34:25Z</when>
				<when>2024-11-09T15:34:26Z</when>
				<when>2024-11-09T15:34:27Z</when>
				<when>2024-11-09T15:34:28Z</when>
				<when>2024-11-09T15:34:29Z</when>
				<when>2024-11-09T15:34:30Z</when>
				<when>2024-11-09T15:34:31Z</when>
				<when>2024-11-09T15:34:32Z</when>
				<when>2024-11-09T15:34:33Z</when>
				<when>2024-11-09T15:34:34Z</when>
				<when>2024-11-09T15:34:35Z</when>
				<when>2024-11-09T15:34:36Z</when>
				<when>2024-11-09T15:34:37Z</when>
				<when>2024-11-09T15:34:38Z</when>
				<when>2024-11-09T15:34:39Z</when>
				<when>2024-11-09T15:34:40Z</when>
				<when>2024-11-09T15:34:41Z</when>
				<when>2024-11-09T15:34:42Z</when>
				<when>2024-11-09T15:34:43Z</when>
				<when>2024-11-09T15:34:44Z</when>
				<when>2024-11-09T15:34:45Z</when>
				<when>2024-11-09T15:34:46Z</when>
				<when>2024-11-09T15:34:47Z</when>
				<when>2024-11-09T15:34:48Z</when>
				<when>2024-11-09T15:34:49Z</when>
				<when>2024-11-09T15:34:50Z</when>
				<when>2024-11-09T15:34:51Z</when>
				<when>2024-11-09T15:34:52Z</when>
				<when>2024-11-09T15:34:53Z</when>
				<when>2024-11-09T15:34:54Z</when>
				<when>2024-11-09T15:34:55Z</when>
				<when>2024-11-09T15:34:56Z</when>
				<when>2024-11-09T15:34:57Z</when>
				<when>2024-11-09T15:34:58Z</when>
				<when>2024-11-09T15:34:59Z</when>
				<when>2024-11-09T15:35:00Z</when>
				<when>2024-11-09T15:35:01Z</when>
				<when>2024-11-09T15:35:02Z</when>
				<when>2024-11-09T15:35:03Z</when>
				<when>2024-11-09T15:35:04Z</when>
				<when>2024-11-09T15:35:05Z</when>
				<when>2024-11-09T15:35:06Z</when>
				<when>2024-11-09T15:35:07Z</when>
				<when>2024-11-09T15:35:08Z</when>
				<when>2024-11-09T15:35:09Z</when>
				<when>2024-11-09T15:35:10Z</when>
				<when>2024-11-09T15:35:11Z</when>
				<when>2024-11-09T15:35:12Z</when>
				<when>2024-11-09T15:35:13Z</when>
				<when>2024-11-09T15:35:14Z</when>
				<when>2024-11-09T15:35:15Z</when>
				<when>2024-11-09T15:35:16Z</when>
				<when>2024-11-09T15:35:17Z</when>
				<when>2024-11-09T15:35:18Z</when>
				<when>2024-11-09T15:35:19Z</when>
				<when>2024-11-09T15:35:20Z</when>
				<when>2024-11-09T15:35:21Z</when>
				<when>2024-11-09T15:35:22Z</when>
				<when>2024-11-09T15:35:23Z</when>
				<when>2024-11-09T15:35:24Z</when>
				<when>2024-11-09T15:35:25Z</when>
				<when>2024-11-09T15:35:26Z</when>
				<when>2024-11-09T15:35:27Z</when>
				<when>2024-11-09T15:35:28Z</when>
				<when>2024-11-09T15:35:29Z</when>
				<when>2024-11-09T15:35:30Z</when>
				<when>2024-11-09T15:35:31Z</when>
				<when>2024-11-09T15:35:32Z</when>
				<when>2024-11-09T15:35:33Z</when>
				<when>2024-11-09T15:35:34Z</when>
				<when>2024-11-09T15:35:35Z</when>
				<when>2024-11-09T15:35:36Z</when>
				<when>2024-11-09T15:35:37Z</when>
				<when>2024-11-09T15:35:38Z</when>
				<when>2024-11-09T15:35:39Z</when>
				<when>2024-11-09T15:35:40Z</when>
				<when>2024-11-09T15:35:41Z</when>
				<when>2024-11-09T15:35:42Z</when>
				<when>2024-11-09T15:35:43Z</when>
				<when>2024-11-09T15:35:44Z</when>
				<when>2024-11-09T15:35:45Z</when>
				<when>2024-11-09T15:35:46Z</when>
				<when>2024-11-09T15:35:47Z</when>
				<when>2024-11-09T15:35:48Z</when>
				<when>2024-11-09T15:35:49Z</when>
				<when>2024-11-09T15:35:50Z</when>
				<when>2024-11-09T15:35:51Z</when>
				<when>2024-11-09T15:35:52Z</when>
				<when>2024-11-09T15:35:53Z</when>
				<when>2024-11-09T15:35:54Z</when>
				<when>2024-11-09T15:35:55Z</when>
				<when>2024-11-09T15:35:56Z</when>
				<when>2024-11-09T15:35:57Z</when>
				<when>2024-11-09T15:35:58Z</when>
				<when>2024-11-09T15:35:59Z</when>
				<when>2024-11-09T15:36:00Z</when>
				<when>2024-11-09T15:36:01Z</when>
				<when>2024-11-09T15:36:02Z</when>
				<when>2024-11-09T15:36:03Z</when>
				<when>2024-11-09T15:36:04Z</when>
				<when>2024-11-09T15:36:05Z</when>
				<when>2024-11-09T15:36:06Z</when>
				<when>2024-11-09T15:36:07Z</when>
				<when>2024-11-09T15:36:08Z</when>
				<when>2024-11-09T15:36:09Z</when>
				<when>2024-11-09T15:36:10Z</when>
				<when>2024-11-09T15:36:11Z</when>
				<when>2024-11-09T15:36:12Z</when>
				<when>2024-11-09T15:36:13Z</when>
				<when>2024-11-09T15:36:14Z</when>
				<when>2024-11-09T15:36:15Z</when>
				<when>2024-11-09T15:36:16Z</when>
				<when>2024-11-09T15:36:17Z</when>
				<when>2024-11-09T15:36:18Z</when>
				<when>2024-11-09T15:36:19Z</when>
				<when>2024-11-09T15:36:20Z</when>
				<when>2024-11-09T15:36:21Z</when>
				<when>2024-11-09T15:36:22Z</when>
				<when>2024-11-09T15:36:23Z</when>
				<when>2024-11-09T15:36:24Z</when>
				<when>2024-11-09T15:36:25Z</when>
				<when>2024-11-09T15:36:26Z</when>
				<when>2024-11-09T15:36:27Z</when>
				<when>2024-11-09T15:36:28Z</when>
				<when>2024-11-09T15:36:29Z</when>
				<when>2024-11-09T15:36:30Z</when>
				<when>2024-11-09T15:36:31Z</when>
				<when>2024-11-09T15:36:32Z</when>
				<when>2024-11-09T15:36:33Z</when>
				<when>2024-11-09T15:36:34Z</when>
				<when>2024-11-09T15:36:35Z</when>
				<when>2024-11-09T15:36:36Z</when>
				<when>2024-11-09T15:36:37Z</when>
				<when>2024-11-09T15:36:38Z</when>
				<when>2024-11-09T15:36:39Z</when>
				<when>2024-11-09T15:36:40Z</when>
				<when>2024-11-09T15:36:41Z</when>
				<when>2024-11-09T15:36:42Z</when>
				<when>2024-11-09T15:36:43Z</when>
				<when>2024-11-09T15:36:44Z</when>
				<when>2024-11-09T15:36:45Z</when>
				<when>2024-11-09T15:36:46Z</when>
				<when>2024-11-09T15:36:47Z</when>
				<when>2024-11-09T15:36:48Z</when>
				<when>2024-11-09T15:36:49Z</when>
				<when>2024-11-09T15:36:50Z</when>
				<when>2024-11-09T15:36:51Z</when>
				<when>2024-11-09T15:36:52Z</when>
				<when>2024-11-09T15:36:53Z</when>
				<when>2024-11-09T15:36:54Z</when>
				<when>2024-11-09T15:36:55Z</when>
				<when>2024-11-09T15:36:56Z</when>
				<when>2024-11-09T15:36:57Z</when>
				<when>2024-11-09T15:36:58Z</when>
				<when>2024-11-09T15:36:59Z</when>
				<when>2024-11-09T15:37:00Z</when>
				<when>2024-11-09T15:37:01Z</when>
				<when>2024-11-09T15:37:02Z</when>
				<when>2024-11-09T15:37:03Z</when>
				<when>2024-11-09T15:37:04Z</when>
				<when>2024-11-09T15:37:05Z</when>
				<when>2024-11-09T15:37:06Z</when>
				<when>2024-11-09T15:37:07Z</when>
				<when>2024-11-09T15:37:08Z</when>
				<when>2024-11-09T15:37:09Z</when>
				<when>2024-11-09T15:37:10Z</when>
				<when>2024-11-09T15:37:11Z</when>
				<when>2024-11-09T15:37:12Z</when>
				<when>2024-11-09T15:37:13Z</when>
				<when>2024-11-09T15:37:14Z</when>
				<when>2024-11-09T15:37:15Z</when>
				<when>2024-11-09T15:37:16Z</when>
				<when>2024-11-09T15:37:17Z</when>
				<when>2024-11-09T15:37:18Z</when>
				<when>2024-11-09T15:37:19Z</when>
				<when>2024-11-09T15:37:20Z</when>
				<when>2024-11-09T15:37:21Z</when>
				<when>2024-11-09T15:37:22Z</when>
				<when>2024-11-09T15:37:23Z</when>
				<when>2024-11-09T15:37:24Z</when>
				<when>2024-11-09T15:37:25Z</when>
				<when>2024-11-09T15:37:26Z</when>
				<when>2024-11-09T15:37:27Z</when>
				<when>2024-11-09T15:37:28Z</when>
				<when>2024-11-09T15:37:29Z</when>
				<when>2024-11-09T15:37:30Z</when>
				<when>2024-11-09T15:37:31Z</when>
				<when>2024-11-09T15:37:32Z</when>
				<when>2024-11-09T15:37:33Z</when>
				<when>2024-11-09T15:37:34Z</when>
				<when>2024-11-09T15:37:35Z</when>
				<when>2024-11-09T15:37:36Z</when>
				<when>2024-11-09T15:37:37Z</when>
				<when>2024-11-09T15:37:38Z</when>
				<when>2024-11-09T15:37:39Z</when>
				<when>2024-11-09T15:37:40Z</when>
				<when>2024-11-09T15:37:41Z</when>
				<when>2024-11-09T15:37:42Z</when>
				<when>2024-11-09T15:37:43Z</when>
				<when>2024-11-09T15:37:44Z</when>
				<when>2024-11-09T15:37:45Z</when>
				<when>2024-11-09T15:37:46Z</when>
				<when>2024-11-09T15:37:47Z</when>
				<when>2024-11-09T15:37:48Z</when>
				<when>2024-11-09T15:37:49Z</when>
				<when>2024-11-09T15:37:50Z</when>
				<when>2024-11-09T15:37:51Z</when>
				<when>2024-11-09T15:37:52Z</when>
				<when>2024-11-09T15:37:53Z</when>
				<when>2024-11-09T15:37:54Z</when>
				<when>2024-11-09T15:37:55Z</when>
				<when>2024-11-09T15:37:56Z</when>
				<when>2024-11-09T15:37:57Z</when>
				<when>2024-11-09T15:37:58Z</when>
				<when>2024-11-09T15:37:59Z</when>
				<when>2024-11-09T15:38:00Z</when>
				<when>2024-11-09T15:38:01Z</when>
				<when>2024-11-09T15:38:02Z</when>
				<when>2024-11-09T15:38:03Z</when>
				<when>2024-11-09T15:38:04Z</when>
				<when>2024-11-09T15:38:05Z</when>
				<when>2024-11-09T15:38:06Z</when>
				<when>2024-11-09T15:38:07Z</when>
				<when>2024-11-09T15:38:08Z</when>
				<when>2024-11-09T15:38:09Z</when>
				<when>2024-11-09T15:38:10Z</when>
				<when>2024-11-09T15:38:11Z</when>
				<when>2024-11-09T15:38:12Z</when>
				<when>2024-11-09T15:38:13Z</when>
				<when>2024-11-09T15:38:14Z</when>
				<when>2024-11-09T15:38:15Z</when>
				<when>2024-11-09T15:38:16Z</when>
				<when>2024-11-09T15:38:17Z</when>
				<when>2024-11-09T15:38:18Z</when>
				<when>2024-11-09T15:38:19Z</when>
				<when>2024-11-09T15:38:20Z</when>
				<when>2024-11-09T15:38:21Z</when>
				<when>2024-11-09T15:38:22Z</when>
				<when>2024-11-09T15:38:23Z</when>
				<when>2024-11-09T15:38:24Z</when>
				<when>2024-11-09T15:38:25Z</when>
				<when>2024-11-09T15:38:26Z</when>
				<when>2024-11-09T15:38:27Z</when>
				<when>2024-11-09T15:38:28Z</when>
				<when>2024-11-09T15:38:29Z</when>
				<when>2024-11-09T15:38:30Z</when>
				<when>2024-11-09T15:38:31Z</when>
				<when>2024-11-09T15:38:32Z</when>
				<when>2024-11-09T15:38:33Z</when>
				<when>2024-11-09T15:38:34Z</when>
				<when>2024-11-09T15:38:35Z</when>
				<when>2024-11-09T15:38:36Z</when>
				<when>2024-11-09T15:38:37Z</when>
				<when>2024-11-09T15:38:38Z</when>
				<when>2024-11-09T15:38:39Z</when>
				<when>2024-11-09T15:38:40Z</when>
				<when>2024-11-09T15:38:41Z</when>
				<when>2024-11-09T15:38:42Z</when>
				<when>2024-11-09T15:38:43Z</when>
				<when>2024-11-09T15:38:44Z</when>
				<when>2024-11-09T15:38:45Z</when>
				<when>2024-11-09T15:38:46Z</when>
				<when>2024-11-09T15:38:47Z</when>
				<when>2024-11-09T15:38:48Z</when>
				<when>2024-11-09T15:38:49Z</when>
				<when>2024-11-09T15:38:50Z</when>
				<when>2024-11-09T15:38:51Z</when>
				<when>2024-11-09T15:38:52Z</when>
				<when>2024-11-09T15:38:53Z</when>
				<when>2024-11-09T15:38:54Z</when>
				<when>2024-11-09T15:38:55Z</when>
				<when>2024-11-09T15:38:56Z</when>
				<when>2024-11-09T15:38:57Z</when>
				<when>2024-11-09T15:38:58Z</when>
				<when>2024-11-09T15:38:59Z</when>
				<when>2024-11-09T15:39:00Z</when>
				<when>2024-11-09T15:39:01Z</when>
				<when>2024-11-09T15:39:02Z</when>
				<when>2024-11-09T15:39:04Z</when>
				<when>2024-11-09T15:39:05Z</when>
				<when>2024-11-09T15:39:06Z</when>
				<when>2024-11-09T15:39:07Z</when>
				<when>2024-11-09T15:39:08Z</when>
				<when>2024-11-09T15:39:09Z</when>
				<when>2024-11-09T15:39:10Z</when>
				<when>2024-11-09T15:39:11Z</when>
				<when>2024-11-09T15:39:12Z</when>
				<when>2024-11-09T15:39:13Z</when>
				<when>2024-11-09T15:39:14Z</when>
				<when>2024-11-09T15:39:15Z</when>
				<when>2024-11-09T15:39:16Z</when>
				<when>2024-11-09T15:39:17Z</when>
				<when>2024-11-09T15:39:18Z</when>
				<when>2024-11-09T15:39:19Z</when>
				<when>2024-11-09T15:39:20Z</when>
				<when>2024-11-09T15:39:21Z</when>
				<when>2024-11-09T15:39:22Z</when>
				<when>2024-11-09T15:39:23Z</when>
				<when>2024-11-09T15:39:24Z</when>
				<when>2024-11-09T15:39:25Z</when>
				<when>2024-11-09T15:39:26Z</when>
				<when>2024-11-09T15:39:27Z</when>
				<when>2024-11-09T15:39:28Z</when>
				<when>2024-11-09T15:39:29Z</when>
				<when>2024-11-09T15:39:30Z</when>
				<when>2024-11-09T15:39:31Z</when>
				<when>2024-11-09T15:39:32Z</when>
				<when>2024-11-09T15:39:33Z</when>
				<when>2024-11-09T15:39:34Z</when>
				<when>2024-11-09T15:39:35Z</when>
				<when>2024-11-09T15:39:36Z</when>
				<when>2024-11-09T15:39:37Z</when>
				<when>2024-11-09T15:39:38Z</when>
				<when>2024-11-09T15:39:39Z</when>
				<when>2024-11-09T15:39:40Z</when>
				<when>2024-11-09T15:39:41Z</when>
				<when>2024-11-09T15:39:42Z</when>
				<when>2024-11-09T15:39:43Z</when>
				<when>2024-11-09T15:39:44Z</when>
				<when>2024-11-09T15:39:45Z</when>
				<when>2024-11-09T15:39:46Z</when>
				<when>2024-11-09T15:39:47Z</when>
				<when>2024-11-09T15:39:48Z</when>
				<when>2024-11-09T15:39:49Z</when>
				<when>2024-11-09T15:39:50Z</when>
				<when>2024-11-09T15:39:51Z</when>
				<when>2024-11-09T15:39:52Z</when>
				<when>2024-11-09T15:39:53Z</when>
				<when>2024-11-09T15:39:54Z</when>
				<when>2024-11-09T15:39:55Z</when>
				<when>2024-11-09T15:39:56Z</when>
				<when>2024-11-09T15:39:57Z</when>
				<when>2024-11-09T15:39:58Z</when>
				<when>2024-11-09T15:39:59Z</when>
				<when>2024-11-09T15:40:00Z</when>
				<when>2024-11-09T15:40:01Z</when>
				<when>2024-11-09T15:40:02Z</when>
				<when>2024-11-09T15:40:03Z</when>
				<when>2024-11-09T15:40:04Z</when>
				<when>2024-11-09T15:40:05Z</when>
				<when>2024-11-09T15:40:06Z</when>
				<when>2024-11-09T15:40:07Z</when>
				<when>2024-11-09T15:40:08Z</when>
				<when>2024-11-09T15:40:09Z</when>
				<when>2024-11-09T15:40:10Z</when>
				<when>2024-11-09T15:40:11Z</when>
				<when>2024-11-09T15:40:12Z</when>
				<when>2024-11-09T15:40:13Z</when>
				<when>2024-11-09T15:40:14Z</when>
				<when>2024-11-09T15:40:15Z</when>
				<when>2024-11-09T15:40:16Z</when>
				<when>2024-11-09T15:40:17Z</when>
				<when>2024-11-09T15:40:18Z</when>
				<when>2024-11-09T15:40:19Z</when>
				<when>2024-11-09T15:40:20Z</when>
				<when>2024-11-09T15:40:21Z</when>
				<when>2024-11-09T15:40:22Z</when>
				<when>2024-11-09T15:40:23Z</when>
				<when>2024-11-09T15:40:24Z</when>
				<when>2024-11-09T15:40:25Z</when>
				<when>2024-11-09T15:40:26Z</when>
				<when>2024-11-09T15:40:27Z</when>
				<when>2024-11-09T15:40:28Z</when>
				<when>2024-11-09T15:40:29Z</when>
				<when>2024-11-09T15:40:30Z</when>
				<when>2024-11-09T15:40:31Z</when>
				<when>2024-11-09T15:40:32Z</when>
				<when>2024-11-09T15:40:33Z</when>
				<when>2024-11-09T15:40:34Z</when>
				<when>2024-11-09T15:40:35Z</when>
				<when>2024-11-09T15:40:36Z</when>
				<when>2024-11-09T15:40:37Z</when>
				<when>2024-11-09T15:40:38Z</when>
				<when>2024-11-09T15:40:39Z</when>
				<when>2024-11-09T15:40:40Z</when>
				<when>2024-11-09T15:40:41Z</when>
				<when>2024-11-09T15:40:42Z</when>
				<when>2024-11-09T15:40:43Z</when>
				<when>2024-11-09T15:40:44Z</when>
				<when>2024-11-09T15:40:45Z</when>
				<when>2024-11-09T15:40:46Z</when>
				<when>2024-11-09T15:40:47Z</when>
				<when>2024-11-09T15:40:48Z</when>
				<when>2024-11-09T15:40:49Z</when>
				<when>2024-11-09T15:40:50Z</when>
				<when>2024-11-09T15:40:51Z</when>
				<when>2024-11-09T15:40:52Z</when>
				<when>2024-11-09T15:40:53Z</when>
				<when>2024-11-09T15:40:54Z</when>
				<when>2024-11-09T15:40:55Z</when>
				<when>2024-11-09T15:40:56Z</when>
				<when>2024-11-09T15:40:57Z</when>
				<when>2024-11-09T15:40:58Z</when>
				<when>2024-11-09T15:40:59Z</when>
				<when>2024-11-09T15:41:00Z</when>
				<when>2024-11-09T15:41:01Z</when>
				<when>2024-11-09T15:41:02Z</when>
				<when>2024-11-09T15:41:03Z</when>
				<when>2024-11-09T15:41:04Z</when>
				<when>2024-11-09T15:41:05Z</when>
				<when>2024-11-09T15:41:06Z</when>
				<when>2024-11-09T15:41:07Z</when>
				<when>2024-11-09T15:41:08Z</when>
				<when>2024-11-09T15:41:09Z</when>
				<when>2024-11-09T15:41:10Z</when>
				<when>2024-11-09T15:41:11Z</when>
				<when>2024-11-09T15:41:12Z</when>
				<when>2024-11-09T15:41:13Z</when>
				<when>2024-11-09T15:41:14Z</when>
				<when>2024-11-09T15:41:15Z</when>
				<when>2024-11-09T15:41:16Z</when>
				<when>2024-11-09T15:41:17Z</when>
				<when>2024-11-09T15:41:18Z</when>
				<when>2024-11-09T15:41:19Z</when>
				<when>2024-11-09T15:41:20Z</when>
				<when>2024-11-09T15:41:21Z</when>
				<when>2024-11-09T15:41:22Z</when>
				<when>2024-11-09T15:41:23Z</when>
				<when>2024-11-09T15:41:24Z</when>
				<when>2024-11-09T15:41:25Z</when>
				<when>2024-11-09T15:41:26Z</when>
				<when>2024-11-09T15:41:27Z</when>
				<when>2024-11-09T15:41:28Z</when>
				<when>2024-11-09T15:41:29Z</when>
				<when>2024-11-09T15:41:30Z</when>
				<when>2024-11-09T15:41:31Z</when>
				<when>2024-11-09T15:41:32Z</when>
				<when>2024-11-09T15:41:33Z</when>
				<when>2024-11-09T15:41:34Z</when>
				<when>2024-11-09T15:41:35Z</when>
				<when>2024-11-09T15:41:36Z</when>
				<when>2024-11-09T15:41:37Z</when>
				<when>2024-11-09T15:41:38Z</when>
				<when>2024-11-09T15:41:39Z</when>
				<when>2024-11-09T15:41:40Z</when>
				<when>2024-11-09T15:41:41Z</when>
				<when>2024-11-09T15:41:42Z</when>
				<when>2024-11-09T15:41:43Z</when>
				<when>2024-11-09T15:41:44Z</when>
				<when>2024-11-09T15:41:45Z</when>
				<when>2024-11-09T15:41:46Z</when>
				<when>2024-11-09T15:41:47Z</when>
				<when>2024-11-09T15:41:48Z</when>
				<when>2024-11-09T15:41:49Z</when>
				<when>2024-11-09T15:41:50Z</when>
				<when>2024-11-09T15:41:51Z</when>
				<when>2024-11-09T15:41:52Z</when>
				<when>2024-11-09T15:41:53Z</when>
				<when>2024-11-09T15:41:54Z</when>
				<when>2024-11-09T15:41:55Z</when>
				<when>2024-11-09T15:41:56Z</when>
				<when>2024-11-09T15:41:57Z</when>
				<when>2024-11-09T15:41:58Z</when>
				<when>2024-11-09T15:41:59Z</when>
				<when>2024-11-09T15:42:00Z</when>
				<when>2024-11-09T15:42:01Z</when>
				<when>2024-11-09T15:42:02Z</when>
				<when>2024-11-09T15:42:03Z</when>
				<when>2024-11-09T15:42:04Z</when>
				<when>2024-11-09T15:42:05Z</when>
				<when>2024-11-09T15:42:06Z</when>
				<when>2024-11-09T15:42:07Z</when>
				<when>2024-11-09T15:42:08Z</when>
				<when>2024-11-09T15:42:09Z</when>
				<when>2024-11-09T15:42:10Z</when>
				<when>2024-11-09T15:42:11Z</when>
				<when>2024-11-09T15:42:12Z</when>
				<when>2024-11-09T15:42:13Z</when>
				<when>2024-11-09T15:42:14Z</when>
				<when>2024-11-09T15:42:15Z</when>
				<when>2024-11-09T15:42:16Z</when>
				<when>2024-11-09T15:42:17Z</when>
				<when>2024-11-09T15:42:18Z</when>
				<when>2024-11-09T15:42:19Z</when>
				<when>2024-11-09T15:42:20Z</when>
				<when>2024-11-09T15:42:21Z</when>
				<when>2024-11-09T15:42:22Z</when>
				<when>2024-11-09T15:42:23Z</when>
				<when>2024-11-09T15:42:24Z</when>
				<when>2024-11-09T15:42:25Z</when>
				<when>2024-11-09T15:42:26Z</when>
				<when>2024-11-09T15:42:27Z</when>
				<when>2024-11-09T15:42:28Z</when>
				<when>2024-11-09T15:42:29Z</when>
				<when>2024-11-09T15:42:30Z</when>
				<when>2024-11-09T15:42:31Z</when>
				<when>2024-11-09T15:42:32Z</when>
				<when>2024-11-09T15:42:33Z</when>
				<when>2024-11-09T15:42:34Z</when>
				<when>2024-11-09T15:42:35Z</when>
				<when>2024-11-09T15:42:36Z</when>
				<when>2024-11-09T15:42:37Z</when>
				<when>2024-11-09T15:42:38Z</when>
				<when>2024-11-09T15:42:39Z</when>
				<when>2024-11-09T15:42:40Z</when>
				<when>2024-11-09T15:42:41Z</when>
				<when>2024-11-09T15:42:42Z</when>
				<when>2024-11-09T15:42:43Z</when>
				<when>2024-11-09T15:42:44Z</when>
				<when>2024-11-09T15:42:45Z</when>
				<when>2024-11-09T15:42:46Z</when>
				<when>2024-11-09T15:42:47Z</when>
				<when>2024-11-09T15:42:48Z</when>
				<when>2024-11-09T15:42:49Z</when>
				<when>2024-11-09T15:42:50Z</when>
				<when>2024-11-09T15:42:51Z</when>
				<when>2024-11-09T15:42:52Z</when>
				<when>2024-11-09T15:42:53Z</when>
				<when>2024-11-09T15:42:54Z</when>
				<when>2024-11-09T15:42:55Z</when>
				<when>2024-11-09T15:42:56Z</when>
				<when>2024-11-09T15:42:57Z</when>
				<when>2024-11-09T15:42:58Z</when>
				<when>2024-11-09T15:42:59Z</when>
				<when>2024-11-09T15:43:00Z</when>
				<when>2024-11-09T15:43:01Z</when>
				<when>2024-11-09T15:43:02Z</when>
				<when>2024-11-09T15:43:03Z</when>
				<when>2024-11-09T15:43:04Z</when>
				<when>2024-11-09T15:43:05Z</when>
				<when>2024-11-09T15:43:06Z</when>
				<when>2024-11-09T15:43:07Z</when>
				<when>2024-11-09T15:43:08Z</when>
				<when>2024-11-09T15:43:09Z</when>
				<when>2024-11-09T15:43:10Z</when>
				<when>2024-11-09T15:43:11Z</when>
				<when>2024-11-09T15:43:12Z</when>
				<when>2024-11-09T15:43:13Z</when>
				<when>2024-11-09T15:43:14Z</when>
				<when>2024-11-09T15:43:15Z</when>
				<when>2024-11-09T15:43:16Z</when>
				<when>2024-11-09T15:43:17Z</when>
				<when>2024-11-09T15:43:18Z</when>
				<when>2024-11-09T15:43:19Z</when>
				<when>2024-11-09T15:43:20Z</when>
				<when>2024-11-09T15:43:21Z</when>
				<when>2024-11-09T15:43:22Z</when>
				<when>2024-11-09T15:43:23Z</when>
				<when>2024-11-09T15:43:24Z</when>
				<when>2024-11-09T15:43:25Z</when>
				<when>2024-11-09T15:43:26Z</when>
				<when>2024-11-09T15:43:27Z</when>
				<when>2024-11-09T15:43:28Z</when>
				<when>2024-11-09T15:43:29Z</when>
				<when>2024-11-09T15:43:30Z</when>
				<when>2024-11-09T15:43:31Z</when>
				<when>2024-11-09T15:43:32Z</when>
				<when>2024-11-09T15:43:33Z</when>
				<when>2024-11-09T15:43:34Z</when>
				<when>2024-11-09T15:43:35Z</when>
				<when>2024-11-09T15:43:36Z</when>
				<when>2024-11-09T15:43:37Z</when>
				<when>2024-11-09T15:43:38Z</when>
				<when>2024-11-09T15:43:39Z</when>
				<when>2024-11-09T15:43:40Z</when>
				<when>2024-11-09T15:43:41Z</when>
				<when>2024-11-09T15:43:42Z</when>
				<when>2024-11-09T15:43:43Z</when>
				<when>2024-11-09T15:43:44Z</when>
				<when>2024-11-09T15:43:45Z</when>
				<when>2024-11-09T15:43:46Z</when>
				<when>2024-11-09T15:43:47Z</when>
				<when>2024-11-09T15:43:48Z</when>
				<when>2024-11-09T15:43:49Z</when>
				<when>2024-11-09T15:43:50Z</when>
				<when>2024-11-09T15:43:51Z</when>
				<when>2024-11-09T15:43:52Z</when>
				<when>2024-11-09T15:43:53Z</when>
				<when>2024-11-09T15:43:54Z</when>
				<when>2024-11-09T15:43:55Z</when>
				<when>2024-11-09T15:43:56Z</when>
				<when>2024-11-09T15:43:57Z</when>
				<when>2024-11-09T15:43:58Z</when>
				<when>2024-11-09T15:43:59Z</when>
				<when>2024-11-09T15:44:00Z</when>
				<when>2024-11-09T15:44:01Z</when>
				<when>2024-11-09T15:44:02Z</when>
				<when>2024-11-09T15:44:03Z</when>
				<when>2024-11-09T15:44:04Z</when>
				<when>2024-11-09T15:44:05Z</when>
				<when>2024-11-09T15:44:06Z</when>
				<when>2024-11-09T15:44:07Z</when>
				<when>2024-11-09T15:44:08Z</when>
				<when>2024-11-09T15:44:09Z</when>
				<when>2024-11-09T15:44:10Z</when>
				<when>2024-11-09T15:44:11Z</when>
				<when>2024-11-09T15:44:12Z</when>
				<when>2024-11-09T15:44:13Z</when>
				<when>2024-11-09T15:44:14Z</when>
				<when>2024-11-09T15:44:15Z</when>
				<when>2024-11-09T15:44:16Z</when>
				<when>2024-11-09T15:44:17Z</when>
				<when>2024-11-09T15:44:18Z</when>
				<when>2024-11-09T15:44:19Z</when>
				<when>2024-11-09T15:44:20Z</when>
				<when>2024-11-09T15:44:21Z</when>
				<when>2024-11-09T15:44:22Z</when>
				<when>2024-11-09T15:44:23Z</when>
				<when>2024-11-09T15:44:24Z</when>
				<when>2024-11-09T15:44:25Z</when>
				<when>2024-11-09T15:44:26Z</when>
				<when>2024-11-09T15:44:27Z</when>
				<when>2024-11-09T15:44:28Z</when>
				<when>2024-11-09T15:44:29Z</when>
				<when>2024-11-09T15:44:30Z</when>
				<when>2024-11-09T15:44:31Z</when>
				<when>2024-11-09T15:44:32Z</when>
				<when>2024-11-09T15:44:33Z</when>
				<when>2024-11-09T15:44:34Z</when>
				<when>2024-11-09T15:44:35Z</when>
				<when>2024-11-09T15:44:36Z</when>
				<when>2024-11-09T15:44:37Z</when>
				<when>2024-11-09T15:44:38Z</when>
				<when>2024-11-09T15:44:39Z</when>
				<when>2024-11-09T15:44:40Z</when>
				<when>2024-11-09T15:44:41Z</when>
				<when>2024-11-09T15:44:42Z</when>
				<when>2024-11-09T15:44:43Z</when>
				<when>2024-11-09T15:44:44Z</when>
				<when>2024-11-09T15:44:45Z</when>
				<when>2024-11-09T15:44:46Z</when>
				<when>2024-11-09T15:44:47Z</when>
				<when>2024-11-09T15:44:48Z</when>
				<when>2024-11-09T15:44:49Z</when>
				<when>2024-11-09T15:44:50Z</when>
				<when>2024-11-09T15:44:51Z</when>
				<when>2024-11-09T15:44:52Z</when>
				<when>2024-11-09T15:44:53Z</when>
				<when>2024-11-09T15:44:54Z</when>
				<when>2024-11-09T15:44:55Z</when>
				<when>2024-11-09T15:44:56Z</when>
				<when>2024-11-09T15:44:57Z</when>
				<when>2024-11-09T15:44:58Z</when>
				<when>2024-11-09T15:44:59Z</when>
				<when>2024-11-09T15:45:00Z</when>
				<when>2024-11-09T15:45:01Z</when>
				<when>2024-11-09T15:45:02Z</when>
				<when>2024-11-09T15:45:03Z</when>
				<when>2024-11-09T15:45:04Z</when>
				<when>2024-11-09T15:45:05Z</when>
				<when>2024-11-09T15:45:06Z</when>
				<when>2024-11-09T15:45:07Z</when>
				<when>2024-11-09T15:45:08Z</when>
				<when>2024-11-09T15:45:09Z</when>
				<when>2024-11-09T15:45:10Z</when>
				<when>2024-11-09T15:45:11Z</when>
				<when>2024-11-09T15:45:12Z</when>
				<when>2024-11-09T15:45:13Z</when>
				<when>2024-11-09T15:45:14Z</when>
				<when>2024-11-09T15:45:15Z</when>
				<when>2024-11-09T15:45:16Z</when>
				<when>2024-11-09T15:45:17Z</when>
				<when>2024-11-09T15:45:18Z</when>
				<when>2024-11-09T15:45:19Z</when>
				<when>2024-11-09T15:45:20Z</when>
				<when>2024-11-09T15:45:21Z</when>
				<when>2024-11-09T15:45:22Z</when>
				<when>2024-11-09T15:45:23Z</when>
				<when>2024-11-09T15:45:24Z</when>
				<when>2024-11-09T15:45:25Z</when>
				<when>2024-11-09T15:45:26Z</when>
				<when>2024-11-09T15:45:27Z</when>
				<when>2024-11-09T15:45:28Z</when>
				<when>2024-11-09T15:45:29Z</when>
				<when>2024-11-09T15:45:30Z</when>
				<when>2024-11-09T15:45:31Z</when>
				<when>2024-11-09T15:45:32Z</when>
				<when>2024-11-09T15:45:33Z</when>
				<when>2024-11-09T15:45:34Z</when>
				<when>2024-11-09T15:45:35Z</when>
				<when>2024-11-09T15:45:36Z</when>
				<when>2024-11-09T15:45:37Z</when>
				<when>2024-11-09T15:45:38Z</when>
				<when>2024-11-09T15:45:39Z</when>
				<when>2024-11-09T15:45:40Z</when>
				<when>2024-11-09T15:45:41Z</when>
				<when>2024-11-09T15:45:42Z</when>
				<when>2024-11-09T15:45:43Z</when>
				<when>2024-11-09T15:45:44Z</when>
				<when>2024-11-09T15:45:45Z</when>
				<when>2024-11-09T15:45:46Z</when>
				<when>2024-11-09T15:45:47Z</when>
				<when>2024-11-09T15:45:48Z</when>
				<when>2024-11-09T15:45:49Z</when>
				<when>2024-11-09T15:45:50Z</when>
				<when>2024-11-09T15:45:51Z</when>
				<when>2024-11-09T15:45:52Z</when>
				<when>2024-11-09T15:45:53Z</when>
				<when>2024-11-09T15:45:54Z</when>
				<when>2024-11-09T15:45:55Z</when>
				<when>2024-11-09T15:45:56Z</when>
				<when>2024-11-09T15:45:57Z</when>
				<when>2024-11-09T15:45:58Z</when>
				<when>2024-11-09T15:45:59Z</when>
				<when>2024-11-09T15:46:00Z</when>
				<when>2024-11-09T15:46:01Z</when>
				<when>2024-11-09T15:46:02Z</when>
				<when>2024-11-09T15:46:03Z</when>
				<when>2024-11-09T15:46:04Z</when>
				<when>2024-11-09T15:46:05Z</when>
				<when>2024-11-09T15:46:06Z</when>
				<when>2024-11-09T15:46:07Z</when>
				<when>2024-11-09T15:46:08Z</when>
				<when>2024-11-09T15:46:09Z</when>
				<when>2024-11-09T15:46:10Z</when>
				<when>2024-11-09T15:46:11Z</when>
				<when>2024-11-09T15:46:12Z</when>
				<when>2024-11-09T15:46:13Z</when>
				<when>2024-11-09T15:46:14Z</when>
				<when>2024-11-09T15:46:15Z</when>
				<when>2024-11-09T15:46:16Z</when>
				<when>2024-11-09T15:46:17Z</when>
				<when>2024-11-09T15:46:18Z</when>
				<when>2024-11-09T15:46:19Z</when>
				<when>2024-11-09T15:46:20Z</when>
				<when>2024-11-09T15:46:21Z</when>
				<when>2024-11-09T15:46:22Z</when>
				<when>2024-11-09T15:46:23Z</when>
				<when>2024-11-09T15:46:24Z</when>
				<when>2024-11-09T15:46:25Z</when>
				<when>2024-11-09T15:46:26Z</when>
				<when>2024-11-09T15:46:27Z</when>
				<when>2024-11-09T15:46:28Z</when>
				<when>2024-11-09T15:46:29Z</when>
				<when>2024-11-09T15:46:30Z</when>
				<when>2024-11-09T15:46:31Z</when>
				<when>2024-11-09T15:46:32Z</when>
				<when>2024-11-09T15:46:33Z</when>
				<when>2024-11-09T15:46:34Z</when>
				<when>2024-11-09T15:46:35Z</when>
				<when>2024-11-09T15:46:36Z</when>
				<when>2024-11-09T15:46:37Z</when>
				<when>2024-11-09T15:46:38Z</when>
				<when>2024-11-09T15:46:39Z</when>
				<when>2024-11-09T15:46:40Z</when>
				<when>2024-11-09T15:46:41Z</when>
				<when>2024-11-09T15:46:42Z</when>
				<when>2024-11-09T15:46:43Z</when>
				<when>2024-11-09T15:46:44Z</when>
				<when>2024-11-09T15:46:45Z</when>
				<when>2024-11-09T15:46:46Z</when>
				<when>2024-11-09T15:46:47Z</when>
				<when>2024-11-09T15:46:48Z</when>
				<when>2024-11-09T15:46:49Z</when>
				<when>2024-11-09T15:46:50Z</when>
				<when>2024-11-09T15:46:51Z</when>
				<when>2024-11-09T15:46:52Z</when>
				<when>2024-11-09T15:46:53Z</when>
				<when>2024-11-09T15:46:54Z</when>
				<when>2024-11-09T15:46:55Z</when>
				<when>2024-11-09T15:46:56Z</when>
				<when>2024-11-09T15:46:57Z</when>
				<when>2024-11-09T15:46:58Z</when>
				<when>2024-11-09T15:46:59Z</when>
				<when>2024-11-09T15:47:00Z</when>
				<when>2024-11-09T15:47:01Z</when>
				<when>2024-11-09T15:47:02Z</when>
				<when>2024-11-09T15:47:03Z</when>
				<when>2024-11-09T15:47:04Z</when>
				<when>2024-11-09T15:47:05Z</when>
				<when>2024-11-09T15:47:06Z</when>
				<when>2024-11-09T15:47:07Z</when>
				<when>2024-11-09T15:47:08Z</when>
				<when>2024-11-09T15:47:09Z</when>
				<when>2024-11-09T15:47:10Z</when>
				<when>2024-11-09T15:47:11Z</when>
				<when>2024-11-09T15:47:12Z</when>
				<when>2024-11-09T15:47:13Z</when>
				<when>2024-11-09T15:47:14Z</when>
				<when>2024-11-09T15:47:15Z</when>
				<when>2024-11-09T15:47:16Z</when>
				<when>2024-11-09T15:47:17Z</when>
				<when>2024-11-09T15:47:18Z</when>
				<when>2024-11-09T15:47:19Z</when>
				<when>2024-11-09T15:47:20Z</when>
				<when>2024-11-09T15:47:21Z</when>
				<when>2024-11-09T15:47:22Z</when>
				<when>2024-11-09T15:47:23Z</when>
				<when>2024-11-09T15:47:24Z</when>
				<when>2024-11-09T15:47:25Z</when>
				<when>2024-11-09T15:47:26Z</when>
				<when>2024-11-09T15:47:27Z</when>
				<when>2024-11-09T15:47:28Z</when>
				<when>2024-11-09T15:47:29Z</when>
				<when>2024-11-09T15:47:30Z</when>
				<when>2024-11-09T15:47:31Z</when>
				<when>2024-11-09T15:47:32Z</when>
				<when>2024-11-09T15:47:33Z</when>
				<when>2024-11-09T15:47:34Z</when>
				<when>2024-11-09T15:47:35Z</when>
				<when>2024-11-09T15:47:36Z</when>
				<when>2024-11-09T15:47:37Z</when>
				<when>2024-11-09T15:47:38Z</when>
				<when>2024-11-09T15:47:39Z</when>
				<when>2024-11-09T15:47:40Z</when>
				<when>2024-11-09T15:47:41Z</when>
				<when>2024-11-09T15:47:42Z</when>
				<when>2024-11-09T15:47:43Z</when>
				<when>2024-11-09T15:47:44Z</when>
				<when>2024-11-09T15:47:45Z</when>
				<when>2024-11-09T15:47:46Z</when>
				<when>2024-11-09T15:47:47Z</when>
				<when>2024-11-09T15:47:48Z</when>
				<when>2024-11-09T15:47:49Z</when>
				<when>2024-11-09T15:47:50Z</when>
				<when>2024-11-09T15:47:51Z</when>
				<when>2024-11-09T15:47:52Z</when>
				<when>2024-11-09T15:47:53Z</when>
				<when>2024-11-09T15:47:54Z</when>
				<when>2024-11-09T15:47:55Z</when>
				<when>2024-11-09T15:47:56Z</when>
				<when>2024-11-09T15:47:57Z</when>
				<when>2024-11-09T15:47:58Z</when>
				<when>2024-11-09T15:47:59Z</when>
				<when>2024-11-09T15:48:00Z</when>
				<when>2024-11-09T15:48:01Z</when>
				<when>2024-11-09T15:48:02Z</when>
				<when>2024-11-09T15:48:03Z</when>
				<when>2024-11-09T15:48:04Z</when>
				<when>2024-11-09T15:48:05Z</when>
				<when>2024-11-09T15:48:06Z</when>
				<when>2024-11-09T15:48:07Z</when>
				<when>2024-11-09T15:48:08Z</when>
				<when>2024-11-09T15:48:09Z</when>
				<when>2024-11-09T15:48:10Z</when>
				<when>2024-11-09T15:48:11Z</when>
				<when>2024-11-09T15:48:12Z</when>
				<when>2024-11-09T15:48:13Z</when>
				<when>2024-11-09T15:48:14Z</when>
				<when>2024-11-09T15:48:15Z</when>
				<when>2024-11-09T15:48:16Z</when>
				<when>2024-11-09T15:48:17Z</when>
				<when>2024-11-09T15:48:18Z</when>
				<when>2024-11-09T15:48:19Z</when>
				<when>2024-11-09T15:48:20Z</when>
				<when>2024-11-09T15:48:21Z</when>
				<when>2024-11-09T15:48:22Z</when>
				<when>2024-11-09T15:48:23Z</when>
				<when>2024-11-09T15:48:24Z</when>
				<when>2024-11-09T15:48:25Z</when>
				<when>2024-11-09T15:48:26Z</when>
				<when>2024-11-09T15:48:27Z</when>
				<when>2024-11-09T15:48:28Z</when>
				<when>2024-11-09T15:48:29Z</when>
				<when>2024-11-09T15:48:30Z</when>
				<when>2024-11-09T15:48:31Z</when>
				<when>2024-11-09T15:48:32Z</when>
				<when>2024-11-09T15:48:33Z</when>
				<when>2024-11-09T15:48:34Z</when>
				<when>2024-11-09T15:48:35Z</when>
				<when>2024-11-09T15:48:36Z</when>
				<when>2024-11-09T15:48:37Z</when>
				<when>2024-11-09T15:48:38Z</when>
				<when>2024-11-09T15:48:39Z</when>
				<when>2024-11-09T15:48:40Z</when>
				<when>2024-11-09T15:48:41Z</when>
				<when>2024-11-09T15:48:42Z</when>
				<when>2024-11-09T15:48:43Z</when>
				<when>2024-11-09T15:48:44Z</when>
				<when>2024-11-09T15:48:45Z</when>
				<when>2024-11-09T15:48:46Z</when>
				<when>2024-11-09T15:48:47Z</when>
				<when>2024-11-09T15:48:48Z</when>
				<when>2024-11-09T15:48:49Z</when>
				<when>2024-11-09T15:48:50Z</when>
				<when>2024-11-09T15:48:51Z</when>
				<when>2024-11-09T15:48:52Z</when>
				<when>2024-11-09T15:48:53Z</when>
				<when>2024-11-09T15:48:54Z</when>
				<when>2024-11-09T15:48:55Z</when>
				<when>2024-11-09T15:48:56Z</when>
				<when>2024-11-09T15:48:57Z</when>
				<when>2024-11-09T15:48:58Z</when>
				<when>2024-11-09T15:48:59Z</when>
				<when>2024-11-09T15:49:00Z</when>
				<when>2024-11-09T15:49:01Z</when>
				<when>2024-11-09T15:49:02Z</when>
				<when>2024-11-09T15:49:03Z</when>
				<when>2024-11-09T15:49:04Z</when>
				<when>2024-11-09T15:49:05Z</when>
				<when>2024-11-09T15:49:06Z</when>
				<when>2024-11-09T15:49:07Z</when>
				<when>2024-11-09T15:49:08Z</when>
				<when>2024-11-09T15:49:09Z</when>
				<when>2024-11-09T15:49:10Z</when>
				<when>2024-11-09T15:49:11Z</when>
				<when>2024-11-09T15:49:12Z</when>
				<when>2024-11-09T15:49:13Z</when>
				<when>2024-11-09T15:49:14Z</when>
				<when>2024-11-09T15:49:15Z</when>
				<when>2024-11-09T15:49:16Z</when>
				<when>2024-11-09T15:49:17Z</when>
				<when>2024-11-09T15:49:18Z</when>
				<when>2024-11-09T15:49:19Z</when>
				<when>2024-11-09T15:49:20Z</when>
				<when>2024-11-09T15:49:21Z</when>
				<when>2024-11-09T15:49:22Z</when>
				<when>2024-11-09T15:49:23Z</when>
				<when>2024-11-09T15:49:24Z</when>
				<when>2024-11-09T15:49:25Z</when>
				<when>2024-11-09T15:49:26Z</when>
				<when>2024-11-09T15:49:27Z</when>
				<when>2024-11-09T15:49:28Z</when>
				<when>2024-11-09T15:49:29Z</when>
				<when>2024-11-09T15:49:30Z</when>
				<when>2024-11-09T15:49:31Z</when>
				<when>2024-11-09T15:49:32Z</when>
				<when>2024-11-09T15:49:33Z</when>
				<when>2024-11-09T15:49:34Z</when>
				<when>2024-11-09T15:49:35Z</when>
				<when>2024-11-09T15:49:36Z</when>
				<when>2024-11-09T15:49:37Z</when>
				<when>2024-11-09T15:49:38Z</when>
				<when>2024-11-09T15:49:39Z</when>
				<when>2024-11-09T15:49:40Z</when>
				<when>2024-11-09T15:49:41Z</when>
				<when>2024-11-09T15:49:42Z</when>
				<when>2024-11-09T15:49:43Z</when>
				<when>2024-11-09T15:49:44Z</when>
				<when>2024-11-09T15:49:45Z</when>
				<when>2024-11-09T15:49:46Z</when>
				<when>2024-11-09T15:49:47Z</when>
				<when>2024-11-09T15:49:48Z</when>
				<when>2024-11-09T15:49:49Z</when>
				<when>2024-11-09T15:49:50Z</when>
				<when>2024-11-09T15:49:51Z</when>
				<when>2024-11-09T15:49:52Z</when>
				<when>2024-11-09T15:49:53Z</when>
				<when>2024-11-09T15:49:54Z</when>
				<when>2024-11-09T15:49:55Z</when>
				<when>2024-11-09T15:49:56Z</when>
				<when>2024-11-09T15:49:57Z</when>
				<when>2024-11-09T15:49:58Z</when>
				<when>2024-11-09T15:49:59Z</when>
				<when>2024-11-09T15:50:00Z</when>
				<when>2024-11-09T15:50:01Z</when>
				<when>2024-11-09T15:50:02Z</when>
				<when>2024-11-09T15:50:03Z</when>
				<when>2024-11-09T15:50:04Z</when>
				<when>2024-11-09T15:50:05Z</when>
				<when>2024-11-09T15:50:06Z</when>
				<when>2024-11-09T15:50:07Z</when>
				<when>2024-11-09T15:50:08Z</when>
				<when>2024-11-09T15:50:09Z</when>
				<when>2024-11-09T15:50:10Z</when>
				<when>2024-11-09T15:50:11Z</when>
				<when>2024-11-09T15:50:12Z</when>
				<when>2024-11-09T15:50:13Z</when>
				<when>2024-11-09T15:50:14Z</when>
				<when>2024-11-09T15:50:15Z</when>
				<when>2024-11-09T15:50:16Z</when>
				<when>2024-11-09T15:50:17Z</when>
				<when>2024-11-09T15:50:18Z</when>
				<when>2024-11-09T15:50:19Z</when>
				<when>2024-11-09T15:50:20Z</when>
				<when>2024-11-09T15:50:21Z</when>
				<when>2024-11-09T15:50:22Z</when>
				<when>2024-11-09T15:50:23Z</when>
				<when>2024-11-09T15:50:24Z</when>
				<when>2024-11-09T15:50:25Z</when>
				<when>2024-11-09T15:50:26Z</when>
				<when>2024-11-09T15:50:27Z</when>
				<when>2024-11-09T15:50:28Z</when>
				<when>2024-11-09T15:50:29Z</when>
				<when>2024-11-09T15:50:30Z</when>
				<when>2024-11-09T15:50:31Z</when>
				<when>2024-11-09T15:50:32Z</when>
				<when>2024-11-09T15:50:33Z</when>
				<when>2024-11-09T15:50:34Z</when>
				<when>2024-11-09T15:50:35Z</when>
				<when>2024-11-09T15:50:36Z</when>
				<when>2024-11-09T15:50:37Z</when>
				<when>2024-11-09T15:50:38Z</when>
				<when>2024-11-09T15:50:39Z</when>
				<when>2024-11-09T15:50:40Z</when>
				<when>2024-11-09T15:50:41Z</when>
				<when>2024-11-09T15:50:42Z</when>
				<when>2024-11-09T15:50:43Z</when>
				<when>2024-11-09T15:50:44Z</when>
				<when>2024-11-09T15:50:45Z</when>
				<when>2024-11-09T15:50:46Z</when>
				<when>2024-11-09T15:50:47Z</when>
				<when>2024-11-09T15:50:48Z</when>
				<when>2024-11-09T15:50:49Z</when>
				<when>2024-11-09T15:50:50Z</when>
				<when>2024-11-09T15:50:51Z</when>
				<when>2024-11-09T15:50:52Z</when>
				<when>2024-11-09T15:50:53Z</when>
				<when>2024-11-09T15:50:54Z</when>
				<when>2024-11-09T15:50:55Z</when>
				<when>2024-11-09T15:50:56Z</when>
				<when>2024-11-09T15:50:57Z</when>
				<when>2024-11-09T15:50:58Z</when>
				<when>2024-11-09T15:50:59Z</when>
				<when>2024-11-09T15:51:00Z</when>
				<when>2024-11-09T15:51:01Z</when>
				<when>2024-11-09T15:51:02Z</when>
				<when>2024-11-09T15:51:03Z</when>
				<when>2024-11-09T15:51:04Z</when>
				<when>2024-11-09T15:51:05Z</when>
				<when>2024-11-09T15:51:06Z</when>
				<when>2024-11-09T15:51:07Z</when>
				<when>2024-11-09T15:51:08Z</when>
				<when>2024-11-09T15:51:09Z</when>
				<when>2024-11-09T15:51:10Z</when>
				<when>2024-11-09T15:51:11Z</when>
				<when>2024-11-09T15:51:12Z</when>
				<when>2024-11-09T15:51:13Z</when>
				<when>2024-11-09T15:51:14Z</when>
				<when>2024-11-09T15:51:15Z</when>
				<when>2024-11-09T15:51:16Z</when>
				<when>2024-11-09T15:51:17Z</when>
				<when>2024-11-09T15:51:18Z</when>
				<when>2024-11-09T15:51:19Z</when>
				<when>2024-11-09T15:51:20Z</when>
				<when>2024-11-09T15:51:21Z</when>
				<when>2024-11-09T15:51:22Z</when>
				<when>2024-11-09T15:51:23Z</when>
				<when>2024-11-09T15:51:24Z</when>
				<when>2024-11-09T15:51:25Z</when>
				<when>2024-11-09T15:51:26Z</when>
				<when>2024-11-09T15:51:27Z</when>
				<when>2024-11-09T15:51:28Z</when>
				<when>2024-11-09T15:51:29Z</when>
				<when>2024-11-09T15:51:30Z</when>
				<when>2024-11-09T15:51:31Z</when>
				<when>2024-11-09T15:51:32Z</when>
				<when>2024-11-09T15:51:33Z</when>
				<when>2024-11-09T15:51:34Z</when>
				<when>2024-11-09T15:51:35Z</when>
				<when>2024-11-09T15:51:36Z</when>
				<when>2024-11-09T15:51:37Z</when>
				<when>2024-11-09T15:51:38Z</when>
				<when>2024-11-09T15:51:39Z</when>
				<when>2024-11-09T15:51:40Z</when>
				<when>2024-11-09T15:51:41Z</when>
				<when>2024-11-09T15:51:42Z</when>
				<when>2024-11-09T15:51:43Z</when>
				<when>2024-11-09T15:51:44Z</when>
				<when>2024-11-09T15:51:45Z</when>
				<when>2024-11-09T15:51:46Z</when>
				<when>2024-11-09T15:51:47Z</when>
				<when>2024-11-09T15:51:48Z</when>
				<when>2024-11-09T15:51:49Z</when>
				<when>2024-11-09T15:51:50Z</when>
				<when>2024-11-09T15:51:51Z</when>
				<when>2024-11-09T15:51:52Z</when>
				<when>2024-11-09T15:51:53Z</when>
				<when>2024-11-09T15:51:54Z</when>
				<when>2024-11-09T15:51:55Z</when>
				<when>2024-11-09T15:51:56Z</when>
				<when>2024-11-09T15:51:57Z</when>
				<when>2024-11-09T15:51:58Z</when>
				<when>2024-11-09T15:51:59Z</when>
				<when>2024-11-09T15:52:00Z</when>
				<when>2024-11-09T15:52:01Z</when>
				<when>2024-11-09T15:52:02Z</when>
				<when>2024-11-09T15:52:03Z</when>
				<when>2024-11-09T15:52:04Z</when>
				<when>2024-11-09T15:52:05Z</when>
				<when>2024-11-09T15:52:06Z</when>
				<when>2024-11-09T15:52:07Z</when>
				<when>2024-11-09T15:52:09Z</when>
				<when>2024-11-09T15:52:10Z</when>
				<when>2024-11-09T15:52:11Z</when>
				<when>2024-11-09T15:52:12Z</when>
				<when>2024-11-09T15:52:13Z</when>
				<when>2024-11-09T15:52:14Z</when>
				<when>2024-11-09T15:52:15Z</when>
				<when>2024-11-09T15:52:16Z</when>
				<when>2024-11-09T15:52:17Z</when>
				<when>2024-11-09T15:52:18Z</when>
				<when>2024-11-09T15:52:19Z</when>
				<when>2024-11-09T15:52:20Z</when>
				<when>2024-11-09T15:52:21Z</when>
				<when>2024-11-09T15:52:22Z</when>
				<when>2024-11-09T15:52:23Z</when>
				<when>2024-11-09T15:52:24Z</when>
				<when>2024-11-09T15:52:25Z</when>
				<when>2024-11-09T15:52:26Z</when>
				<when>2024-11-09T15:52:27Z</when>
				<when>2024-11-09T15:52:28Z</when>
				<when>2024-11-09T15:52:29Z</when>
				<when>2024-11-09T15:52:30Z</when>
				<when>2024-11-09T15:52:31Z</when>
				<when>2024-11-09T15:52:32Z</when>
				<when>2024-11-09T15:52:33Z</when>
				<when>2024-11-09T15:52:34Z</when>
				<when>2024-11-09T15:52:35Z</when>
				<when>2024-11-09T15:52:36Z</when>
				<when>2024-11-09T15:52:37Z</when>
				<when>2024-11-09T15:52:38Z</when>
				<when>2024-11-09T15:52:39Z</when>
				<when>2024-11-09T15:52:40Z</when>
				<when>2024-11-09T15:52:41Z</when>
				<when>2024-11-09T15:52:42Z</when>
				<when>2024-11-09T15:52:43Z</when>
				<when>2024-11-09T15:52:44Z</when>
				<when>2024-11-09T15:52:45Z</when>
				<when>2024-11-09T15:52:46Z</when>
				<when>2024-11-09T15:52:47Z</when>
				<when>2024-11-09T15:52:48Z</when>
				<when>2024-11-09T15:52:49Z</when>
				<when>2024-11-09T15:52:50Z</when>
				<when>2024-11-09T15:52:51Z</when>
				<when>2024-11-09T15:52:52Z</when>
				<when>2024-11-09T15:52:53Z</when>
				<when>2024-11-09T15:52:54Z</when>
				<when>2024-11-09T15:52:55Z</when>
				<when>2024-11-09T15:52:56Z</when>
				<when>2024-11-09T15:52:57Z</when>
				<when>2024-11-09T15:52:58Z</when>
				<when>2024-11-09T15:52:59Z</when>
				<when>2024-11-09T15:53:00Z</when>
				<when>2024-11-09T15:53:01Z</when>
				<when>2024-11-09T15:53:02Z</when>
				<when>2024-11-09T15:53:03Z</when>
				<when>2024-11-09T15:53:04Z</when>
				<when>2024-11-09T15:53:05Z</when>
				<when>2024-11-09T15:53:06Z</when>
				<when>2024-11-09T15:53:07Z</when>
				<when>2024-11-09T15:53:08Z</when>
				<when>2024-11-09T15:53:09Z</when>
				<when>2024-11-09T15:53:10Z</when>
				<when>2024-11-09T15:53:11Z</when>
				<when>2024-11-09T15:53:12Z</when>
				<when>2024-11-09T15:53:13Z</when>
				<when>2024-11-09T15:53:14Z</when>
				<when>2024-11-09T15:53:15Z</when>
				<when>2024-11-09T15:53:16Z</when>
				<when>2024-11-09T15:53:17Z</when>
				<when>2024-11-09T15:53:18Z</when>
				<when>2024-11-09T15:53:19Z</when>
				<when>2024-11-09T15:53:20Z</when>
				<when>2024-11-09T15:53:21Z</when>
				<when>2024-11-09T15:53:22Z</when>
				<when>2024-11-09T15:53:23Z</when>
				<when>2024-11-09T15:53:24Z</when>
				<when>2024-11-09T15:53:25Z</when>
				<when>2024-11-09T15:53:26Z</when>
				<when>2024-11-09T15:53:27Z</when>
				<when>2024-11-09T15:53:28Z</when>
				<when>2024-11-09T15:53:29Z</when>
				<when>2024-11-09T15:53:30Z</when>
				<when>2024-11-09T15:53:31Z</when>
				<when>2024-11-09T15:53:32Z</when>
				<when>2024-11-09T15:53:33Z</when>
				<when>2024-11-09T15:53:34Z</when>
				<when>2024-11-09T15:53:35Z</when>
				<when>2024-11-09T15:53:36Z</when>
				<when>2024-11-09T15:53:37Z</when>
				<when>2024-11-09T15:53:38Z</when>
				<when>2024-11-09T15:53:39Z</when>
				<when>2024-11-09T15:53:40Z</when>
				<when>2024-11-09T15:53:41Z</when>
				<when>2024-11-09T15:53:42Z</when>
				<when>2024-11-09T15:53:43Z</when>
				<when>2024-11-09T15:53:44Z</when>
				<when>2024-11-09T15:53:45Z</when>
				<when>2024-11-09T15:53:46Z</when>
				<when>2024-11-09T15:53:47Z</when>
				<when>2024-11-09T15:53:48Z</when>
				<when>2024-11-09T15:53:49Z</when>
				<when>2024-11-09T15:53:50Z</when>
				<when>2024-11-09T15:53:51Z</when>
				<when>2024-11-09T15:53:52Z</when>
				<when>2024-11-09T15:53:53Z</when>
				<when>2024-11-09T15:53:54Z</when>
				<when>2024-11-09T15:53:55Z</when>
				<when>2024-11-09T15:53:56Z</when>
				<when>2024-11-09T15:53:57Z</when>
				<when>2024-11-09T15:53:58Z</when>
				<when>2024-11-09T15:53:59Z</when>
				<when>2024-11-09T15:54:00Z</when>
				<when>2024-11-09T15:54:01Z</when>
				<when>2024-11-09T15:54:02Z</when>
				<when>2024-11-09T15:54:03Z</when>
				<when>2024-11-09T15:54:04Z</when>
				<when>2024-11-09T15:54:05Z</when>
				<when>2024-11-09T15:54:06Z</when>
				<when>2024-11-09T15:54:07Z</when>
				<when>2024-11-09T15:54:08Z</when>
				<when>2024-11-09T15:54:09Z</when>
				<when>2024-11-09T15:54:10Z</when>
				<when>2024-11-09T15:54:11Z</when>
				<when>2024-11-09T15:54:12Z</when>
				<when>2024-11-09T15:54:13Z</when>
				<when>2024-11-09T15:54:14Z</when>
				<when>2024-11-09T15:54:15Z</when>
				<when>2024-11-09T15:54:16Z</when>
				<when>2024-11-09T15:54:17Z</when>
				<when>2024-11-09T15:54:18Z</when>
				<when>2024-11-09T15:54:19Z</when>
				<when>2024-11-09T15:54:20Z</when>
				<when>2024-11-09T15:54:21Z</when>
				<when>2024-11-09T15:54:22Z</when>
				<when>2024-11-09T15:54:23Z</when>
				<when>2024-11-09T15:54:24Z</when>
				<when>2024-11-09T15:54:25Z</when>
				<when>2024-11-09T15:54:26Z</when>
				<when>2024-11-09T15:54:27Z</when>
				<when>2024-11-09T15:54:28Z</when>
				<when>2024-11-09T15:54:29Z</when>
				<when>2024-11-09T15:54:30Z</when>
				<when>2024-11-09T15:54:31Z</when>
				<when>2024-11-09T15:54:32Z</when>
				<when>2024-11-09T15:54:33Z</when>
				<when>2024-11-09T15:54:34Z</when>
				<when>2024-11-09T15:54:35Z</when>
				<when>2024-11-09T15:54:36Z</when>
				<when>2024-11-09T15:54:37Z</when>
				<when>2024-11-09T15:54:38Z</when>
				<when>2024-11-09T15:54:39Z</when>
				<when>2024-11-09T15:54:40Z</when>
				<when>2024-11-09T15:54:41Z</when>
				<when>2024-11-09T15:54:42Z</when>
				<when>2024-11-09T15:54:43Z</when>
				<when>2024-11-09T15:54:44Z</when>
				<when>2024-11-09T15:54:45Z</when>
				<when>2024-11-09T15:54:46Z</when>
				<when>2024-11-09T15:54:47Z</when>
				<when>2024-11-09T15:54:48Z</when>
				<when>2024-11-09T15:54:49Z</when>
				<when>2024-11-09T15:54:50Z</when>
				<when>2024-11-09T15:54:51Z</when>
				<when>2024-11-09T15:54:52Z</when>
				<when>2024-11-09T15:54:53Z</when>
				<when>2024-11-09T15:54:54Z</when>
				<when>2024-11-09T15:54:55Z</when>
				<when>2024-11-09T15:54:56Z</when>
				<when>2024-11-09T15:54:57Z</when>
				<when>2024-11-09T15:54:58Z</when>
				<when>2024-11-09T15:54:59Z</when>
				<when>2024-11-09T15:55:00Z</when>
				<when>2024-11-09T15:55:01Z</when>
				<when>2024-11-09T15:55:02Z</when>
				<when>2024-11-09T15:55:03Z</when>
				<when>2024-11-09T15:55:04Z</when>
				<when>2024-11-09T15:55:05Z</when>
				<when>2024-11-09T15:55:06Z</when>
				<when>2024-11-09T15:55:07Z</when>
				<when>2024-11-09T15:55:08Z</when>
				<when>2024-11-09T15:55:09Z</when>
				<when>2024-11-09T15:55:10Z</when>
				<when>2024-11-09T15:55:11Z</when>
				<when>2024-11-09T15:55:12Z</when>
				<when>2024-11-09T15:55:13Z</when>
				<when>2024-11-09T15:55:14Z</when>
				<when>2024-11-09T15:55:15Z</when>
				<when>2024-11-09T15:55:16Z</when>
				<when>2024-11-09T15:55:17Z</when>
				<when>2024-11-09T15:55:18Z</when>
				<when>2024-11-09T15:55:19Z</when>
				<when>2024-11-09T15:55:20Z</when>
				<when>2024-11-09T15:55:21Z</when>
				<when>2024-11-09T15:55:22Z</when>
				<when>2024-11-09T15:55:23Z</when>
				<when>2024-11-09T15:55:24Z</when>
				<when>2024-11-09T15:55:25Z</when>
				<when>2024-11-09T15:55:26Z</when>
				<when>2024-11-09T15:55:27Z</when>
				<when>2024-11-09T15:55:28Z</when>
				<when>2024-11-09T15:55:29Z</when>
				<when>2024-11-09T15:55:30Z</when>
				<when>2024-11-09T15:55:31Z</when>
				<when>2024-11-09T15:55:32Z</when>
				<when>2024-11-09T15:55:33Z</when>
				<when>2024-11-09T15:55:34Z</when>
				<when>2024-11-09T15:55:35Z</when>
				<when>2024-11-09T15:55:36Z</when>
				<when>2024-11-09T15:55:37Z</when>
				<when>2024-11-09T15:55:38Z</when>
				<when>2024-11-09T15:55:39Z</when>
				<when>2024-11-09T15:55:40Z</when>
				<when>2024-11-09T15:55:41Z</when>
				<when>2024-11-09T15:55:42Z</when>
				<when>2024-11-09T15:55:43Z</when>
				<when>2024-11-09T15:55:44Z</when>
				<when>2024-11-09T15:55:45Z</when>
				<when>2024-11-09T15:55:46Z</when>
				<when>2024-11-09T15:55:47Z</when>
				<when>2024-11-09T15:55:48Z</when>
				<when>2024-11-09T15:55:49Z</when>
				<when>2024-11-09T15:55:50Z</when>
				<when>2024-11-09T15:55:51Z</when>
				<when>2024-11-09T15:55:52Z</when>
				<when>2024-11-09T15:55:53Z</when>
				<when>2024-11-09T15:55:54Z</when>
				<when>2024-11-09T15:55:55Z</when>
				<when>2024-11-09T15:55:56Z</when>
				<when>2024-11-09T15:55:57Z</when>
				<when>2024-11-09T15:55:58Z</when>
				<when>2024-11-09T15:55:59Z</when>
				<when>2024-11-09T15:56:00Z</when>
				<when>2024-11-09T15:56:01Z</when>
				<when>2024-11-09T15:56:02Z</when>
				<when>2024-11-09T15:56:03Z</when>
				<when>2024-11-09T15:56:04Z</when>
				<when>2024-11-09T15:56:05Z</when>
				<when>2024-11-09T15:56:06Z</when>
				<when>2024-11-09T15:56:07Z</when>
				<when>2024-11-09T15:56:08Z</when>
				<when>2024-11-09T15:56:09Z</when>
				<when>2024-11-09T15:56:10Z</when>
				<when>2024-11-09T15:56:11Z</when>
				<when>2024-11-09T15:56:12Z</when>
				<when>2024-11-09T15:56:13Z</when>
				<when>2024-11-09T15:56:14Z</when>
				<when>2024-11-09T15:56:15Z</when>
				<when>2024-11-09T15:56:16Z</when>
				<when>2024-11-09T15:56:17Z</when>
				<when>2024-11-09T15:56:18Z</when>
				<when>2024-11-09T15:56:19Z</when>
				<when>2024-11-09T15:56:20Z</when>
				<when>2024-11-09T15:56:21Z</when>
				<when>2024-11-09T15:56:22Z</when>
				<when>2024-11-09T15:56:23Z</when>
				<when>2024-11-09T15:56:24Z</when>
				<when>2024-11-09T15:56:25Z</when>
				<when>2024-11-09T15:56:26Z</when>
				<when>2024-11-09T15:56:27Z</when>
				<when>2024-11-09T15:56:28Z</when>
				<when>2024-11-09T15:56:29Z</when>
				<when>2024-11-09T15:56:30Z</when>
				<when>2024-11-09T15:56:31Z</when>
				<when>2024-11-09T15:56:32Z</when>
				<when>2024-11-09T15:56:33Z</when>
				<when>2024-11-09T15:56:34Z</when>
				<when>2024-11-09T15:56:35Z</when>
				<when>2024-11-09T15:56:36Z</when>
				<when>2024-11-09T15:56:37Z</when>
				<when>2024-11-09T15:56:38Z</when>
				<when>2024-11-09T15:56:39Z</when>
				<when>2024-11-09T15:56:40Z</when>
				<when>2024-11-09T15:56:41Z</when>
				<when>2024-11-09T15:56:42Z</when>
				<when>2024-11-09T15:56:43Z</when>
				<when>2024-11-09T15:56:44Z</when>
				<when>2024-11-09T15:56:45Z</when>
				<when>2024-11-09T15:56:46Z</when>
				<when>2024-11-09T15:56:47Z</when>
				<when>2024-11-09T15:56:48Z</when>
				<when>2024-11-09T15:56:49Z</when>
				<when>2024-11-09T15:56:50Z</when>
				<when>2024-11-09T15:56:51Z</when>
				<when>2024-11-09T15:56:52Z</when>
				<when>2024-11-09T15:56:53Z</when>
				<when>2024-11-09T15:56:54Z</when>
				<when>2024-11-09T15:56:55Z</when>
				<when>2024-11-09T15:56:56Z</when>
				<when>2024-11-09T15:56:57Z</when>
				<when>2024-11-09T15:56:58Z</when>
				<when>2024-11-09T15:56:59Z</when>
				<when>2024-11-09T15:57:00Z</when>
				<when>2024-11-09T15:57:01Z</when>
				<when>2024-11-09T15:57:02Z</when>
				<when>2024-11-09T15:57:03Z</when>
				<when>2024-11-09T15:57:04Z</when>
				<when>2024-11-09T15:57:05Z</when>
				<when>2024-11-09T15:57:06Z</when>
				<when>2024-11-09T15:57:07Z</when>
				<when>2024-11-09T15:57:08Z</when>
				<when>2024-11-09T15:57:09Z</when>
				<when>2024-11-09T15:57:10Z</when>
				<when>2024-11-09T15:57:11Z</when>
				<when>2024-11-09T15:57:12Z</when>
				<when>2024-11-09T15:57:13Z</when>
				<when>2024-11-09T15:57:14Z</when>
				<when>2024-11-09T15:57:15Z</when>
				<when>2024-11-09T15:57:16Z</when>
				<when>2024-11-09T15:57:17Z</when>
				<when>2024-11-09T15:57:18Z</when>
				<when>2024-11-09T15:57:19Z</when>
				<when>2024-11-09T15:57:20Z</when>
				<when>2024-11-09T15:57:21Z</when>
				<when>2024-11-09T15:57:22Z</when>
				<when>2024-11-09T15:57:23Z</when>
				<when>2024-11-09T15:57:24Z</when>
				<when>2024-11-09T15:57:25Z</when>
				<when>2024-11-09T15:57:26Z</when>
				<when>2024-11-09T15:57:27Z</when>
				<when>2024-11-09T15:57:28Z</when>
				<when>2024-11-09T15:57:29Z</when>
				<when>2024-11-09T15:57:30Z</when>
				<when>2024-11-09T15:57:31Z</when>
				<when>2024-11-09T15:57:32Z</when>
				<when>2024-11-09T15:57:33Z</when>
				<when>2024-11-09T15:57:34Z</when>
				<when>2024-11-09T15:57:35Z</when>
				<when>2024-11-09T15:57:36Z</when>
				<when>2024-11-09T15:57:37Z</when>
				<when>2024-11-09T15:57:38Z</when>
				<when>2024-11-09T15:57:39Z</when>
				<when>2024-11-09T15:57:40Z</when>
				<when>2024-11-09T15:57:41Z</when>
				<when>2024-11-09T15:57:42Z</when>
				<when>2024-11-09T15:57:43Z</when>
				<when>2024-11-09T15:57:44Z</when>
				<when>2024-11-09T15:57:45Z</when>
				<when>2024-11-09T15:57:46Z</when>
				<when>2024-11-09T15:57:47Z</when>
				<when>2024-11-09T15:57:48Z</when>
				<when>2024-11-09T15:57:49Z</when>
				<when>2024-11-09T15:57:50Z</when>
				<when>2024-11-09T15:57:51Z</when>
				<when>2024-11-09T15:57:52Z</when>
				<when>2024-11-09T15:57:53Z</when>
				<when>2024-11-09T15:57:54Z</when>
				<when>2024-11-09T15:57:55Z</when>
				<when>2024-11-09T15:57:56Z</when>
				<when>2024-11-09T15:57:57Z</when>
				<when>2024-11-09T15:57:58Z</when>
				<when>2024-11-09T15:57:59Z</when>
				<when>2024-11-09T15:58:00Z</when>
				<when>2024-11-09T15:58:01Z</when>
				<when>2024-11-09T15:58:02Z</when>
				<when>2024-11-09T15:58:03Z</when>
				<when>2024-11-09T15:58:04Z</when>
				<when>2024-11-09T15:58:05Z</when>
				<when>2024-11-09T15:58:06Z</when>
				<when>2024-11-09T15:58:07Z</when>
				<when>2024-11-09T15:58:08Z</when>
				<when>2024-11-09T15:58:09Z</when>
				<when>2024-11-09T15:58:10Z</when>
				<when>2024-11-09T15:58:11Z</when>
				<when>2024-11-09T15:58:12Z</when>
				<when>2024-11-09T15:58:13Z</when>
				<when>2024-11-09T15:58:14Z</when>
				<when>2024-11-09T15:58:15Z</when>
				<when>2024-11-09T15:58:16Z</when>
				<when>2024-11-09T15:58:17Z</when>
				<when>2024-11-09T15:58:18Z</when>
				<when>2024-11-09T15:58:19Z</when>
				<when>2024-11-09T15:58:20Z</when>
				<when>2024-11-09T15:58:21Z</when>
				<when>2024-11-09T15:58:22Z</when>
				<when>2024-11-09T15:58:23Z</when>
				<when>2024-11-09T15:58:24Z</when>
				<when>2024-11-09T15:58:25Z</when>
				<when>2024-11-09T15:58:26Z</when>
				<when>2024-11-09T15:58:27Z</when>
				<when>2024-11-09T15:58:28Z</when>
				<when>2024-11-09T15:58:29Z</when>
				<when>2024-11-09T15:58:30Z</when>
				<when>2024-11-09T15:58:31Z</when>
				<when>2024-11-09T15:58:32Z</when>
				<when>2024-11-09T15:58:33Z</when>
				<when>2024-11-09T15:58:34Z</when>
				<when>2024-11-09T15:58:35Z</when>
				<when>2024-11-09T15:58:36Z</when>
				<when>2024-11-09T15:58:37Z</when>
				<when>2024-11-09T15:58:38Z</when>
				<when>2024-11-09T15:58:39Z</when>
				<when>2024-11-09T15:58:40Z</when>
				<when>2024-11-09T15:58:41Z</when>
				<when>2024-11-09T15:58:42Z</when>
				<when>2024-11-09T15:58:43Z</when>
				<when>2024-11-09T15:58:44Z</when>
				<when>2024-11-09T15:58:45Z</when>
				<when>2024-11-09T15:58:46Z</when>
				<when>2024-11-09T15:58:47Z</when>
				<when>2024-11-09T15:58:48Z</when>
				<when>2024-11-09T15:58:49Z</when>
				<when>2024-11-09T15:58:50Z</when>
				<when>2024-11-09T15:58:51Z</when>
				<when>2024-11-09T15:58:52Z</when>
				<when>2024-11-09T15:58:53Z</when>
				<when>2024-11-09T15:58:54Z</when>
				<when>2024-11-09T15:58:55Z</when>
				<when>2024-11-09T15:58:56Z</when>
				<when>2024-11-09T15:58:57Z</when>
				<when>2024-11-09T15:58:58Z</when>
				<when>2024-11-09T15:58:59Z</when>
				<when>2024-11-09T15:59:00Z</when>
				<when>2024-11-09T15:59:01Z</when>
				<when>2024-11-09T15:59:02Z</when>
				<when>2024-11-09T15:59:03Z</when>
				<when>2024-11-09T15:59:04Z</when>
				<when>2024-11-09T15:59:05Z</when>
				<when>2024-11-09T15:59:06Z</when>
				<when>2024-11-09T15:59:07Z</when>
				<when>2024-11-09T15:59:08Z</when>
				<when>2024-11-09T15:59:09Z</when>
				<when>2024-11-09T15:59:10Z</when>
				<when>2024-11-09T15:59:11Z</when>
				<when>2024-11-09T15:59:12Z</when>
				<when>2024-11-09T15:59:13Z</when>
				<when>2024-11-09T15:59:14Z</when>
				<when>2024-11-09T15:59:15Z</when>
				<when>2024-11-09T15:59:16Z</when>
				<when>2024-11-09T15:59:17Z</when>
				<when>2024-11-09T15:59:18Z</when>
				<when>2024-11-09T15:59:19Z</when>
				<when>2024-11-09T15:59:20Z</when>
				<when>2024-11-09T15:59:21Z</when>
				<when>2024-11-09T15:59:22Z</when>
				<when>2024-11-09T15:59:23Z</when>
				<when>2024-11-09T15:59:24Z</when>
				<when>2024-11-09T15:59:25Z</when>
				<when>2024-11-09T15:59:26Z</when>
				<when>2024-11-09T15:59:27Z</when>
				<when>2024-11-09T15:59:28Z</when>
				<when>2024-11-09T15:59:29Z</when>
				<when>2024-11-09T15:59:30Z</when>
				<when>2024-11-09T15:59:31Z</when>
				<when>2024-11-09T15:59:32Z</when>
				<when>2024-11-09T15:59:33Z</when>
				<when>2024-11-09T15:59:34Z</when>
				<when>2024-11-09T15:59:35Z</when>
				<when>2024-11-09T15:59:36Z</when>
				<when>2024-11-09T15:59:37Z</when>
				<when>2024-11-09T15:59:38Z</when>
				<when>2024-11-09T15:59:39Z</when>
				<when>2024-11-09T15:59:40Z</when>
				<when>2024-11-09T15:59:41Z</when>
				<when>2024-11-09T15:59:42Z</when>
				<when>2024-11-09T15:59:43Z</when>
				<when>2024-11-09T15:59:44Z</when>
				<when>2024-11-09T15:59:45Z</when>
				<when>2024-11-09T15:59:46Z</when>
				<when>2024-11-09T15:59:47Z</when>
				<when>2024-11-09T15:59:48Z</when>
				<when>2024-11-09T15:59:49Z</when>
				<when>2024-11-09T15:59:50Z</when>
				<when>2024-11-09T15:59:51Z</when>
				<when>2024-11-09T15:59:52Z</when>
				<when>2024-11-09T15:59:53Z</when>
				<when>2024-11-09T15:59:54Z</when>
				<when>2024-11-09T15:59:55Z</when>
				<when>2024-11-09T15:59:56Z</when>
				<when>2024-11-09T15:59:57Z</when>
				<when>2024-11-09T15:59:58Z</when>
				<when>2024-11-09T15:59:59Z</when>
				<when>2024-11-09T16:00:00Z</when>
				<when>2024-11-09T16:00:01Z</when>
				<when>2024-11-09T16:00:02Z</when>
				<when>2024-11-09T16:00:03Z</when>
				<when>2024-11-09T16:00:04Z</when>
				<when>2024-11-09T16:00:05Z</when>
				<when>2024-11-09T16:00:06Z</when>
				<when>2024-11-09T16:00:07Z</when>
				<when>2024-11-09T16:00:08Z</when>
				<when>2024-11-09T16:00:09Z</when>
				<when>2024-11-09T16:00:10Z</when>
				<when>2024-11-09T16:00:11Z</when>
				<when>2024-11-09T16:00:12Z</when>
				<when>2024-11-09T16:00:13Z</when>
				<when>2024-11-09T16:00:14Z</when>
				<when>2024-11-09T16:00:15Z</when>
				<when>2024-11-09T16:00:16Z</when>
				<when>2024-11-09T16:00:17Z</when>
				<when>2024-11-09T16:00:18Z</when>
				<when>2024-11-09T16:00:19Z</when>
				<when>2024-11-09T16:00:20Z</when>
				<when>2024-11-09T16:00:21Z</when>
				<when>2024-11-09T16:00:22Z</when>
				<when>2024-11-09T16:00:23Z</when>
				<when>2024-11-09T16:00:24Z</when>
				<when>2024-11-09T16:00:25Z</when>
				<when>2024-11-09T16:00:26Z</when>
				<when>2024-11-09T16:00:27Z</when>
				<when>2024-11-09T16:00:28Z</when>
				<when>2024-11-09T16:00:29Z</when>
				<when>2024-11-09T16:00:30Z</when>
				<when>2024-11-09T16:00:31Z</when>
				<when>2024-11-09T16:00:32Z</when>
				<when>2024-11-09T16:00:33Z</when>
				<when>2024-11-09T16:00:34Z</when>
				<when>2024-11-09T16:00:35Z</when>
				<when>2024-11-09T16:00:36Z</when>
				<when>2024-11-09T16:00:37Z</when>
				<when>2024-11-09T16:00:38Z</when>
				<when>2024-11-09T16:00:39Z</when>
				<when>2024-11-09T16:00:40Z</when>
				<when>2024-11-09T16:00:41Z</when>
				<when>2024-11-09T16:00:42Z</when>
				<when>2024-11-09T16:00:43Z</when>
				<when>2024-11-09T16:00:44Z</when>
				<when>2024-11-09T16:00:45Z</when>
				<when>2024-11-09T16:00:46Z</when>
				<when>2024-11-09T16:00:47Z</when>
				<when>2024-11-09T16:00:48Z</when>
				<when>2024-11-09T16:00:49Z</when>
				<when>2024-11-09T16:00:50Z</when>
				<when>2024-11-09T16:00:51Z</when>
				<when>2024-11-09T16:00:52Z</when>
				<when>2024-11-09T16:00:53Z</when>
				<when>2024-11-09T16:00:54Z</when>
				<when>2024-11-09T16:00:55Z</when>
				<when>2024-11-09T16:00:56Z</when>
				<when>2024-11-09T16:00:57Z</when>
				<when>2024-11-09T16:00:58Z</when>
				<when>2024-11-09T16:00:59Z</when>
				<when>2024-11-09T16:01:00Z</when>
				<when>2024-11-09T16:01:01Z</when>
				<when>2024-11-09T16:01:02Z</when>
				<when>2024-11-09T16:01:03Z</when>
				<when>2024-11-09T16:01:04Z</when>
				<when>2024-11-09T16:01:05Z</when>
				<when>2024-11-09T16:01:06Z</when>
				<when>2024-11-09T16:01:07Z</when>
				<when>2024-11-09T16:01:08Z</when>
				<when>2024-11-09T16:01:09Z</when>
				<when>2024-11-09T16:01:10Z</when>
				<when>2024-11-09T16:01:11Z</when>
				<when>2024-11-09T16:01:12Z</when>
				<when>2024-11-09T16:01:13Z</when>
				<when>2024-11-09T16:01:14Z</when>
				<when>2024-11-09T16:01:15Z</when>
				<when>2024-11-09T16:01:16Z</when>
				<when>2024-11-09T16:01:17Z</when>
				<when>2024-11-09T16:01:18Z</when>
				<when>2024-11-09T16:01:19Z</when>
				<when>2024-11-09T16:01:20Z</when>
				<when>2024-11-09T16:01:21Z</when>
				<when>2024-11-09T16:01:22Z</when>
				<when>2024-11-09T16:01:23Z</when>
				<when>2024-11-09T16:01:24Z</when>
				<when>2024-11-09T16:01:25Z</when>
				<when>2024-11-09T16:01:26Z</when>
				<when>2024-11-09T16:01:27Z</when>
				<when>2024-11-09T16:01:28Z</when>
				<when>2024-11-09T16:01:29Z</when>
				<when>2024-11-09T16:01:30Z</when>
				<when>2024-11-09T16:01:31Z</when>
				<when>2024-11-09T16:01:32Z</when>
				<when>2024-11-09T16:01:33Z</when>
				<when>2024-11-09T16:01:34Z</when>
				<when>2024-11-09T16:01:35Z</when>
				<when>2024-11-09T16:01:36Z</when>
				<when>2024-11-09T16:01:37Z</when>
				<when>2024-11-09T16:01:38Z</when>
				<when>2024-11-09T16:01:39Z</when>
				<when>2024-11-09T16:01:40Z</when>
				<when>2024-11-09T16:01:41Z</when>
				<when>2024-11-09T16:01:42Z</when>
				<when>2024-11-09T16:01:43Z</when>
				<when>2024-11-09T16:01:44Z</when>
				<when>2024-11-09T16:01:45Z</when>
				<when>2024-11-09T16:01:46Z</when>
				<when>2024-11-09T16:01:47Z</when>
				<when>2024-11-09T16:01:48Z</when>
				<when>2024-11-09T16:01:49Z</when>
				<when>2024-11-09T16:01:50Z</when>
				<when>2024-11-09T16:01:51Z</when>
				<when>2024-11-09T16:01:52Z</when>
				<when>2024-11-09T16:01:53Z</when>
				<when>2024-11-09T16:01:54Z</when>
				<when>2024-11-09T16:01:55Z</when>
				<when>2024-11-09T16:01:56Z</when>
				<when>2024-11-09T16:01:57Z</when>
				<when>2024-11-09T16:01:58Z</when>
				<when>2024-11-09T16:01:59Z</when>
				<when>2024-11-09T16:02:00Z</when>
				<when>2024-11-09T16:02:01Z</when>
				<when>2024-11-09T16:02:02Z</when>
				<when>2024-11-09T16:02:03Z</when>
				<when>2024-11-09T16:02:04Z</when>
				<when>2024-11-09T16:02:05Z</when>
				<when>2024-11-09T16:02:06Z</when>
				<when>2024-11-09T16:02:07Z</when>
				<when>2024-11-09T16:02:08Z</when>
				<when>2024-11-09T16:02:09Z</when>
				<when>2024-11-09T16:02:10Z</when>
				<when>2024-11-09T16:02:11Z</when>
				<when>2024-11-09T16:02:12Z</when>
				<when>2024-11-09T16:02:13Z</when>
				<when>2024-11-09T16:02:14Z</when>
				<when>2024-11-09T16:02:15Z</when>
				<when>2024-11-09T16:02:16Z</when>
				<when>2024-11-09T16:02:17Z</when>
				<when>2024-11-09T16:02:18Z</when>
				<when>2024-11-09T16:02:19Z</when>
				<when>2024-11-09T16:02:20Z</when>
				<when>2024-11-09T16:02:21Z</when>
				<when>2024-11-09T16:02:22Z</when>
				<when>2024-11-09T16:02:23Z</when>
				<when>2024-11-09T16:02:24Z</when>
				<when>2024-11-09T16:02:25Z</when>
				<when>2024-11-09T16:02:26Z</when>
				<when>2024-11-09T16:02:27Z</when>
				<when>2024-11-09T16:02:28Z</when>
				<when>2024-11-09T16:02:29Z</when>
				<when>2024-11-09T16:02:30Z</when>
				<when>2024-11-09T16:02:31Z</when>
				<when>2024-11-09T16:02:32Z</when>
				<when>2024-11-09T16:02:33Z</when>
				<when>2024-11-09T16:02:34Z</when>
				<when>2024-11-09T16:02:35Z</when>
				<when>2024-11-09T16:02:36Z</when>
				<when>2024-11-09T16:02:37Z</when>
				<when>2024-11-09T16:02:38Z</when>
				<when>2024-11-09T16:02:39Z</when>
				<when>2024-11-09T16:02:40Z</when>
				<when>2024-11-09T16:02:41Z</when>
				<when>2024-11-09T16:02:42Z</when>
				<when>2024-11-09T16:02:43Z</when>
				<when>2024-11-09T16:02:44Z</when>
				<when>2024-11-09T16:02:45Z</when>
				<when>2024-11-09T16:02:46Z</when>
				<when>2024-11-09T16:02:47Z</when>
				<when>2024-11-09T16:02:48Z</when>
				<when>2024-11-09T16:02:49Z</when>
				<when>2024-11-09T16:02:50Z</when>
				<when>2024-11-09T16:02:51Z</when>
				<when>2024-11-09T16:02:52Z</when>
				<when>2024-11-09T16:02:53Z</when>
				<when>2024-11-09T16:02:53Z</when>
				<when>2024-11-09T16:02:54Z</when>
				<when>2024-11-09T16:02:55Z</when>
				<when>2024-11-09T16:02:56Z</when>
				<when>2024-11-09T16:02:57Z</when>
				<when>2024-11-09T16:02:58Z</when>
				<when>2024-11-09T16:02:59Z</when>
				<when>2024-11-09T16:03:00Z</when>
				<when>2024-11-09T16:03:01Z</when>
				<when>2024-11-09T16:03:02Z</when>
				<when>2024-11-09T16:03:03Z</when>
				<when>2024-11-09T16:03:04Z</when>
				<when>2024-11-09T16:03:05Z</when>
				<when>2024-11-09T16:03:06Z</when>
				<when>2024-11-09T16:03:07Z</when>
				<when>2024-11-09T16:03:08Z</when>
				<gx:coord>-82.693726 34.807739 268.500000</gx:coord>
				<gx:coord>-82.693733 34.807735 268.500000</gx:coord>
				<gx:coord>-82.693733 34.807735 268.500000</gx:coord>
				<gx:coord>-82.693733 34.807732 268.600006</gx:coord>
				<gx:coord>-82.693733 34.807735 268.600006</gx:coord>
				<gx:coord>-82.693741 34.807732 268.600006</gx:coord>
				<gx:coord>-82.693741 34.807735 268.500000</gx:coord>
				<gx:coord>-82.693741 34.807735 268.500000</gx:coord>
				<gx:coord>-82.693733 34.807743 268.399994</gx:coord>
				<gx:coord>-82.693733 34.807747 268.399994</gx:coord>
				<gx:coord>-82.693733 34.807747 268.399994</gx:coord>
				<gx:coord>-82.693733 34.807751 268.399994</gx:coord>
				<gx:coord>-82.693733 34.807751 268.299988</gx:coord>
				<gx:coord>-82.693741 34.807755 268.500000</gx:coord>
				<gx:coord>-82.693741 34.807755 268.600006</gx:coord>
				<gx:coord>-82.693741 34.807755 268.700012</gx:coord>
				<gx:coord>-82.693741 34.807755 268.700012</gx:coord>
				<gx:coord>-82.693741 34.807758 268.600006</gx:coord>
				<gx:coord>-82.693741 34.807762 268.700012</gx:coord>
				<gx:coord>-82.693741 34.807766 268.799988</gx:coord>
				<gx:coord>-82.693733 34.807770 268.899994</gx:coord>
				<gx:coord>-82.693733 34.807774 268.899994</gx:coord>
				<gx:coord>-82.693733 34.807774 269.000000</gx:coord>
				<gx:coord>-82.693733 34.807777 269.100006</gx:coord>
				<gx:coord>-82.693733 34.807777 269.100006</gx:coord>
				<gx:coord>-82.693733 34.807774 269.200012</gx:coord>
				<gx:coord>-82.693733 34.807774 269.299988</gx:coord>
				<gx:coord>-82.693733 34.807774 269.200012</gx:coord>
				<gx:coord>-82.693726 34.807774 269.200012</gx:coord>
				<gx:coord>-82.693726 34.807774 269.200012</gx:coord>
				<gx:coord>-82.693726 34.807774 269.200012</gx:coord>
				<gx:coord>-82.693726 34.807774 269.299988</gx:coord>
				<gx:coord>-82.693726 34.807774 269.399994</gx:coord>
				<gx:coord>-82.693726 34.807770 269.500000</gx:coord>
				<gx:coord>-82.693726 34.807770 269.500000</gx:coord>
				<gx:coord>-82.693726 34.807770 269.500000</gx:coord>
				<gx:coord>-82.693726 34.807770 269.600006</gx:coord>
				<gx:coord>-82.693726 34.807770 269.600006</gx:coord>
				<gx:coord>-82.693726 34.807766 269.600006</gx:coord>
				<gx:coord>-82.693726 34.807766 269.600006</gx:coord>
				<gx:coord>-82.693726 34.807770 270.000000</gx:coord>
				<gx:coord>-82.693718 34.807774 270.600006</gx:coord>
				<gx:coord>-82.693710 34.807781 270.899994</gx:coord>
				<gx:coord>-82.693703 34.807781 270.899994</gx:coord>
				<gx:coord>-82.693703 34.807785 270.899994</gx:coord>
				<gx:coord>-82.693703 34.807785 271.000000</gx:coord>
				<gx:coord>-82.693695 34.807785 271.000000</gx:coord>
				<gx:coord>-82.693695 34.807785 271.000000</gx:coord>
				<gx:coord>-82.693695 34.807785 270.899994</gx:coord>
				<gx:coord>-82.693695 34.807789 270.899994</gx:coord>
				<gx:coord>-82.693687 34.807789 270.899994</gx:coord>
				<gx:coord>-82.693687 34.807789 270.899994</gx:coord>
				<gx:coord>-82.693687 34.807789 271.100006</gx:coord>
				<gx:coord>-82.693687 34.807789 271.299988</gx:coord>
				<gx:coord>-82.693687 34.807793 271.500000</gx:coord>
				<gx:coord>-82.693687 34.807793 271.700012</gx:coord>
				<gx:coord>-82.693680 34.807793 271.899994</gx:coord>
				<gx:coord>-82.693680 34.807789 272.000000</gx:coord>
				<gx:coord>-82.693680 34.807789 272.100006</gx:coord>
				<gx:coord>-82.693680 34.807789 272.299988</gx:coord>
				<gx:coord>-82.693680 34.807789 272.399994</gx:coord>
				<gx:coord>-82.693680 34.807785 272.600006</gx:coord>
				<gx:coord>-82.693680 34.807785 272.700012</gx:coord>
				<gx:coord>-82.693680 34.807785 273.000000</gx:coord>
				<gx:coord>-82.693680 34.807781 273.200012</gx:coord>
				<gx:coord>-82.693680 34.807781 273.200012</gx:coord>
				<gx:coord>-82.693680 34.807781 273.399994</gx:coord>
				<gx:coord>-82.693680 34.807781 273.500000</gx:coord>
				<gx:coord>-82.693680 34.807777 273.399994</gx:coord>
				<gx:coord>-82.693680 34.807777 273.500000</gx:coord>
				<gx:coord>-82.693680 34.807777 273.600006</gx:coord>
				<gx:coord>-82.693680 34.807774 273.600006</gx:coord>
				<gx:coord>-82.693680 34.807774 273.600006</gx:coord>
				<gx:coord>-82.693680 34.807774 273.600006</gx:coord>
				<gx:coord>-82.693680 34.807774 273.700012</gx:coord>
				<gx:coord>-82.693680 34.807774 273.600006</gx:coord>
				<gx:coord>-82.693680 34.807774 273.600006</gx:coord>
				<gx:coord>-82.693680 34.807774 273.500000</gx:coord>
				<gx:coord>-82.693680 34.807770 273.399994</gx:coord>
				<gx:coord>-82.693680 34.807770 273.299988</gx:coord>
				<gx:coord>-82.693687 34.807770 273.200012</gx:coord>
				<gx:coord>-82.693687 34.807770 273.100006</gx:coord>
				<gx:coord>-82.693687 34.807770 272.899994</gx:coord>
				<gx:coord>-82.693687 34.807766 273.000000</gx:coord>
				<gx:coord>-82.693687 34.807766 272.799988</gx:coord>
				<gx:coord>-82.693687 34.807762 272.799988</gx:coord>
				<gx:coord>-82.693687 34.807762 272.600006</gx:coord>
				<gx:coord>-82.693687 34.807762 272.500000</gx:coord>
				<gx:coord>-82.693687 34.807762 272.500000</gx:coord>
				<gx:coord>-82.693687 34.807762 272.299988</gx:coord>
				<gx:coord>-82.693695 34.807762 272.299988</gx:coord>
				<gx:coord>-82.693695 34.807762 272.100006</gx:coord>
				<gx:coord>-82.693695 34.807762 272.000000</gx:coord>
				<gx:coord>-82.693695 34.807762 272.000000</gx:coord>
				<gx:coord>-82.693695 34.807762 271.899994</gx:coord>
				<gx:coord>-82.693703 34.807762 271.799988</gx:coord>
				<gx:coord>-82.693703 34.807758 271.799988</gx:coord>
				<gx:coord>-82.693703 34.807758 271.700012</gx:coord>
				<gx:coord>-82.693703 34.807758 271.700012</gx:coord>
				<gx:coord>-82.693703 34.807758 271.700012</gx:coord>
				<gx:coord>-82.693703 34.807758 271.600006</gx:coord>
				<gx:coord>-82.693703 34.807758 271.600006</gx:coord>
				<gx:coord>-82.693710 34.807758 271.700012</gx:coord>
				<gx:coord>-82.693710 34.807758 271.700012</gx:coord>
				<gx:coord>-82.693710 34.807758 271.799988</gx:coord>
				<gx:coord>-82.693710 34.807758 272.000000</gx:coord>
				<gx:coord>-82.693710 34.807758 271.899994</gx:coord>
				<gx:coord>-82.693710 34.807758 271.899994</gx:coord>
				<gx:coord>-82.693710 34.807758 271.899994</gx:coord>
				<gx:coord>-82.693710 34.807755 272.000000</gx:coord>
				<gx:coord>-82.693710 34.807755 272.000000</gx:coord>
				<gx:coord>-82.693710 34.807755 271.899994</gx:coord>
				<gx:coord>-82.693710 34.807755 271.899994</gx:coord>
				<gx:coord>-82.693710 34.807755 271.899994</gx:coord>
				<gx:coord>-82.693718 34.807751 271.899994</gx:coord>
				<gx:coord>-82.693710 34.807762 271.899994</gx:coord>
				<gx:coord>-82.693703 34.807770 271.799988</gx:coord>
				<gx:coord>-82.693703 34.807770 271.799988</gx:coord>
				<gx:coord>-82.693703 34.807770 271.700012</gx:coord>
				<gx:coord>-82.693703 34.807774 271.700012</gx:coord>
				<gx:coord>-82.693710 34.807774 271.600006</gx:coord>
				<gx:coord>-82.693710 34.807774 271.500000</gx:coord>
				<gx:coord>-82.693710 34.807774 271.500000</gx:coord>
				<gx:coord>-82.693710 34.807774 271.399994</gx:coord>
				<gx:coord>-82.693710 34.807774 271.200012</gx:coord>
				<gx:coord>-82.693710 34.807774 271.100006</gx:coord>
				<gx:coord>-82.693718 34.807774 271.100006</gx:coord>
				<gx:coord>-82.693718 34.807774 271.100006</gx:coord>
				<gx:coord>-82.693718 34.807774 270.899994</gx:coord>
				<gx:coord>-82.693718 34.807774 270.899994</gx:coord>
				<gx:coord>-82.693718 34.807774 271.000000</gx:coord>
				<gx:coord>-82.693718 34.807774 271.100006</gx:coord>
				<gx:coord>-82.693718 34.807774 271.100006</gx:coord>
				<gx:coord>-82.693718 34.807774 271.100006</gx:coord>
				<gx:coord>-82.693718 34.807774 271.200012</gx:coord>
				<gx:coord>-82.693718 34.807774 271.200012</gx:coord>
				<gx:coord>-82.693718 34.807774 271.299988</gx:coord>
				<gx:coord>-82.693718 34.807774 271.299988</gx:coord>
				<gx:coord>-82.693718 34.807774 271.200012</gx:coord>
				<gx:coord>-82.693718 34.807774 271.200012</gx:coord>
				<gx:coord>-82.693718 34.807774 271.200012</gx:coord>
				<gx:coord>-82.693718 34.807777 271.200012</gx:coord>
				<gx:coord>-82.693718 34.807777 271.100006</gx:coord>
				<gx:coord>-82.693718 34.807777 271.100006</gx:coord>
				<gx:coord>-82.693718 34.807777 271.000000</gx:coord>
				<gx:coord>-82.693718 34.807777 271.000000</gx:coord>
				<gx:coord>-82.693718 34.807777 271.000000</gx:coord>
				<gx:coord>-82.693718 34.807777 270.899994</gx:coord>
				<gx:coord>-82.693718 34.807777 270.899994</gx:coord>
				<gx:coord>-82.693718 34.807777 270.899994</gx:coord>
				<gx:coord>-82.693718 34.807777 270.799988</gx:coord>
				<gx:coord>-82.693718 34.807781 270.700012</gx:coord>
				<gx:coord>-82.693718 34.807781 270.500000</gx:coord>
				<gx:coord>-82.693718 34.807781 270.500000</gx:coord>
				<gx:coord>-82.693718 34.807781 270.500000</gx:coord>
				<gx:coord>-82.693718 34.807781 270.500000</gx:coord>
				<gx:coord>-82.693718 34.807781 270.500000</gx:coord>
				<gx:coord>-82.693718 34.807781 270.500000</gx:coord>
				<gx:coord>-82.693718 34.807781 270.600006</gx:coord>
				<gx:coord>-82.693718 34.807781 270.500000</gx:coord>
				<gx:coord>-82.693718 34.807781 270.700012</gx:coord>
				<gx:coord>-82.693718 34.807781 270.799988</gx:coord>
				<gx:coord>-82.693718 34.807781 270.700012</gx:coord>
				<gx:coord>-82.693718 34.807781 270.700012</gx:coord>
				<gx:coord>-82.693718 34.807781 270.500000</gx:coord>
				<gx:coord>-82.693718 34.807781 270.500000</gx:coord>
				<gx:coord>-82.693718 34.807781 270.399994</gx:coord>
				<gx:coord>-82.693718 34.807781 270.200012</gx:coord>
				<gx:coord>-82.693718 34.807781 270.200012</gx:coord>
				<gx:coord>-82.693718 34.807781 270.299988</gx:coord>
				<gx:coord>-82.693718 34.807781 270.399994</gx:coord>
				<gx:coord>-82.693718 34.807781 270.399994</gx:coord>
				<gx:coord>-82.693718 34.807781 270.399994</gx:coord>
				<gx:coord>-82.693718 34.807781 270.399994</gx:coord>
				<gx:coord>-82.693718 34.807781 270.399994</gx:coord>
				<gx:coord>-82.693718 34.807785 270.399994</gx:coord>
				<gx:coord>-82.693718 34.807785 270.500000</gx:coord>
				<gx:coord>-82.693718 34.807785 270.600006</gx:coord>
				<gx:coord>-82.693718 34.807785 270.600006</gx:coord>
				<gx:coord>-82.693718 34.807785 270.700012</gx:coord>
				<gx:coord>-82.693718 34.807785 270.799988</gx:coord>
				<gx:coord>-82.693718 34.807785 270.899994</gx:coord>
				<gx:coord>-82.693718 34.807785 271.000000</gx:coord>
				<gx:coord>-82.693718 34.807785 271.000000</gx:coord>
				<gx:coord>-82.693718 34.807785 271.100006</gx:coord>
				<gx:coord>-82.693718 34.807785 271.100006</gx:coord>
				<gx:coord>-82.693718 34.807785 271.200012</gx:coord>
				<gx:coord>-82.693718 34.807785 271.200012</gx:coord>
				<gx:coord>-82.693718 34.807789 271.200012</gx:coord>
				<gx:coord>-82.693718 34.807789 271.200012</gx:coord>
				<gx:coord>-82.693726 34.807789 271.100006</gx:coord>
				<gx:coord>-82.693726 34.807789 271.100006</gx:coord>
				<gx:coord>-82.693726 34.807789 271.100006</gx:coord>
				<gx:coord>-82.693726 34.807789 271.100006</gx:coord>
				<gx:coord>-82.693726 34.807793 271.000000</gx:coord>
				<gx:coord>-82.693726 34.807793 271.000000</gx:coord>
				<gx:coord>-82.693726 34.807793 271.000000</gx:coord>
				<gx:coord>-82.693726 34.807793 271.100006</gx:coord>
				<gx:coord>-82.693726 34.807793 271.100006</gx:coord>
				<gx:coord>-82.693726 34.807793 271.100006</gx:coord>
				<gx:coord>-82.693718 34.807796 271.000000</gx:coord>
				<gx:coord>-82.693718 34.807796 271.000000</gx:coord>
				<gx:coord>-82.693718 34.807796 271.000000</gx:coord>
				<gx:coord>-82.693718 34.807796 270.899994</gx:coord>
				<gx:coord>-82.693718 34.807796 270.899994</gx:coord>
				<gx:coord>-82.693718 34.807796 270.799988</gx:coord>
				<gx:coord>-82.693718 34.807796 270.799988</gx:coord>
				<gx:coord>-82.693718 34.807796 270.799988</gx:coord>
				<gx:coord>-82.693718 34.807800 270.700012</gx:coord>
				<gx:coord>-82.693718 34.807800 270.700012</gx:coord>
				<gx:coord>-82.693718 34.807800 270.700012</gx:coord>
				<gx:coord>-82.693718 34.807800 270.500000</gx:coord>
				<gx:coord>-82.693726 34.807800 270.399994</gx:coord>
				<gx:coord>-82.693726 34.807800 270.200012</gx:coord>
				<gx:coord>-82.693726 34.807800 270.100006</gx:coord>
				<gx:coord>-82.693726 34.807800 270.100006</gx:coord>
				<gx:coord>-82.693726 34.807800 270.100006</gx:coord>
				<gx:coord>-82.693726 34.807800 270.100006</gx:coord>
				<gx:coord>-82.693726 34.807796 269.899994</gx:coord>
				<gx:coord>-82.693726 34.807796 269.899994</gx:coord>
				<gx:coord>-82.693726 34.807796 270.000000</gx:coord>
				<gx:coord>-82.693726 34.807796 270.000000</gx:coord>
				<gx:coord>-82.693726 34.807796 269.899994</gx:coord>
				<gx:coord>-82.693726 34.807796 269.899994</gx:coord>
				<gx:coord>-82.693726 34.807796 269.799988</gx:coord>
				<gx:coord>-82.693726 34.807796 269.799988</gx:coord>
				<gx:coord>-82.693726 34.807796 269.799988</gx:coord>
				<gx:coord>-82.693726 34.807793 269.799988</gx:coord>
				<gx:coord>-82.693733 34.807793 269.700012</gx:coord>
				<gx:coord>-82.693733 34.807793 269.700012</gx:coord>
				<gx:coord>-82.693733 34.807793 269.600006</gx:coord>
				<gx:coord>-82.693733 34.807793 269.500000</gx:coord>
				<gx:coord>-82.693733 34.807793 269.500000</gx:coord>
				<gx:coord>-82.693733 34.807789 269.500000</gx:coord>
				<gx:coord>-82.693733 34.807789 269.500000</gx:coord>
				<gx:coord>-82.693733 34.807789 269.500000</gx:coord>
				<gx:coord>-82.693733 34.807789 269.500000</gx:coord>
				<gx:coord>-82.693733 34.807789 269.500000</gx:coord>
				<gx:coord>-82.693733 34.807789 269.500000</gx:coord>
				<gx:coord>-82.693733 34.807789 269.500000</gx:coord>
				<gx:coord>-82.693733 34.807789 269.399994</gx:coord>
				<gx:coord>-82.693733 34.807789 269.399994</gx:coord>
				<gx:coord>-82.693733 34.807789 269.399994</gx:coord>
				<gx:coord>-82.693741 34.807785 269.200012</gx:coord>
				<gx:coord>-82.693741 34.807785 269.100006</gx:coord>
				<gx:coord>-82.693741 34.807781 269.000000</gx:coord>
				<gx:coord>-82.693741 34.807781 269.000000</gx:coord>
				<gx:coord>-82.693741 34.807781 268.899994</gx:coord>
				<gx:coord>-82.693741 34.807781 268.899994</gx:coord>
				<gx:coord>-82.693748 34.807781 268.799988</gx:coord>
				<gx:coord>-82.693748 34.807777 268.799988</gx:coord>
				<gx:coord>-82.693748 34.807777 268.899994</gx:coord>
				<gx:coord>-82.693748 34.807777 268.899994</gx:coord>
				<gx:coord>-82.693748 34.807774 268.799988</gx:coord>
				<gx:coord>-82.693748 34.807774 268.700012</gx:coord>
				<gx:coord>-82.693748 34.807770 268.700012</gx:coord>
				<gx:coord>-82.693748 34.807770 268.700012</gx:coord>
				<gx:coord>-82.693748 34.807766 268.700012</gx:coord>
				<gx:coord>-82.693756 34.807766 268.600006</gx:coord>
				<gx:coord>-82.693756 34.807762 268.600006</gx:coord>
				<gx:coord>-82.693756 34.807762 268.500000</gx:coord>
				<gx:coord>-82.693756 34.807758 268.500000</gx:coord>
				<gx:coord>-82.693756 34.807758 268.399994</gx:coord>
				<gx:coord>-82.693764 34.807758 268.299988</gx:coord>
				<gx:coord>-82.693764 34.807758 268.200012</gx:coord>
				<gx:coord>-82.693764 34.807755 268.000000</gx:coord>
				<gx:coord>-82.693764 34.807755 267.899994</gx:coord>
				<gx:coord>-82.693764 34.807755 267.799988</gx:coord>
				<gx:coord>-82.693764 34.807755 267.600006</gx:coord>
				<gx:coord>-82.693764 34.807755 267.299988</gx:coord>
				<gx:coord>-82.693764 34.807755 267.200012</gx:coord>
				<gx:coord>-82.693764 34.807755 267.000000</gx:coord>
				<gx:coord>-82.693764 34.807755 266.799988</gx:coord>
				<gx:coord>-82.693764 34.807755 266.700012</gx:coord>
				<gx:coord>-82.693764 34.807755 266.600006</gx:coord>
				<gx:coord>-82.693764 34.807755 266.500000</gx:coord>
				<gx:coord>-82.693764 34.807755 266.399994</gx:coord>
				<gx:coord>-82.693771 34.807751 266.299988</gx:coord>
				<gx:coord>-82.693771 34.807751 266.299988</gx:coord>
				<gx:coord>-82.693771 34.807751 266.399994</gx:coord>
				<gx:coord>-82.693771 34.807751 266.399994</gx:coord>
				<gx:coord>-82.693771 34.807751 266.500000</gx:coord>
				<gx:coord>-82.693771 34.807747 266.600006</gx:coord>
				<gx:coord>-82.693771 34.807747 266.600006</gx:coord>
				<gx:coord>-82.693771 34.807747 266.500000</gx:coord>
				<gx:coord>-82.693771 34.807747 266.500000</gx:coord>
				<gx:coord>-82.693771 34.807747 266.799988</gx:coord>
				<gx:coord>-82.693771 34.807747 267.100006</gx:coord>
				<gx:coord>-82.693771 34.807743 267.399994</gx:coord>
				<gx:coord>-82.693771 34.807743 267.799988</gx:coord>
				<gx:coord>-82.693771 34.807743 268.299988</gx:coord>
				<gx:coord>-82.693771 34.807743 268.700012</gx:coord>
				<gx:coord>-82.693771 34.807739 269.399994</gx:coord>
				<gx:coord>-82.693771 34.807739 270.100006</gx:coord>
				<gx:coord>-82.693771 34.807739 270.500000</gx:coord>
				<gx:coord>-82.693771 34.807739 270.899994</gx:coord>
				<gx:coord>-82.693771 34.807739 271.100006</gx:coord>
				<gx:coord>-82.693771 34.807739 271.100006</gx:coord>
				<gx:coord>-82.693771 34.807747 270.000000</gx:coord>
				<gx:coord>-82.693779 34.807747 268.799988</gx:coord>
				<gx:coord>-82.693779 34.807751 268.200012</gx:coord>
				<gx:coord>-82.693787 34.807751 268.100006</gx:coord>
				<gx:coord>-82.693787 34.807751 268.299988</gx:coord>
				<gx:coord>-82.693787 34.807751 268.399994</gx:coord>
				<gx:coord>-82.693787 34.807755 268.299988</gx:coord>
				<gx:coord>-82.693787 34.807755 268.299988</gx:coord>
				<gx:coord>-82.693787 34.807755 268.299988</gx:coord>
				<gx:coord>-82.693787 34.807755 268.200012</gx:coord>
				<gx:coord>-82.693794 34.807758 268.100006</gx:coord>
				<gx:coord>-82.693794 34.807751 268.399994</gx:coord>
				<gx:coord>-82.693787 34.807747 267.799988</gx:coord>
				<gx:coord>-82.693787 34.807739 266.600006</gx:coord>
				<gx:coord>-82.693779 34.807728 266.000000</gx:coord>
				<gx:coord>-82.693787 34.807720 264.200012</gx:coord>
				<gx:coord>-82.693779 34.807713 266.799988</gx:coord>
				<gx:coord>-82.693787 34.807705 265.500000</gx:coord>
				<gx:coord>-82.693779 34.807701 265.600006</gx:coord>
				<gx:coord>-82.693779 34.807693 266.100006</gx:coord>
				<gx:coord>-82.693779 34.807690 266.299988</gx:coord>
				<gx:coord>-82.693779 34.807686 266.000000</gx:coord>
				<gx:coord>-82.693779 34.807682 266.500000</gx:coord>
				<gx:coord>-82.693779 34.807678 266.299988</gx:coord>
				<gx:coord>-82.693779 34.807674 266.299988</gx:coord>
				<gx:coord>-82.693771 34.807678 266.500000</gx:coord>
				<gx:coord>-82.693771 34.807674 267.100006</gx:coord>
				<gx:coord>-82.693771 34.807674 267.399994</gx:coord>
				<gx:coord>-82.693787 34.807663 267.500000</gx:coord>
				<gx:coord>-82.693779 34.807659 268.500000</gx:coord>
				<gx:coord>-82.693787 34.807652 269.200012</gx:coord>
				<gx:coord>-82.693787 34.807648 270.000000</gx:coord>
				<gx:coord>-82.693787 34.807636 271.299988</gx:coord>
				<gx:coord>-82.693779 34.807632 272.200012</gx:coord>
				<gx:coord>-82.693779 34.807625 272.600006</gx:coord>
				<gx:coord>-82.693779 34.807625 272.799988</gx:coord>
				<gx:coord>-82.693779 34.807625 272.200012</gx:coord>
				<gx:coord>-82.693771 34.807625 270.700012</gx:coord>
				<gx:coord>-82.693771 34.807625 270.500000</gx:coord>
				<gx:coord>-82.693771 34.807625 270.600006</gx:coord>
				<gx:coord>-82.693771 34.807625 270.799988</gx:coord>
				<gx:coord>-82.693771 34.807625 271.299988</gx:coord>
				<gx:coord>-82.693764 34.807621 271.600006</gx:coord>
				<gx:coord>-82.693764 34.807621 271.700012</gx:coord>
				<gx:coord>-82.693764 34.807621 271.700012</gx:coord>
				<gx:coord>-82.693764 34.807621 272.000000</gx:coord>
				<gx:coord>-82.693764 34.807621 272.600006</gx:coord>
				<gx:coord>-82.693764 34.807617 273.500000</gx:coord>
				<gx:coord>-82.693764 34.807617 273.899994</gx:coord>
				<gx:coord>-82.693764 34.807617 274.399994</gx:coord>
				<gx:coord>-82.693764 34.807613 274.700012</gx:coord>
				<gx:coord>-82.693771 34.807610 275.100006</gx:coord>
				<gx:coord>-82.693771 34.807610 275.100006</gx:coord>
				<gx:coord>-82.693771 34.807610 275.100006</gx:coord>
				<gx:coord>-82.693771 34.807610 275.100006</gx:coord>
				<gx:coord>-82.693771 34.807606 274.899994</gx:coord>
				<gx:coord>-82.693771 34.807602 274.500000</gx:coord>
				<gx:coord>-82.693779 34.807606 273.700012</gx:coord>
				<gx:coord>-82.693779 34.807610 272.899994</gx:coord>
				<gx:coord>-82.693787 34.807606 273.000000</gx:coord>
				<gx:coord>-82.693794 34.807606 273.200012</gx:coord>
				<gx:coord>-82.693802 34.807606 273.500000</gx:coord>
				<gx:coord>-82.693817 34.807606 272.299988</gx:coord>
				<gx:coord>-82.693825 34.807594 271.899994</gx:coord>
				<gx:coord>-82.693817 34.807594 271.200012</gx:coord>
				<gx:coord>-82.693802 34.807579 270.399994</gx:coord>
				<gx:coord>-82.693794 34.807568 271.399994</gx:coord>
				<gx:coord>-82.693794 34.807564 272.299988</gx:coord>
				<gx:coord>-82.693802 34.807564 272.000000</gx:coord>
				<gx:coord>-82.693810 34.807556 271.700012</gx:coord>
				<gx:coord>-82.693810 34.807556 271.799988</gx:coord>
				<gx:coord>-82.693817 34.807556 271.000000</gx:coord>
				<gx:coord>-82.693825 34.807568 271.700012</gx:coord>
				<gx:coord>-82.693810 34.807568 270.500000</gx:coord>
				<gx:coord>-82.693817 34.807564 270.399994</gx:coord>
				<gx:coord>-82.693817 34.807571 270.399994</gx:coord>
				<gx:coord>-82.693810 34.807571 270.299988</gx:coord>
				<gx:coord>-82.693794 34.807564 270.399994</gx:coord>
				<gx:coord>-82.693794 34.807564 270.399994</gx:coord>
				<gx:coord>-82.693794 34.807556 270.299988</gx:coord>
				<gx:coord>-82.693802 34.807541 270.100006</gx:coord>
				<gx:coord>-82.693802 34.807533 270.100006</gx:coord>
				<gx:coord>-82.693810 34.807522 270.200012</gx:coord>
				<gx:coord>-82.693810 34.807514 270.399994</gx:coord>
				<gx:coord>-82.693810 34.807510 269.500000</gx:coord>
				<gx:coord>-82.693810 34.807510 269.899994</gx:coord>
				<gx:coord>-82.693817 34.807487 270.299988</gx:coord>
				<gx:coord>-82.693832 34.807449 269.299988</gx:coord>
				<gx:coord>-82.693855 34.807411 270.700012</gx:coord>
				<gx:coord>-82.693863 34.807407 270.700012</gx:coord>
				<gx:coord>-82.693863 34.807407 270.899994</gx:coord>
				<gx:coord>-82.693840 34.807434 271.700012</gx:coord>
				<gx:coord>-82.693832 34.807449 272.299988</gx:coord>
				<gx:coord>-82.693810 34.807472 272.000000</gx:coord>
				<gx:coord>-82.693794 34.807487 271.799988</gx:coord>
				<gx:coord>-82.693787 34.807495 271.600006</gx:coord>
				<gx:coord>-82.693771 34.807510 271.299988</gx:coord>
				<gx:coord>-82.693756 34.807522 270.899994</gx:coord>
				<gx:coord>-82.693748 34.807529 270.600006</gx:coord>
				<gx:coord>-82.693764 34.807503 270.799988</gx:coord>
				<gx:coord>-82.693779 34.807484 271.100006</gx:coord>
				<gx:coord>-82.693779 34.807480 271.000000</gx:coord>
				<gx:coord>-82.693787 34.807472 271.100006</gx:coord>
				<gx:coord>-82.693787 34.807472 271.000000</gx:coord>
				<gx:coord>-82.693787 34.807468 271.000000</gx:coord>
				<gx:coord>-82.693787 34.807468 270.899994</gx:coord>
				<gx:coord>-82.693787 34.807468 270.600006</gx:coord>
				<gx:coord>-82.693787 34.807472 270.600006</gx:coord>
				<gx:coord>-82.693787 34.807472 270.500000</gx:coord>
				<gx:coord>-82.693787 34.807472 270.299988</gx:coord>
				<gx:coord>-82.693787 34.807472 270.299988</gx:coord>
				<gx:coord>-82.693787 34.807476 270.100006</gx:coord>
				<gx:coord>-82.693779 34.807476 270.200012</gx:coord>
				<gx:coord>-82.693779 34.807476 270.100006</gx:coord>
				<gx:coord>-82.693779 34.807476 269.899994</gx:coord>
				<gx:coord>-82.693779 34.807476 269.700012</gx:coord>
				<gx:coord>-82.693779 34.807476 269.700012</gx:coord>
				<gx:coord>-82.693771 34.807480 269.299988</gx:coord>
				<gx:coord>-82.693771 34.807480 268.899994</gx:coord>
				<gx:coord>-82.693771 34.807472 268.700012</gx:coord>
				<gx:coord>-82.693771 34.807465 268.399994</gx:coord>
				<gx:coord>-82.693771 34.807453 268.399994</gx:coord>
				<gx:coord>-82.693771 34.807442 268.399994</gx:coord>
				<gx:coord>-82.693771 34.807434 268.799988</gx:coord>
				<gx:coord>-82.693764 34.807419 269.500000</gx:coord>
				<gx:coord>-82.693771 34.807404 269.899994</gx:coord>
				<gx:coord>-82.693771 34.807388 270.399994</gx:coord>
				<gx:coord>-82.693764 34.807377 270.299988</gx:coord>
				<gx:coord>-82.693764 34.807365 270.500000</gx:coord>
				<gx:coord>-82.693764 34.807358 270.299988</gx:coord>
				<gx:coord>-82.693764 34.807346 271.000000</gx:coord>
				<gx:coord>-82.693764 34.807331 271.799988</gx:coord>
				<gx:coord>-82.693764 34.807320 271.500000</gx:coord>
				<gx:coord>-82.693764 34.807320 270.100006</gx:coord>
				<gx:coord>-82.693771 34.807350 268.200012</gx:coord>
				<gx:coord>-82.693756 34.807362 267.799988</gx:coord>
				<gx:coord>-82.693726 34.807358 266.399994</gx:coord>
				<gx:coord>-82.693703 34.807350 266.000000</gx:coord>
				<gx:coord>-82.693703 34.807335 269.500000</gx:coord>
				<gx:coord>-82.693695 34.807312 270.600006</gx:coord>
				<gx:coord>-82.693710 34.807308 268.500000</gx:coord>
				<gx:coord>-82.693726 34.807297 268.600006</gx:coord>
				<gx:coord>-82.693733 34.807285 268.799988</gx:coord>
				<gx:coord>-82.693741 34.807274 269.500000</gx:coord>
				<gx:coord>-82.693741 34.807262 269.700012</gx:coord>
				<gx:coord>-82.693748 34.807247 269.899994</gx:coord>
				<gx:coord>-82.693748 34.807236 270.299988</gx:coord>
				<gx:coord>-82.693748 34.807224 269.899994</gx:coord>
				<gx:coord>-82.693756 34.807217 270.399994</gx:coord>
				<gx:coord>-82.693756 34.807209 270.600006</gx:coord>
				<gx:coord>-82.693756 34.807201 270.899994</gx:coord>
				<gx:coord>-82.693756 34.807190 270.600006</gx:coord>
				<gx:coord>-82.693756 34.807182 270.200012</gx:coord>
				<gx:coord>-82.693756 34.807175 270.000000</gx:coord>
				<gx:coord>-82.693756 34.807167 270.000000</gx:coord>
				<gx:coord>-82.693756 34.807167 270.000000</gx:coord>
				<gx:coord>-82.693756 34.807171 269.899994</gx:coord>
				<gx:coord>-82.693756 34.807171 269.899994</gx:coord>
				<gx:coord>-82.693741 34.807175 271.399994</gx:coord>
				<gx:coord>-82.693741 34.807175 271.399994</gx:coord>
				<gx:coord>-82.693741 34.807175 272.000000</gx:coord>
				<gx:coord>-82.693741 34.807182 272.200012</gx:coord>
				<gx:coord>-82.693748 34.807182 271.399994</gx:coord>
				<gx:coord>-82.693748 34.807182 271.399994</gx:coord>
				<gx:coord>-82.693748 34.807182 271.700012</gx:coord>
				<gx:coord>-82.693764 34.807175 270.600006</gx:coord>
				<gx:coord>-82.693756 34.807178 270.799988</gx:coord>
				<gx:coord>-82.693756 34.807178 270.799988</gx:coord>
				<gx:coord>-82.693756 34.807175 271.100006</gx:coord>
				<gx:coord>-82.693756 34.807171 271.299988</gx:coord>
				<gx:coord>-82.693756 34.807171 271.700012</gx:coord>
				<gx:coord>-82.693748 34.807163 272.100006</gx:coord>
				<gx:coord>-82.693748 34.807163 271.899994</gx:coord>
				<gx:coord>-82.693748 34.807167 272.100006</gx:coord>
				<gx:coord>-82.693748 34.807159 272.000000</gx:coord>
				<gx:coord>-82.693748 34.807156 271.600006</gx:coord>
				<gx:coord>-82.693748 34.807152 270.799988</gx:coord>
				<gx:coord>-82.693748 34.807152 270.500000</gx:coord>
				<gx:coord>-82.693748 34.807156 270.000000</gx:coord>
				<gx:coord>-82.693748 34.807159 270.000000</gx:coord>
				<gx:coord>-82.693748 34.807159 269.700012</gx:coord>
				<gx:coord>-82.693748 34.807163 269.700012</gx:coord>
				<gx:coord>-82.693741 34.807163 269.799988</gx:coord>
				<gx:coord>-82.693741 34.807163 269.899994</gx:coord>
				<gx:coord>-82.693741 34.807167 269.899994</gx:coord>
				<gx:coord>-82.693741 34.807167 269.899994</gx:coord>
				<gx:coord>-82.693741 34.807167 269.899994</gx:coord>
				<gx:coord>-82.693741 34.807171 269.899994</gx:coord>
				<gx:coord>-82.693741 34.807171 270.000000</gx:coord>
				<gx:coord>-82.693741 34.807171 269.899994</gx:coord>
				<gx:coord>-82.693741 34.807171 269.899994</gx:coord>
				<gx:coord>-82.693741 34.807175 269.899994</gx:coord>
				<gx:coord>-82.693741 34.807175 269.899994</gx:coord>
				<gx:coord>-82.693741 34.807175 269.899994</gx:coord>
				<gx:coord>-82.693741 34.807175 269.799988</gx:coord>
				<gx:coord>-82.693741 34.807175 269.700012</gx:coord>
				<gx:coord>-82.693741 34.807175 269.600006</gx:coord>
				<gx:coord>-82.693741 34.807175 269.500000</gx:coord>
				<gx:coord>-82.693741 34.807175 269.399994</gx:coord>
				<gx:coord>-82.693741 34.807175 269.299988</gx:coord>
				<gx:coord>-82.693741 34.807175 269.200012</gx:coord>
				<gx:coord>-82.693741 34.807175 269.100006</gx:coord>
				<gx:coord>-82.693741 34.807175 269.100006</gx:coord>
				<gx:coord>-82.693741 34.807175 269.100006</gx:coord>
				<gx:coord>-82.693741 34.807175 269.100006</gx:coord>
				<gx:coord>-82.693741 34.807175 269.100006</gx:coord>
				<gx:coord>-82.693741 34.807175 269.100006</gx:coord>
				<gx:coord>-82.693741 34.807175 269.000000</gx:coord>
				<gx:coord>-82.693741 34.807171 269.000000</gx:coord>
				<gx:coord>-82.693741 34.807171 268.899994</gx:coord>
				<gx:coord>-82.693741 34.807171 268.899994</gx:coord>
				<gx:coord>-82.693741 34.807171 268.799988</gx:coord>
				<gx:coord>-82.693741 34.807167 268.700012</gx:coord>
				<gx:coord>-82.693741 34.807167 268.600006</gx:coord>
				<gx:coord>-82.693748 34.807167 268.600006</gx:coord>
				<gx:coord>-82.693748 34.807167 268.600006</gx:coord>
				<gx:coord>-82.693748 34.807163 268.600006</gx:coord>
				<gx:coord>-82.693748 34.807163 268.600006</gx:coord>
				<gx:coord>-82.693748 34.807163 268.500000</gx:coord>
				<gx:coord>-82.693748 34.807163 268.500000</gx:coord>
				<gx:coord>-82.693748 34.807163 268.399994</gx:coord>
				<gx:coord>-82.693748 34.807163 268.399994</gx:coord>
				<gx:coord>-82.693748 34.807163 268.299988</gx:coord>
				<gx:coord>-82.693748 34.807163 268.299988</gx:coord>
				<gx:coord>-82.693748 34.807163 268.299988</gx:coord>
				<gx:coord>-82.693748 34.807163 268.299988</gx:coord>
				<gx:coord>-82.693748 34.807163 268.299988</gx:coord>
				<gx:coord>-82.693748 34.807163 268.299988</gx:coord>
				<gx:coord>-82.693748 34.807163 268.399994</gx:coord>
				<gx:coord>-82.693748 34.807167 268.399994</gx:coord>
				<gx:coord>-82.693748 34.807167 268.399994</gx:coord>
				<gx:coord>-82.693748 34.807167 268.399994</gx:coord>
				<gx:coord>-82.693748 34.807171 268.399994</gx:coord>
				<gx:coord>-82.693748 34.807171 268.399994</gx:coord>
				<gx:coord>-82.693748 34.807171 268.399994</gx:coord>
				<gx:coord>-82.693748 34.807171 268.399994</gx:coord>
				<gx:coord>-82.693741 34.807171 268.399994</gx:coord>
				<gx:coord>-82.693741 34.807175 268.399994</gx:coord>
				<gx:coord>-82.693741 34.807175 268.500000</gx:coord>
				<gx:coord>-82.693741 34.807175 268.500000</gx:coord>
				<gx:coord>-82.693741 34.807175 268.600006</gx:coord>
				<gx:coord>-82.693741 34.807175 268.600006</gx:coord>
				<gx:coord>-82.693741 34.807175 268.700012</gx:coord>
				<gx:coord>-82.693741 34.807175 268.700012</gx:coord>
				<gx:coord>-82.693741 34.807175 268.700012</gx:coord>
				<gx:coord>-82.693741 34.807178 268.700012</gx:coord>
				<gx:coord>-82.693741 34.807178 268.700012</gx:coord>
				<gx:coord>-82.693741 34.807178 268.700012</gx:coord>
				<gx:coord>-82.693741 34.807178 268.799988</gx:coord>
				<gx:coord>-82.693741 34.807178 268.799988</gx:coord>
				<gx:coord>-82.693741 34.807178 268.799988</gx:coord>
				<gx:coord>-82.693741 34.807178 268.899994</gx:coord>
				<gx:coord>-82.693741 34.807178 268.899994</gx:coord>
				<gx:coord>-82.693741 34.807178 268.899994</gx:coord>
				<gx:coord>-82.693741 34.807178 268.899994</gx:coord>
				<gx:coord>-82.693741 34.807178 268.899994</gx:coord>
				<gx:coord>-82.693741 34.807178 268.899994</gx:coord>
				<gx:coord>-82.693741 34.807175 268.799988</gx:coord>
				<gx:coord>-82.693741 34.807175 268.799988</gx:coord>
				<gx:coord>-82.693741 34.807175 268.700012</gx:coord>
				<gx:coord>-82.693741 34.807175 268.700012</gx:coord>
				<gx:coord>-82.693741 34.807175 268.600006</gx:coord>
				<gx:coord>-82.693741 34.807175 268.600006</gx:coord>
				<gx:coord>-82.693741 34.807175 268.600006</gx:coord>
				<gx:coord>-82.693741 34.807175 268.500000</gx:coord>
				<gx:coord>-82.693741 34.807175 268.500000</gx:coord>
				<gx:coord>-82.693741 34.807175 268.500000</gx:coord>
				<gx:coord>-82.693741 34.807175 268.600006</gx:coord>
				<gx:coord>-82.693756 34.807186 268.700012</gx:coord>
				<gx:coord>-82.693756 34.807182 268.299988</gx:coord>
				<gx:coord>-82.693764 34.807186 269.100006</gx:coord>
				<gx:coord>-82.693771 34.807190 268.299988</gx:coord>
				<gx:coord>-82.693771 34.807194 267.799988</gx:coord>
				<gx:coord>-82.693779 34.807194 267.799988</gx:coord>
				<gx:coord>-82.693779 34.807190 267.799988</gx:coord>
				<gx:coord>-82.693779 34.807190 267.799988</gx:coord>
				<gx:coord>-82.693779 34.807190 267.600006</gx:coord>
				<gx:coord>-82.693779 34.807186 267.299988</gx:coord>
				<gx:coord>-82.693779 34.807186 267.100006</gx:coord>
				<gx:coord>-82.693779 34.807190 267.200012</gx:coord>
				<gx:coord>-82.693779 34.807186 266.700012</gx:coord>
				<gx:coord>-82.693779 34.807186 266.500000</gx:coord>
				<gx:coord>-82.693779 34.807186 265.500000</gx:coord>
				<gx:coord>-82.693779 34.807182 265.299988</gx:coord>
				<gx:coord>-82.693787 34.807186 265.100006</gx:coord>
				<gx:coord>-82.693787 34.807186 265.200012</gx:coord>
				<gx:coord>-82.693787 34.807182 265.200012</gx:coord>
				<gx:coord>-82.693779 34.807175 265.200012</gx:coord>
				<gx:coord>-82.693771 34.807178 265.200012</gx:coord>
				<gx:coord>-82.693771 34.807178 265.100006</gx:coord>
				<gx:coord>-82.693756 34.807175 264.200012</gx:coord>
				<gx:coord>-82.693756 34.807175 264.200012</gx:coord>
				<gx:coord>-82.693748 34.807175 264.500000</gx:coord>
				<gx:coord>-82.693756 34.807175 264.600006</gx:coord>
				<gx:coord>-82.693756 34.807175 265.100006</gx:coord>
				<gx:coord>-82.693756 34.807178 264.899994</gx:coord>
				<gx:coord>-82.693756 34.807175 264.799988</gx:coord>
				<gx:coord>-82.693756 34.807178 264.899994</gx:coord>
				<gx:coord>-82.693756 34.807178 265.100006</gx:coord>
				<gx:coord>-82.693756 34.807178 265.200012</gx:coord>
				<gx:coord>-82.693756 34.807178 265.100006</gx:coord>
				<gx:coord>-82.693756 34.807178 265.100006</gx:coord>
				<gx:coord>-82.693756 34.807178 265.100006</gx:coord>
				<gx:coord>-82.693764 34.807178 265.100006</gx:coord>
				<gx:coord>-82.693764 34.807178 265.000000</gx:coord>
				<gx:coord>-82.693764 34.807178 265.000000</gx:coord>
				<gx:coord>-82.693764 34.807178 264.899994</gx:coord>
				<gx:coord>-82.693764 34.807178 264.899994</gx:coord>
				<gx:coord>-82.693764 34.807175 264.899994</gx:coord>
				<gx:coord>-82.693764 34.807175 264.799988</gx:coord>
				<gx:coord>-82.693764 34.807175 264.700012</gx:coord>
				<gx:coord>-82.693764 34.807175 264.600006</gx:coord>
				<gx:coord>-82.693764 34.807175 264.500000</gx:coord>
				<gx:coord>-82.693764 34.807175 264.500000</gx:coord>
				<gx:coord>-82.693764 34.807175 264.399994</gx:coord>
				<gx:coord>-82.693764 34.807175 264.399994</gx:coord>
				<gx:coord>-82.693764 34.807175 264.399994</gx:coord>
				<gx:coord>-82.693764 34.807175 264.399994</gx:coord>
				<gx:coord>-82.693764 34.807175 264.399994</gx:coord>
				<gx:coord>-82.693764 34.807175 264.500000</gx:coord>
				<gx:coord>-82.693764 34.807175 264.600006</gx:coord>
				<gx:coord>-82.693764 34.807175 264.600006</gx:coord>
				<gx:coord>-82.693764 34.807175 264.700012</gx:coord>
				<gx:coord>-82.693764 34.807175 264.799988</gx:coord>
				<gx:coord>-82.693764 34.807175 264.899994</gx:coord>
				<gx:coord>-82.693764 34.807175 265.000000</gx:coord>
				<gx:coord>-82.693764 34.807175 265.100006</gx:coord>
				<gx:coord>-82.693764 34.807175 265.200012</gx:coord>
				<gx:coord>-82.693764 34.807175 265.299988</gx:coord>
				<gx:coord>-82.693764 34.807175 265.399994</gx:coord>
				<gx:coord>-82.693764 34.807175 265.500000</gx:coord>
				<gx:coord>-82.693764 34.807175 265.600006</gx:coord>
				<gx:coord>-82.693764 34.807175 265.799988</gx:coord>
				<gx:coord>-82.693764 34.807175 265.899994</gx:coord>
				<gx:coord>-82.693764 34.807175 266.000000</gx:coord>
				<gx:coord>-82.693764 34.807175 266.200012</gx:coord>
				<gx:coord>-82.693764 34.807175 266.299988</gx:coord>
				<gx:coord>-82.693764 34.807175 266.399994</gx:coord>
				<gx:coord>-82.693764 34.807175 266.500000</gx:coord>
				<gx:coord>-82.693764 34.807175 266.500000</gx:coord>
				<gx:coord>-82.693764 34.807175 266.600006</gx:coord>
				<gx:coord>-82.693764 34.807175 266.700012</gx:coord>
				<gx:coord>-82.693764 34.807175 266.799988</gx:coord>
				<gx:coord>-82.693764 34.807175 266.899994</gx:coord>
				<gx:coord>-82.693764 34.807175 267.000000</gx:coord>
				<gx:coord>-82.693764 34.807175 267.100006</gx:coord>
				<gx:coord>-82.693764 34.807175 267.200012</gx:coord>
				<gx:coord>-82.693764 34.807175 267.299988</gx:coord>
				<gx:coord>-82.693764 34.807175 267.399994</gx:coord>
				<gx:coord>-82.693764 34.807175 267.500000</gx:coord>
				<gx:coord>-82.693764 34.807175 267.600006</gx:coord>
				<gx:coord>-82.693764 34.807175 267.700012</gx:coord>
				<gx:coord>-82.693764 34.807175 267.700012</gx:coord>
				<gx:coord>-82.693764 34.807175 267.799988</gx:coord>
				<gx:coord>-82.693764 34.807175 267.799988</gx:coord>
				<gx:coord>-82.693764 34.807175 267.799988</gx:coord>
				<gx:coord>-82.693764 34.807175 267.899994</gx:coord>
				<gx:coord>-82.693764 34.807175 267.899994</gx:coord>
				<gx:coord>-82.693764 34.807175 268.000000</gx:coord>
				<gx:coord>-82.693764 34.807175 268.100006</gx:coord>
				<gx:coord>-82.693764 34.807175 268.100006</gx:coord>
				<gx:coord>-82.693764 34.807171 268.200012</gx:coord>
				<gx:coord>-82.693764 34.807171 268.200012</gx:coord>
				<gx:coord>-82.693764 34.807171 268.200012</gx:coord>
				<gx:coord>-82.693764 34.807171 268.200012</gx:coord>
				<gx:coord>-82.693764 34.807171 268.200012</gx:coord>
				<gx:coord>-82.693764 34.807171 268.200012</gx:coord>
				<gx:coord>-82.693764 34.807171 268.299988</gx:coord>
				<gx:coord>-82.693764 34.807171 268.299988</gx:coord>
				<gx:coord>-82.693764 34.807171 268.299988</gx:coord>
				<gx:coord>-82.693764 34.807171 268.299988</gx:coord>
				<gx:coord>-82.693764 34.807171 268.299988</gx:coord>
				<gx:coord>-82.693764 34.807167 268.299988</gx:coord>
				<gx:coord>-82.693764 34.807167 268.299988</gx:coord>
				<gx:coord>-82.693764 34.807167 268.299988</gx:coord>
				<gx:coord>-82.693764 34.807167 268.299988</gx:coord>
				<gx:coord>-82.693764 34.807167 268.299988</gx:coord>
				<gx:coord>-82.693764 34.807167 268.299988</gx:coord>
				<gx:coord>-82.693764 34.807171 268.299988</gx:coord>
				<gx:coord>-82.693764 34.807171 268.299988</gx:coord>
				<gx:coord>-82.693764 34.807171 268.299988</gx:coord>
				<gx:coord>-82.693764 34.807171 268.299988</gx:coord>
				<gx:coord>-82.693764 34.807171 268.299988</gx:coord>
				<gx:coord>-82.693756 34.807175 268.200012</gx:coord>
				<gx:coord>-82.693756 34.807175 268.200012</gx:coord>
				<gx:coord>-82.693756 34.807175 268.200012</gx:coord>
				<gx:coord>-82.693756 34.807175 268.200012</gx:coord>
				<gx:coord>-82.693756 34.807175 268.200012</gx:coord>
				<gx:coord>-82.693756 34.807175 268.200012</gx:coord>
				<gx:coord>-82.693756 34.807175 268.200012</gx:coord>
				<gx:coord>-82.693756 34.807175 268.299988</gx:coord>
				<gx:coord>-82.693756 34.807175 268.200012</gx:coord>
				<gx:coord>-82.693756 34.807175 268.200012</gx:coord>
				<gx:coord>-82.693756 34.807175 268.200012</gx:coord>
				<gx:coord>-82.693756 34.807175 268.200012</gx:coord>
				<gx:coord>-82.693756 34.807175 268.200012</gx:coord>
				<gx:coord>-82.693756 34.807175 268.200012</gx:coord>
				<gx:coord>-82.693756 34.807175 268.299988</gx:coord>
				<gx:coord>-82.693756 34.807175 268.299988</gx:coord>
				<gx:coord>-82.693756 34.807175 268.299988</gx:coord>
				<gx:coord>-82.693756 34.807175 268.299988</gx:coord>
				<gx:coord>-82.693756 34.807175 268.299988</gx:coord>
				<gx:coord>-82.693756 34.807175 268.299988</gx:coord>
				<gx:coord>-82.693756 34.807175 268.299988</gx:coord>
				<gx:coord>-82.693756 34.807175 268.399994</gx:coord>
				<gx:coord>-82.693756 34.807175 268.299988</gx:coord>
				<gx:coord>-82.693756 34.807175 268.299988</gx:coord>
				<gx:coord>-82.693756 34.807175 268.299988</gx:coord>
				<gx:coord>-82.693756 34.807175 268.299988</gx:coord>
				<gx:coord>-82.693756 34.807171 268.299988</gx:coord>
				<gx:coord>-82.693756 34.807171 268.200012</gx:coord>
				<gx:coord>-82.693756 34.807171 268.200012</gx:coord>
				<gx:coord>-82.693756 34.807171 268.200012</gx:coord>
				<gx:coord>-82.693756 34.807171 268.200012</gx:coord>
				<gx:coord>-82.693764 34.807171 268.200012</gx:coord>
				<gx:coord>-82.693764 34.807171 268.200012</gx:coord>
				<gx:coord>-82.693764 34.807171 268.200012</gx:coord>
				<gx:coord>-82.693764 34.807171 268.100006</gx:coord>
				<gx:coord>-82.693764 34.807171 268.100006</gx:coord>
				<gx:coord>-82.693764 34.807171 268.100006</gx:coord>
				<gx:coord>-82.693764 34.807171 268.100006</gx:coord>
				<gx:coord>-82.693764 34.807171 268.100006</gx:coord>
				<gx:coord>-82.693764 34.807171 268.100006</gx:coord>
				<gx:coord>-82.693764 34.807171 268.100006</gx:coord>
				<gx:coord>-82.693764 34.807171 268.100006</gx:coord>
				<gx:coord>-82.693764 34.807171 268.100006</gx:coord>
				<gx:coord>-82.693764 34.807171 268.100006</gx:coord>
				<gx:coord>-82.693764 34.807171 268.000000</gx:coord>
				<gx:coord>-82.693764 34.807167 268.000000</gx:coord>
				<gx:coord>-82.693764 34.807167 268.000000</gx:coord>
				<gx:coord>-82.693764 34.807167 268.000000</gx:coord>
				<gx:coord>-82.693764 34.807167 268.000000</gx:coord>
				<gx:coord>-82.693764 34.807167 267.899994</gx:coord>
				<gx:coord>-82.693764 34.807171 267.899994</gx:coord>
				<gx:coord>-82.693764 34.807171 267.899994</gx:coord>
				<gx:coord>-82.693764 34.807171 267.899994</gx:coord>
				<gx:coord>-82.693764 34.807171 268.000000</gx:coord>
				<gx:coord>-82.693764 34.807171 268.000000</gx:coord>
				<gx:coord>-82.693764 34.807171 268.000000</gx:coord>
				<gx:coord>-82.693764 34.807171 268.000000</gx:coord>
				<gx:coord>-82.693764 34.807171 268.000000</gx:coord>
				<gx:coord>-82.693764 34.807171 267.899994</gx:coord>
				<gx:coord>-82.693764 34.807171 267.899994</gx:coord>
				<gx:coord>-82.693764 34.807171 267.899994</gx:coord>
				<gx:coord>-82.693764 34.807171 267.899994</gx:coord>
				<gx:coord>-82.693764 34.807171 267.899994</gx:coord>
				<gx:coord>-82.693764 34.807171 267.899994</gx:coord>
				<gx:coord>-82.693764 34.807171 267.899994</gx:coord>
				<gx:coord>-82.693764 34.807167 267.899994</gx:coord>
				<gx:coord>-82.693764 34.807167 267.899994</gx:coord>
				<gx:coord>-82.693764 34.807167 267.899994</gx:coord>
				<gx:coord>-82.693764 34.807167 267.899994</gx:coord>
				<gx:coord>-82.693764 34.807167 267.899994</gx:coord>
				<gx:coord>-82.693764 34.807167 267.899994</gx:coord>
				<gx:coord>-82.693764 34.807167 267.899994</gx:coord>
				<gx:coord>-82.693764 34.807167 267.899994</gx:coord>
				<gx:coord>-82.693764 34.807167 267.799988</gx:coord>
				<gx:coord>-82.693764 34.807167 267.799988</gx:coord>
				<gx:coord>-82.693764 34.807167 267.799988</gx:coord>
				<gx:coord>-82.693764 34.807167 267.799988</gx:coord>
				<gx:coord>-82.693764 34.807167 267.899994</gx:coord>
				<gx:coord>-82.693764 34.807167 267.899994</gx:coord>
				<gx:coord>-82.693764 34.807167 267.899994</gx:coord>
				<gx:coord>-82.693764 34.807167 268.000000</gx:coord>
				<gx:coord>-82.693764 34.807167 268.000000</gx:coord>
				<gx:coord>-82.693764 34.807167 268.000000</gx:coord>
				<gx:coord>-82.693764 34.807167 268.000000</gx:coord>
				<gx:coord>-82.693764 34.807167 267.899994</gx:coord>
				<gx:coord>-82.693764 34.807167 267.899994</gx:coord>
				<gx:coord>-82.693764 34.807167 267.899994</gx:coord>
				<gx:coord>-82.693764 34.807167 267.899994</gx:coord>
				<gx:coord>-82.693764 34.807167 268.000000</gx:coord>
				<gx:coord>-82.693764 34.807167 268.000000</gx:coord>
				<gx:coord>-82.693764 34.807167 268.000000</gx:coord>
				<gx:coord>-82.693764 34.807167 268.100006</gx:coord>
				<gx:coord>-82.693764 34.807167 268.100006</gx:coord>
				<gx:coord>-82.693764 34.807167 268.100006</gx:coord>
				<gx:coord>-82.693764 34.807167 268.100006</gx:coord>
				<gx:coord>-82.693764 34.807167 268.100006</gx:coord>
				<gx:coord>-82.693764 34.807167 268.100006</gx:coord>
				<gx:coord>-82.693764 34.807167 268.100006</gx:coord>
				<gx:coord>-82.693764 34.807167 268.100006</gx:coord>
				<gx:coord>-82.693764 34.807167 268.100006</gx:coord>
				<gx:coord>-82.693764 34.807167 268.100006</gx:coord>
				<gx:coord>-82.693764 34.807167 268.100006</gx:coord>
				<gx:coord>-82.693764 34.807167 268.100006</gx:coord>
				<gx:coord>-82.693764 34.807167 268.100006</gx:coord>
				<gx:coord>-82.693764 34.807167 268.100006</gx:coord>
				<gx:coord>-82.693764 34.807167 268.100006</gx:coord>
				<gx:coord>-82.693764 34.807167 268.100006</gx:coord>
				<gx:coord>-82.693764 34.807167 268.100006</gx:coord>
				<gx:coord>-82.693764 34.807167 268.100006</gx:coord>
				<gx:coord>-82.693764 34.807167 268.200012</gx:coord>
				<gx:coord>-82.693764 34.807167 268.200012</gx:coord>
				<gx:coord>-82.693764 34.807167 268.200012</gx:coord>
				<gx:coord>-82.693764 34.807167 268.200012</gx:coord>
				<gx:coord>-82.693764 34.807167 268.200012</gx:coord>
				<gx:coord>-82.693764 34.807167 268.200012</gx:coord>
				<gx:coord>-82.693764 34.807167 268.200012</gx:coord>
				<gx:coord>-82.693764 34.807167 268.200012</gx:coord>
				<gx:coord>-82.693764 34.807167 268.200012</gx:coord>
				<gx:coord>-82.693764 34.807167 268.200012</gx:coord>
				<gx:coord>-82.693764 34.807167 268.200012</gx:coord>
				<gx:coord>-82.693764 34.807167 268.200012</gx:coord>
				<gx:coord>-82.693764 34.807167 268.200012</gx:coord>
				<gx:coord>-82.693764 34.807167 268.299988</gx:coord>
				<gx:coord>-82.693764 34.807167 268.299988</gx:coord>
				<gx:coord>-82.693764 34.807167 268.299988</gx:coord>
				<gx:coord>-82.693764 34.807167 268.299988</gx:coord>
				<gx:coord>-82.693764 34.807167 268.299988</gx:coord>
				<gx:coord>-82.693764 34.807167 268.299988</gx:coord>
				<gx:coord>-82.693764 34.807167 268.299988</gx:coord>
				<gx:coord>-82.693764 34.807163 268.399994</gx:coord>
				<gx:coord>-82.693764 34.807163 268.500000</gx:coord>
				<gx:coord>-82.693764 34.807163 268.500000</gx:coord>
				<gx:coord>-82.693764 34.807163 268.500000</gx:coord>
				<gx:coord>-82.693764 34.807163 268.600006</gx:coord>
				<gx:coord>-82.693764 34.807163 268.600006</gx:coord>
				<gx:coord>-82.693764 34.807163 268.600006</gx:coord>
				<gx:coord>-82.693764 34.807163 268.600006</gx:coord>
				<gx:coord>-82.693764 34.807163 268.600006</gx:coord>
				<gx:coord>-82.693764 34.807163 268.600006</gx:coord>
				<gx:coord>-82.693764 34.807163 268.600006</gx:coord>
				<gx:coord>-82.693764 34.807163 268.600006</gx:coord>
				<gx:coord>-82.693764 34.807163 268.700012</gx:coord>
				<gx:coord>-82.693764 34.807163 268.600006</gx:coord>
				<gx:coord>-82.693764 34.807163 268.600006</gx:coord>
				<gx:coord>-82.693771 34.807156 268.700012</gx:coord>
				<gx:coord>-82.693771 34.807159 268.799988</gx:coord>
				<gx:coord>-82.693771 34.807159 268.799988</gx:coord>
				<gx:coord>-82.693771 34.807159 268.899994</gx:coord>
				<gx:coord>-82.693771 34.807156 268.700012</gx:coord>
				<gx:coord>-82.693764 34.807144 269.500000</gx:coord>
				<gx:coord>-82.693764 34.807137 269.899994</gx:coord>
				<gx:coord>-82.693771 34.807121 270.000000</gx:coord>
				<gx:coord>-82.693771 34.807110 270.600006</gx:coord>
				<gx:coord>-82.693771 34.807095 271.100006</gx:coord>
				<gx:coord>-82.693771 34.807076 271.299988</gx:coord>
				<gx:coord>-82.693771 34.807060 271.600006</gx:coord>
				<gx:coord>-82.693771 34.807049 272.000000</gx:coord>
				<gx:coord>-82.693771 34.807030 272.399994</gx:coord>
				<gx:coord>-82.693771 34.807014 272.799988</gx:coord>
				<gx:coord>-82.693771 34.806999 273.000000</gx:coord>
				<gx:coord>-82.693771 34.806992 273.100006</gx:coord>
				<gx:coord>-82.693771 34.806973 273.500000</gx:coord>
				<gx:coord>-82.693771 34.806957 274.000000</gx:coord>
				<gx:coord>-82.693771 34.806946 274.100006</gx:coord>
				<gx:coord>-82.693771 34.806931 274.299988</gx:coord>
				<gx:coord>-82.693771 34.806919 274.299988</gx:coord>
				<gx:coord>-82.693779 34.806904 274.299988</gx:coord>
				<gx:coord>-82.693771 34.806904 274.399994</gx:coord>
				<gx:coord>-82.693771 34.806900 274.700012</gx:coord>
				<gx:coord>-82.693771 34.806904 274.299988</gx:coord>
				<gx:coord>-82.693771 34.806900 274.399994</gx:coord>
				<gx:coord>-82.693771 34.806896 274.299988</gx:coord>
				<gx:coord>-82.693771 34.806904 274.000000</gx:coord>
				<gx:coord>-82.693771 34.806900 274.100006</gx:coord>
				<gx:coord>-82.693771 34.806900 274.200012</gx:coord>
				<gx:coord>-82.693771 34.806900 274.200012</gx:coord>
				<gx:coord>-82.693771 34.806900 274.200012</gx:coord>
				<gx:coord>-82.693771 34.806896 273.799988</gx:coord>
				<gx:coord>-82.693771 34.806896 273.799988</gx:coord>
				<gx:coord>-82.693771 34.806900 273.100006</gx:coord>
				<gx:coord>-82.693771 34.806896 272.700012</gx:coord>
				<gx:coord>-82.693771 34.806892 272.500000</gx:coord>
				<gx:coord>-82.693764 34.806889 271.299988</gx:coord>
				<gx:coord>-82.693764 34.806885 272.399994</gx:coord>
				<gx:coord>-82.693756 34.806877 272.200012</gx:coord>
				<gx:coord>-82.693764 34.806866 272.100006</gx:coord>
				<gx:coord>-82.693764 34.806854 272.000000</gx:coord>
				<gx:coord>-82.693764 34.806854 272.000000</gx:coord>
				<gx:coord>-82.693771 34.806850 270.899994</gx:coord>
				<gx:coord>-82.693787 34.806843 271.100006</gx:coord>
				<gx:coord>-82.693794 34.806831 271.899994</gx:coord>
				<gx:coord>-82.693787 34.806816 272.100006</gx:coord>
				<gx:coord>-82.693787 34.806812 272.299988</gx:coord>
				<gx:coord>-82.693779 34.806805 272.399994</gx:coord>
				<gx:coord>-82.693764 34.806797 272.299988</gx:coord>
				<gx:coord>-82.693764 34.806789 272.200012</gx:coord>
				<gx:coord>-82.693771 34.806778 272.399994</gx:coord>
				<gx:coord>-82.693779 34.806767 272.500000</gx:coord>
				<gx:coord>-82.693779 34.806759 272.700012</gx:coord>
				<gx:coord>-82.693779 34.806751 272.799988</gx:coord>
				<gx:coord>-82.693779 34.806740 272.700012</gx:coord>
				<gx:coord>-82.693779 34.806728 272.500000</gx:coord>
				<gx:coord>-82.693779 34.806725 273.399994</gx:coord>
				<gx:coord>-82.693779 34.806713 274.100006</gx:coord>
				<gx:coord>-82.693771 34.806705 274.399994</gx:coord>
				<gx:coord>-82.693771 34.806694 274.500000</gx:coord>
				<gx:coord>-82.693771 34.806686 274.500000</gx:coord>
				<gx:coord>-82.693771 34.806683 274.100006</gx:coord>
				<gx:coord>-82.693771 34.806683 274.200012</gx:coord>
				<gx:coord>-82.693779 34.806675 274.399994</gx:coord>
				<gx:coord>-82.693779 34.806667 274.200012</gx:coord>
				<gx:coord>-82.693771 34.806664 273.500000</gx:coord>
				<gx:coord>-82.693764 34.806664 274.100006</gx:coord>
				<gx:coord>-82.693771 34.806660 274.600006</gx:coord>
				<gx:coord>-82.693771 34.806656 273.799988</gx:coord>
				<gx:coord>-82.693771 34.806648 273.700012</gx:coord>
				<gx:coord>-82.693771 34.806644 273.899994</gx:coord>
				<gx:coord>-82.693771 34.806637 273.700012</gx:coord>
				<gx:coord>-82.693771 34.806633 273.799988</gx:coord>
				<gx:coord>-82.693779 34.806622 273.399994</gx:coord>
				<gx:coord>-82.693787 34.806622 273.299988</gx:coord>
				<gx:coord>-82.693787 34.806618 272.899994</gx:coord>
				<gx:coord>-82.693787 34.806622 273.100006</gx:coord>
				<gx:coord>-82.693787 34.806622 273.200012</gx:coord>
				<gx:coord>-82.693787 34.806618 273.299988</gx:coord>
				<gx:coord>-82.693787 34.806618 273.299988</gx:coord>
				<gx:coord>-82.693787 34.806614 273.200012</gx:coord>
				<gx:coord>-82.693787 34.806610 273.899994</gx:coord>
				<gx:coord>-82.693794 34.806606 274.299988</gx:coord>
				<gx:coord>-82.693794 34.806602 273.500000</gx:coord>
				<gx:coord>-82.693787 34.806599 273.500000</gx:coord>
				<gx:coord>-82.693779 34.806599 273.500000</gx:coord>
				<gx:coord>-82.693771 34.806595 273.899994</gx:coord>
				<gx:coord>-82.693779 34.806580 274.500000</gx:coord>
				<gx:coord>-82.693779 34.806572 274.799988</gx:coord>
				<gx:coord>-82.693779 34.806561 275.000000</gx:coord>
				<gx:coord>-82.693779 34.806553 275.399994</gx:coord>
				<gx:coord>-82.693779 34.806545 275.500000</gx:coord>
				<gx:coord>-82.693779 34.806530 275.500000</gx:coord>
				<gx:coord>-82.693779 34.806526 275.600006</gx:coord>
				<gx:coord>-82.693779 34.806522 276.500000</gx:coord>
				<gx:coord>-82.693779 34.806519 277.000000</gx:coord>
				<gx:coord>-82.693779 34.806515 277.100006</gx:coord>
				<gx:coord>-82.693779 34.806515 277.399994</gx:coord>
				<gx:coord>-82.693787 34.806511 277.399994</gx:coord>
				<gx:coord>-82.693779 34.806507 277.500000</gx:coord>
				<gx:coord>-82.693779 34.806499 277.700012</gx:coord>
				<gx:coord>-82.693779 34.806499 277.799988</gx:coord>
				<gx:coord>-82.693779 34.806492 277.799988</gx:coord>
				<gx:coord>-82.693779 34.806492 277.899994</gx:coord>
				<gx:coord>-82.693779 34.806492 277.899994</gx:coord>
				<gx:coord>-82.693779 34.806492 277.899994</gx:coord>
				<gx:coord>-82.693779 34.806488 277.899994</gx:coord>
				<gx:coord>-82.693779 34.806488 277.899994</gx:coord>
				<gx:coord>-82.693787 34.806484 277.899994</gx:coord>
				<gx:coord>-82.693787 34.806484 277.899994</gx:coord>
				<gx:coord>-82.693787 34.806484 278.000000</gx:coord>
				<gx:coord>-82.693787 34.806484 278.100006</gx:coord>
				<gx:coord>-82.693787 34.806484 278.000000</gx:coord>
				<gx:coord>-82.693787 34.806484 278.100006</gx:coord>
				<gx:coord>-82.693779 34.806484 278.200012</gx:coord>
				<gx:coord>-82.693779 34.806484 278.399994</gx:coord>
				<gx:coord>-82.693779 34.806484 278.500000</gx:coord>
				<gx:coord>-82.693779 34.806484 278.500000</gx:coord>
				<gx:coord>-82.693779 34.806480 277.700012</gx:coord>
				<gx:coord>-82.693779 34.806480 277.899994</gx:coord>
				<gx:coord>-82.693771 34.806480 277.700012</gx:coord>
				<gx:coord>-82.693771 34.806480 277.399994</gx:coord>
				<gx:coord>-82.693771 34.806477 277.299988</gx:coord>
				<gx:coord>-82.693771 34.806477 277.100006</gx:coord>
				<gx:coord>-82.693771 34.806480 277.000000</gx:coord>
				<gx:coord>-82.693771 34.806480 277.000000</gx:coord>
				<gx:coord>-82.693771 34.806480 276.700012</gx:coord>
				<gx:coord>-82.693771 34.806477 276.399994</gx:coord>
				<gx:coord>-82.693771 34.806477 276.200012</gx:coord>
				<gx:coord>-82.693771 34.806477 276.000000</gx:coord>
				<gx:coord>-82.693771 34.806477 275.899994</gx:coord>
				<gx:coord>-82.693771 34.806477 275.500000</gx:coord>
				<gx:coord>-82.693771 34.806477 275.299988</gx:coord>
				<gx:coord>-82.693771 34.806477 275.299988</gx:coord>
				<gx:coord>-82.693764 34.806473 275.399994</gx:coord>
				<gx:coord>-82.693764 34.806469 275.200012</gx:coord>
				<gx:coord>-82.693764 34.806469 275.000000</gx:coord>
				<gx:coord>-82.693764 34.806469 274.200012</gx:coord>
				<gx:coord>-82.693771 34.806469 273.299988</gx:coord>
				<gx:coord>-82.693771 34.806469 273.299988</gx:coord>
				<gx:coord>-82.693771 34.806473 272.799988</gx:coord>
				<gx:coord>-82.693771 34.806473 272.200012</gx:coord>
				<gx:coord>-82.693771 34.806473 271.500000</gx:coord>
				<gx:coord>-82.693779 34.806473 271.100006</gx:coord>
				<gx:coord>-82.693779 34.806473 270.700012</gx:coord>
				<gx:coord>-82.693779 34.806473 270.500000</gx:coord>
				<gx:coord>-82.693779 34.806473 270.500000</gx:coord>
				<gx:coord>-82.693779 34.806473 270.399994</gx:coord>
				<gx:coord>-82.693779 34.806473 270.500000</gx:coord>
				<gx:coord>-82.693779 34.806473 270.700012</gx:coord>
				<gx:coord>-82.693779 34.806473 270.899994</gx:coord>
				<gx:coord>-82.693771 34.806473 271.200012</gx:coord>
				<gx:coord>-82.693771 34.806473 271.200012</gx:coord>
				<gx:coord>-82.693771 34.806473 271.200012</gx:coord>
				<gx:coord>-82.693771 34.806473 271.399994</gx:coord>
				<gx:coord>-82.693771 34.806473 271.299988</gx:coord>
				<gx:coord>-82.693771 34.806473 271.100006</gx:coord>
				<gx:coord>-82.693771 34.806473 271.500000</gx:coord>
				<gx:coord>-82.693771 34.806469 271.299988</gx:coord>
				<gx:coord>-82.693771 34.806469 271.399994</gx:coord>
				<gx:coord>-82.693771 34.806469 271.299988</gx:coord>
				<gx:coord>-82.693771 34.806465 271.299988</gx:coord>
				<gx:coord>-82.693771 34.806465 271.299988</gx:coord>
				<gx:coord>-82.693771 34.806465 271.500000</gx:coord>
				<gx:coord>-82.693771 34.806465 271.299988</gx:coord>
				<gx:coord>-82.693771 34.806465 271.100006</gx:coord>
				<gx:coord>-82.693771 34.806461 270.899994</gx:coord>
				<gx:coord>-82.693771 34.806461 270.899994</gx:coord>
				<gx:coord>-82.693779 34.806461 270.799988</gx:coord>
				<gx:coord>-82.693779 34.806461 270.799988</gx:coord>
				<gx:coord>-82.693779 34.806461 270.700012</gx:coord>
				<gx:coord>-82.693779 34.806461 270.600006</gx:coord>
				<gx:coord>-82.693779 34.806461 270.600006</gx:coord>
				<gx:coord>-82.693779 34.806461 270.399994</gx:coord>
				<gx:coord>-82.693779 34.806461 270.299988</gx:coord>
				<gx:coord>-82.693779 34.806461 270.200012</gx:coord>
				<gx:coord>-82.693779 34.806461 270.000000</gx:coord>
				<gx:coord>-82.693779 34.806461 270.000000</gx:coord>
				<gx:coord>-82.693779 34.806461 270.200012</gx:coord>
				<gx:coord>-82.693779 34.806461 270.200012</gx:coord>
				<gx:coord>-82.693779 34.806461 270.200012</gx:coord>
				<gx:coord>-82.693779 34.806458 270.200012</gx:coord>
				<gx:coord>-82.693779 34.806458 270.600006</gx:coord>
				<gx:coord>-82.693779 34.806458 270.600006</gx:coord>
				<gx:coord>-82.693779 34.806458 270.799988</gx:coord>
				<gx:coord>-82.693779 34.806458 271.000000</gx:coord>
				<gx:coord>-82.693779 34.806454 271.200012</gx:coord>
				<gx:coord>-82.693779 34.806454 271.399994</gx:coord>
				<gx:coord>-82.693771 34.806450 271.399994</gx:coord>
				<gx:coord>-82.693779 34.806450 271.600006</gx:coord>
				<gx:coord>-82.693779 34.806458 271.399994</gx:coord>
				<gx:coord>-82.693779 34.806458 271.399994</gx:coord>
				<gx:coord>-82.693771 34.806458 271.299988</gx:coord>
				<gx:coord>-82.693771 34.806450 271.700012</gx:coord>
				<gx:coord>-82.693756 34.806446 274.299988</gx:coord>
				<gx:coord>-82.693764 34.806450 274.600006</gx:coord>
				<gx:coord>-82.693764 34.806450 274.600006</gx:coord>
				<gx:coord>-82.693779 34.806469 274.500000</gx:coord>
				<gx:coord>-82.693787 34.806477 274.399994</gx:coord>
				<gx:coord>-82.693787 34.806477 274.600006</gx:coord>
				<gx:coord>-82.693787 34.806477 274.100006</gx:coord>
				<gx:coord>-82.693787 34.806480 274.100006</gx:coord>
				<gx:coord>-82.693787 34.806480 274.100006</gx:coord>
				<gx:coord>-82.693787 34.806480 274.000000</gx:coord>
				<gx:coord>-82.693794 34.806484 273.700012</gx:coord>
				<gx:coord>-82.693794 34.806488 273.799988</gx:coord>
				<gx:coord>-82.693794 34.806488 273.799988</gx:coord>
				<gx:coord>-82.693787 34.806492 273.899994</gx:coord>
				<gx:coord>-82.693787 34.806492 274.100006</gx:coord>
				<gx:coord>-82.693787 34.806488 274.299988</gx:coord>
				<gx:coord>-82.693787 34.806488 274.600006</gx:coord>
				<gx:coord>-82.693787 34.806484 274.600006</gx:coord>
				<gx:coord>-82.693787 34.806484 274.500000</gx:coord>
				<gx:coord>-82.693787 34.806484 274.700012</gx:coord>
				<gx:coord>-82.693787 34.806484 274.799988</gx:coord>
				<gx:coord>-82.693787 34.806477 275.100006</gx:coord>
				<gx:coord>-82.693787 34.806480 274.799988</gx:coord>
				<gx:coord>-82.693787 34.806480 274.899994</gx:coord>
				<gx:coord>-82.693787 34.806484 274.700012</gx:coord>
				<gx:coord>-82.693787 34.806484 274.799988</gx:coord>
				<gx:coord>-82.693787 34.806477 275.700012</gx:coord>
				<gx:coord>-82.693787 34.806480 275.500000</gx:coord>
				<gx:coord>-82.693787 34.806480 274.500000</gx:coord>
				<gx:coord>-82.693787 34.806477 274.299988</gx:coord>
				<gx:coord>-82.693787 34.806477 275.200012</gx:coord>
				<gx:coord>-82.693787 34.806469 275.700012</gx:coord>
				<gx:coord>-82.693787 34.806469 275.799988</gx:coord>
				<gx:coord>-82.693779 34.806465 275.600006</gx:coord>
				<gx:coord>-82.693779 34.806461 276.000000</gx:coord>
				<gx:coord>-82.693779 34.806461 276.100006</gx:coord>
				<gx:coord>-82.693779 34.806461 276.000000</gx:coord>
				<gx:coord>-82.693779 34.806461 276.100006</gx:coord>
				<gx:coord>-82.693779 34.806461 276.200012</gx:coord>
				<gx:coord>-82.693787 34.806461 276.000000</gx:coord>
				<gx:coord>-82.693787 34.806461 275.700012</gx:coord>
				<gx:coord>-82.693787 34.806461 275.899994</gx:coord>
				<gx:coord>-82.693787 34.806461 276.000000</gx:coord>
				<gx:coord>-82.693787 34.806461 275.799988</gx:coord>
				<gx:coord>-82.693787 34.806458 276.100006</gx:coord>
				<gx:coord>-82.693787 34.806458 276.000000</gx:coord>
				<gx:coord>-82.693787 34.806458 276.100006</gx:coord>
				<gx:coord>-82.693787 34.806458 276.100006</gx:coord>
				<gx:coord>-82.693787 34.806458 276.000000</gx:coord>
				<gx:coord>-82.693794 34.806458 276.100006</gx:coord>
				<gx:coord>-82.693794 34.806458 276.200012</gx:coord>
				<gx:coord>-82.693787 34.806454 276.799988</gx:coord>
				<gx:coord>-82.693787 34.806454 276.899994</gx:coord>
				<gx:coord>-82.693787 34.806458 277.100006</gx:coord>
				<gx:coord>-82.693787 34.806461 277.000000</gx:coord>
				<gx:coord>-82.693779 34.806461 277.399994</gx:coord>
				<gx:coord>-82.693779 34.806461 277.200012</gx:coord>
				<gx:coord>-82.693779 34.806465 277.399994</gx:coord>
				<gx:coord>-82.693779 34.806469 277.500000</gx:coord>
				<gx:coord>-82.693787 34.806473 277.700012</gx:coord>
				<gx:coord>-82.693787 34.806473 277.000000</gx:coord>
				<gx:coord>-82.693779 34.806477 276.799988</gx:coord>
				<gx:coord>-82.693779 34.806477 276.899994</gx:coord>
				<gx:coord>-82.693779 34.806477 276.899994</gx:coord>
				<gx:coord>-82.693779 34.806477 276.899994</gx:coord>
				<gx:coord>-82.693779 34.806477 276.899994</gx:coord>
				<gx:coord>-82.693779 34.806480 277.000000</gx:coord>
				<gx:coord>-82.693787 34.806480 277.000000</gx:coord>
				<gx:coord>-82.693787 34.806480 276.899994</gx:coord>
				<gx:coord>-82.693787 34.806480 276.899994</gx:coord>
				<gx:coord>-82.693787 34.806480 276.799988</gx:coord>
				<gx:coord>-82.693787 34.806480 276.700012</gx:coord>
				<gx:coord>-82.693787 34.806480 276.700012</gx:coord>
				<gx:coord>-82.693787 34.806480 276.600006</gx:coord>
				<gx:coord>-82.693787 34.806484 276.500000</gx:coord>
				<gx:coord>-82.693787 34.806484 276.399994</gx:coord>
				<gx:coord>-82.693787 34.806484 276.299988</gx:coord>
				<gx:coord>-82.693787 34.806484 276.100006</gx:coord>
				<gx:coord>-82.693787 34.806484 276.000000</gx:coord>
				<gx:coord>-82.693794 34.806484 275.899994</gx:coord>
				<gx:coord>-82.693794 34.806484 275.700012</gx:coord>
				<gx:coord>-82.693794 34.806484 275.600006</gx:coord>
				<gx:coord>-82.693794 34.806484 275.399994</gx:coord>
				<gx:coord>-82.693794 34.806484 275.299988</gx:coord>
				<gx:coord>-82.693794 34.806484 275.100006</gx:coord>
				<gx:coord>-82.693794 34.806484 274.899994</gx:coord>
				<gx:coord>-82.693794 34.806484 274.700012</gx:coord>
				<gx:coord>-82.693794 34.806484 274.600006</gx:coord>
				<gx:coord>-82.693794 34.806484 274.500000</gx:coord>
				<gx:coord>-82.693794 34.806484 274.399994</gx:coord>
				<gx:coord>-82.693794 34.806484 274.299988</gx:coord>
				<gx:coord>-82.693802 34.806484 274.200012</gx:coord>
				<gx:coord>-82.693802 34.806484 274.100006</gx:coord>
				<gx:coord>-82.693802 34.806484 274.000000</gx:coord>
				<gx:coord>-82.693802 34.806484 273.899994</gx:coord>
				<gx:coord>-82.693802 34.806484 273.799988</gx:coord>
				<gx:coord>-82.693802 34.806484 273.700012</gx:coord>
				<gx:coord>-82.693802 34.806484 273.600006</gx:coord>
				<gx:coord>-82.693802 34.806484 273.500000</gx:coord>
				<gx:coord>-82.693802 34.806484 273.500000</gx:coord>
				<gx:coord>-82.693802 34.806480 273.500000</gx:coord>
				<gx:coord>-82.693802 34.806477 273.600006</gx:coord>
				<gx:coord>-82.693802 34.806480 273.600006</gx:coord>
				<gx:coord>-82.693802 34.806484 273.600006</gx:coord>
				<gx:coord>-82.693802 34.806484 273.600006</gx:coord>
				<gx:coord>-82.693802 34.806480 274.200012</gx:coord>
				<gx:coord>-82.693802 34.806480 274.100006</gx:coord>
				<gx:coord>-82.693802 34.806480 274.600006</gx:coord>
				<gx:coord>-82.693794 34.806480 275.500000</gx:coord>
				<gx:coord>-82.693794 34.806480 275.600006</gx:coord>
				<gx:coord>-82.693794 34.806480 275.700012</gx:coord>
				<gx:coord>-82.693794 34.806480 275.700012</gx:coord>
				<gx:coord>-82.693794 34.806480 275.700012</gx:coord>
				<gx:coord>-82.693794 34.806484 275.700012</gx:coord>
				<gx:coord>-82.693794 34.806484 275.700012</gx:coord>
				<gx:coord>-82.693794 34.806484 275.700012</gx:coord>
				<gx:coord>-82.693794 34.806484 276.100006</gx:coord>
				<gx:coord>-82.693794 34.806484 276.299988</gx:coord>
				<gx:coord>-82.693794 34.806480 276.100006</gx:coord>
				<gx:coord>-82.693802 34.806480 276.100006</gx:coord>
				<gx:coord>-82.693802 34.806477 276.100006</gx:coord>
				<gx:coord>-82.693802 34.806477 276.299988</gx:coord>
				<gx:coord>-82.693802 34.806477 276.399994</gx:coord>
				<gx:coord>-82.693802 34.806477 276.399994</gx:coord>
				<gx:coord>-82.693802 34.806477 276.399994</gx:coord>
				<gx:coord>-82.693802 34.806477 276.399994</gx:coord>
				<gx:coord>-82.693802 34.806477 276.500000</gx:coord>
				<gx:coord>-82.693802 34.806477 276.600006</gx:coord>
				<gx:coord>-82.693802 34.806477 276.600006</gx:coord>
				<gx:coord>-82.693802 34.806477 276.500000</gx:coord>
				<gx:coord>-82.693802 34.806477 276.500000</gx:coord>
				<gx:coord>-82.693802 34.806477 276.399994</gx:coord>
				<gx:coord>-82.693802 34.806477 276.399994</gx:coord>
				<gx:coord>-82.693802 34.806477 276.399994</gx:coord>
				<gx:coord>-82.693802 34.806473 276.500000</gx:coord>
				<gx:coord>-82.693802 34.806473 276.500000</gx:coord>
				<gx:coord>-82.693802 34.806473 276.500000</gx:coord>
				<gx:coord>-82.693802 34.806473 276.500000</gx:coord>
				<gx:coord>-82.693802 34.806473 276.600006</gx:coord>
				<gx:coord>-82.693802 34.806473 276.600006</gx:coord>
				<gx:coord>-82.693802 34.806473 276.600006</gx:coord>
				<gx:coord>-82.693802 34.806473 276.600006</gx:coord>
				<gx:coord>-82.693802 34.806469 276.700012</gx:coord>
				<gx:coord>-82.693802 34.806469 276.700012</gx:coord>
				<gx:coord>-82.693802 34.806469 276.700012</gx:coord>
				<gx:coord>-82.693802 34.806469 276.700012</gx:coord>
				<gx:coord>-82.693802 34.806469 276.700012</gx:coord>
				<gx:coord>-82.693802 34.806469 276.799988</gx:coord>
				<gx:coord>-82.693802 34.806473 276.799988</gx:coord>
				<gx:coord>-82.693810 34.806473 276.600006</gx:coord>
				<gx:coord>-82.693810 34.806473 276.500000</gx:coord>
				<gx:coord>-82.693810 34.806473 276.600006</gx:coord>
				<gx:coord>-82.693810 34.806469 276.600006</gx:coord>
				<gx:coord>-82.693810 34.806469 276.600006</gx:coord>
				<gx:coord>-82.693802 34.806469 276.600006</gx:coord>
				<gx:coord>-82.693802 34.806469 276.600006</gx:coord>
				<gx:coord>-82.693802 34.806469 276.600006</gx:coord>
				<gx:coord>-82.693802 34.806469 276.600006</gx:coord>
				<gx:coord>-82.693802 34.806469 276.600006</gx:coord>
				<gx:coord>-82.693802 34.806469 276.600006</gx:coord>
				<gx:coord>-82.693802 34.806469 276.600006</gx:coord>
				<gx:coord>-82.693802 34.806469 276.600006</gx:coord>
				<gx:coord>-82.693802 34.806469 276.700012</gx:coord>
				<gx:coord>-82.693802 34.806469 276.700012</gx:coord>
				<gx:coord>-82.693802 34.806469 276.700012</gx:coord>
				<gx:coord>-82.693802 34.806469 276.700012</gx:coord>
				<gx:coord>-82.693802 34.806469 276.700012</gx:coord>
				<gx:coord>-82.693802 34.806465 276.700012</gx:coord>
				<gx:coord>-82.693802 34.806465 276.700012</gx:coord>
				<gx:coord>-82.693802 34.806465 276.700012</gx:coord>
				<gx:coord>-82.693802 34.806465 276.700012</gx:coord>
				<gx:coord>-82.693802 34.806465 276.700012</gx:coord>
				<gx:coord>-82.693802 34.806465 276.700012</gx:coord>
				<gx:coord>-82.693802 34.806465 276.700012</gx:coord>
				<gx:coord>-82.693802 34.806465 276.700012</gx:coord>
				<gx:coord>-82.693802 34.806465 276.700012</gx:coord>
				<gx:coord>-82.693802 34.806465 276.700012</gx:coord>
				<gx:coord>-82.693802 34.806465 276.700012</gx:coord>
				<gx:coord>-82.693802 34.806465 276.700012</gx:coord>
				<gx:coord>-82.693802 34.806465 276.700012</gx:coord>
				<gx:coord>-82.693802 34.806469 276.600006</gx:coord>
				<gx:coord>-82.693802 34.806469 276.600006</gx:coord>
				<gx:coord>-82.693802 34.806469 276.600006</gx:coord>
				<gx:coord>-82.693802 34.806469 276.600006</gx:coord>
				<gx:coord>-82.693802 34.806469 276.799988</gx:coord>
				<gx:coord>-82.693802 34.806469 276.700012</gx:coord>
				<gx:coord>-82.693802 34.806469 276.700012</gx:coord>
				<gx:coord>-82.693802 34.806469 276.700012</gx:coord>
				<gx:coord>-82.693802 34.806469 276.700012</gx:coord>
				<gx:coord>-82.693802 34.806469 276.700012</gx:coord>
				<gx:coord>-82.693802 34.806473 276.600006</gx:coord>
				<gx:coord>-82.693802 34.806473 276.700012</gx:coord>
				<gx:coord>-82.693802 34.806473 276.799988</gx:coord>
				<gx:coord>-82.693802 34.806473 276.799988</gx:coord>
				<gx:coord>-82.693802 34.806473 276.799988</gx:coord>
				<gx:coord>-82.693802 34.806473 276.799988</gx:coord>
				<gx:coord>-82.693802 34.806473 276.799988</gx:coord>
				<gx:coord>-82.693802 34.806473 276.799988</gx:coord>
				<gx:coord>-82.693802 34.806473 276.799988</gx:coord>
				<gx:coord>-82.693802 34.806477 276.799988</gx:coord>
				<gx:coord>-82.693802 34.806477 276.799988</gx:coord>
				<gx:coord>-82.693802 34.806477 276.799988</gx:coord>
				<gx:coord>-82.693802 34.806477 276.799988</gx:coord>
				<gx:coord>-82.693802 34.806477 276.899994</gx:coord>
				<gx:coord>-82.693802 34.806477 276.799988</gx:coord>
				<gx:coord>-82.693802 34.806477 276.899994</gx:coord>
				<gx:coord>-82.693802 34.806477 277.000000</gx:coord>
				<gx:coord>-82.693802 34.806477 277.000000</gx:coord>
				<gx:coord>-82.693802 34.806477 277.000000</gx:coord>
				<gx:coord>-82.693802 34.806477 277.100006</gx:coord>
				<gx:coord>-82.693802 34.806477 277.100006</gx:coord>
				<gx:coord>-82.693802 34.806477 277.100006</gx:coord>
				<gx:coord>-82.693802 34.806477 277.000000</gx:coord>
				<gx:coord>-82.693802 34.806477 277.000000</gx:coord>
				<gx:coord>-82.693802 34.806473 277.100006</gx:coord>
				<gx:coord>-82.693802 34.806473 277.100006</gx:coord>
				<gx:coord>-82.693802 34.806473 277.100006</gx:coord>
				<gx:coord>-82.693802 34.806473 277.100006</gx:coord>
				<gx:coord>-82.693802 34.806473 277.100006</gx:coord>
				<gx:coord>-82.693802 34.806473 277.200012</gx:coord>
				<gx:coord>-82.693802 34.806473 277.200012</gx:coord>
				<gx:coord>-82.693802 34.806473 277.200012</gx:coord>
				<gx:coord>-82.693802 34.806473 277.200012</gx:coord>
				<gx:coord>-82.693802 34.806473 277.299988</gx:coord>
				<gx:coord>-82.693810 34.806473 277.299988</gx:coord>
				<gx:coord>-82.693810 34.806473 277.299988</gx:coord>
				<gx:coord>-82.693810 34.806473 277.299988</gx:coord>
				<gx:coord>-82.693810 34.806473 277.200012</gx:coord>
				<gx:coord>-82.693810 34.806473 277.100006</gx:coord>
				<gx:coord>-82.693810 34.806473 277.100006</gx:coord>
				<gx:coord>-82.693810 34.806473 277.000000</gx:coord>
				<gx:coord>-82.693810 34.806473 276.899994</gx:coord>
				<gx:coord>-82.693810 34.806473 276.899994</gx:coord>
				<gx:coord>-82.693810 34.806473 277.100006</gx:coord>
				<gx:coord>-82.693810 34.806473 276.799988</gx:coord>
				<gx:coord>-82.693810 34.806473 276.799988</gx:coord>
				<gx:coord>-82.693802 34.806473 277.200012</gx:coord>
				<gx:coord>-82.693802 34.806473 277.100006</gx:coord>
				<gx:coord>-82.693802 34.806473 277.399994</gx:coord>
				<gx:coord>-82.693802 34.806473 277.500000</gx:coord>
				<gx:coord>-82.693802 34.806473 277.500000</gx:coord>
				<gx:coord>-82.693810 34.806477 277.500000</gx:coord>
				<gx:coord>-82.693802 34.806473 277.500000</gx:coord>
				<gx:coord>-82.693802 34.806473 277.500000</gx:coord>
				<gx:coord>-82.693802 34.806473 277.600006</gx:coord>
				<gx:coord>-82.693802 34.806477 277.700012</gx:coord>
				<gx:coord>-82.693810 34.806477 277.899994</gx:coord>
				<gx:coord>-82.693810 34.806477 278.000000</gx:coord>
				<gx:coord>-82.693802 34.806473 278.100006</gx:coord>
				<gx:coord>-82.693810 34.806477 278.299988</gx:coord>
				<gx:coord>-82.693810 34.806473 279.200012</gx:coord>
				<gx:coord>-82.693810 34.806477 278.899994</gx:coord>
				<gx:coord>-82.693810 34.806477 278.899994</gx:coord>
				<gx:coord>-82.693810 34.806477 279.000000</gx:coord>
				<gx:coord>-82.693810 34.806477 279.000000</gx:coord>
				<gx:coord>-82.693817 34.806477 279.000000</gx:coord>
				<gx:coord>-82.693817 34.806477 279.100006</gx:coord>
				<gx:coord>-82.693817 34.806477 279.100006</gx:coord>
				<gx:coord>-82.693817 34.806477 279.100006</gx:coord>
				<gx:coord>-82.693817 34.806477 279.100006</gx:coord>
				<gx:coord>-82.693817 34.806477 279.200012</gx:coord>
				<gx:coord>-82.693817 34.806477 279.200012</gx:coord>
				<gx:coord>-82.693817 34.806477 279.299988</gx:coord>
				<gx:coord>-82.693817 34.806477 279.299988</gx:coord>
				<gx:coord>-82.693817 34.806477 279.399994</gx:coord>
				<gx:coord>-82.693817 34.806477 279.399994</gx:coord>
				<gx:coord>-82.693817 34.806477 279.399994</gx:coord>
				<gx:coord>-82.693817 34.806477 279.500000</gx:coord>
				<gx:coord>-82.693817 34.806473 279.500000</gx:coord>
				<gx:coord>-82.693817 34.806477 279.500000</gx:coord>
				<gx:coord>-82.693817 34.806477 279.500000</gx:coord>
				<gx:coord>-82.693817 34.806473 279.500000</gx:coord>
				<gx:coord>-82.693817 34.806473 279.600006</gx:coord>
				<gx:coord>-82.693817 34.806473 279.600006</gx:coord>
				<gx:coord>-82.693817 34.806473 279.600006</gx:coord>
				<gx:coord>-82.693817 34.806473 279.700012</gx:coord>
				<gx:coord>-82.693817 34.806473 279.700012</gx:coord>
				<gx:coord>-82.693817 34.806473 279.700012</gx:coord>
				<gx:coord>-82.693817 34.806473 279.799988</gx:coord>
				<gx:coord>-82.693817 34.806473 279.799988</gx:coord>
				<gx:coord>-82.693817 34.806473 279.799988</gx:coord>
				<gx:coord>-82.693817 34.806473 279.799988</gx:coord>
				<gx:coord>-82.693817 34.806473 279.799988</gx:coord>
				<gx:coord>-82.693817 34.806473 279.799988</gx:coord>
				<gx:coord>-82.693817 34.806473 279.799988</gx:coord>
				<gx:coord>-82.693817 34.806473 279.799988</gx:coord>
				<gx:coord>-82.693817 34.806473 279.899994</gx:coord>
				<gx:coord>-82.693817 34.806473 279.899994</gx:coord>
				<gx:coord>-82.693817 34.806473 280.000000</gx:coord>
				<gx:coord>-82.693817 34.806473 280.000000</gx:coord>
				<gx:coord>-82.693817 34.806473 280.000000</gx:coord>
				<gx:coord>-82.693817 34.806473 280.000000</gx:coord>
				<gx:coord>-82.693817 34.806473 280.000000</gx:coord>
				<gx:coord>-82.693817 34.806473 280.000000</gx:coord>
				<gx:coord>-82.693817 34.806473 280.000000</gx:coord>
				<gx:coord>-82.693817 34.806473 279.899994</gx:coord>
				<gx:coord>-82.693817 34.806473 279.899994</gx:coord>
				<gx:coord>-82.693817 34.806473 279.799988</gx:coord>
				<gx:coord>-82.693817 34.806473 279.700012</gx:coord>
				<gx:coord>-82.693817 34.806473 279.700012</gx:coord>
				<gx:coord>-82.693817 34.806473 279.600006</gx:coord>
				<gx:coord>-82.693817 34.806473 279.600006</gx:coord>
				<gx:coord>-82.693817 34.806473 279.600006</gx:coord>
				<gx:coord>-82.693817 34.806473 279.600006</gx:coord>
				<gx:coord>-82.693817 34.806473 279.500000</gx:coord>
				<gx:coord>-82.693817 34.806473 279.500000</gx:coord>
				<gx:coord>-82.693817 34.806473 279.399994</gx:coord>
				<gx:coord>-82.693817 34.806473 279.399994</gx:coord>
				<gx:coord>-82.693817 34.806473 279.399994</gx:coord>
				<gx:coord>-82.693817 34.806473 279.200012</gx:coord>
				<gx:coord>-82.693817 34.806473 279.200012</gx:coord>
				<gx:coord>-82.693817 34.806473 279.100006</gx:coord>
				<gx:coord>-82.693817 34.806473 279.100006</gx:coord>
				<gx:coord>-82.693817 34.806473 279.100006</gx:coord>
				<gx:coord>-82.693817 34.806473 279.100006</gx:coord>
				<gx:coord>-82.693817 34.806473 279.100006</gx:coord>
				<gx:coord>-82.693817 34.806473 279.100006</gx:coord>
				<gx:coord>-82.693817 34.806473 279.100006</gx:coord>
				<gx:coord>-82.693817 34.806473 279.000000</gx:coord>
				<gx:coord>-82.693817 34.806473 279.000000</gx:coord>
				<gx:coord>-82.693817 34.806473 279.000000</gx:coord>
				<gx:coord>-82.693817 34.806473 279.200012</gx:coord>
				<gx:coord>-82.693817 34.806473 279.600006</gx:coord>
				<gx:coord>-82.693817 34.806473 279.700012</gx:coord>
				<gx:coord>-82.693817 34.806473 279.700012</gx:coord>
				<gx:coord>-82.693817 34.806473 279.700012</gx:coord>
				<gx:coord>-82.693817 34.806473 279.700012</gx:coord>
				<gx:coord>-82.693817 34.806469 279.600006</gx:coord>
				<gx:coord>-82.693817 34.806469 279.600006</gx:coord>
				<gx:coord>-82.693817 34.806469 279.500000</gx:coord>
				<gx:coord>-82.693817 34.806469 279.399994</gx:coord>
				<gx:coord>-82.693817 34.806469 279.299988</gx:coord>
				<gx:coord>-82.693817 34.806469 279.299988</gx:coord>
				<gx:coord>-82.693810 34.806469 279.200012</gx:coord>
				<gx:coord>-82.693810 34.806469 279.200012</gx:coord>
				<gx:coord>-82.693810 34.806469 279.100006</gx:coord>
				<gx:coord>-82.693810 34.806469 279.100006</gx:coord>
				<gx:coord>-82.693810 34.806469 279.000000</gx:coord>
				<gx:coord>-82.693810 34.806469 279.000000</gx:coord>
				<gx:coord>-82.693810 34.806469 278.899994</gx:coord>
				<gx:coord>-82.693810 34.806469 278.899994</gx:coord>
				<gx:coord>-82.693810 34.806469 278.799988</gx:coord>
				<gx:coord>-82.693810 34.806469 278.799988</gx:coord>
				<gx:coord>-82.693810 34.806469 278.799988</gx:coord>
				<gx:coord>-82.693810 34.806469 278.700012</gx:coord>
				<gx:coord>-82.693810 34.806469 278.700012</gx:coord>
				<gx:coord>-82.693810 34.806469 278.600006</gx:coord>
				<gx:coord>-82.693810 34.806469 278.600006</gx:coord>
				<gx:coord>-82.693810 34.806469 278.500000</gx:coord>
				<gx:coord>-82.693810 34.806469 278.399994</gx:coord>
				<gx:coord>-82.693810 34.806469 278.399994</gx:coord>
				<gx:coord>-82.693810 34.806469 278.299988</gx:coord>
				<gx:coord>-82.693810 34.806469 278.200012</gx:coord>
				<gx:coord>-82.693810 34.806469 278.200012</gx:coord>
				<gx:coord>-82.693810 34.806469 278.100006</gx:coord>
				<gx:coord>-82.693810 34.806469 278.000000</gx:coord>
				<gx:coord>-82.693810 34.806469 278.000000</gx:coord>
				<gx:coord>-82.693810 34.806469 277.899994</gx:coord>
				<gx:coord>-82.693810 34.806469 277.899994</gx:coord>
				<gx:coord>-82.693810 34.806469 277.799988</gx:coord>
				<gx:coord>-82.693810 34.806469 277.700012</gx:coord>
				<gx:coord>-82.693810 34.806469 277.700012</gx:coord>
				<gx:coord>-82.693810 34.806469 277.600006</gx:coord>
				<gx:coord>-82.693810 34.806469 277.500000</gx:coord>
				<gx:coord>-82.693810 34.806469 277.500000</gx:coord>
				<gx:coord>-82.693810 34.806469 277.399994</gx:coord>
				<gx:coord>-82.693810 34.806469 277.399994</gx:coord>
				<gx:coord>-82.693810 34.806469 277.299988</gx:coord>
				<gx:coord>-82.693810 34.806469 277.200012</gx:coord>
				<gx:coord>-82.693810 34.806469 277.200012</gx:coord>
				<gx:coord>-82.693810 34.806469 277.100006</gx:coord>
				<gx:coord>-82.693810 34.806469 277.100006</gx:coord>
				<gx:coord>-82.693810 34.806469 277.000000</gx:coord>
				<gx:coord>-82.693810 34.806469 276.899994</gx:coord>
				<gx:coord>-82.693810 34.806469 276.899994</gx:coord>
				<gx:coord>-82.693810 34.806469 276.799988</gx:coord>
				<gx:coord>-82.693810 34.806469 276.799988</gx:coord>
				<gx:coord>-82.693810 34.806469 276.799988</gx:coord>
				<gx:coord>-82.693810 34.806469 276.700012</gx:coord>
				<gx:coord>-82.693810 34.806469 276.700012</gx:coord>
				<gx:coord>-82.693810 34.806469 276.700012</gx:coord>
				<gx:coord>-82.693810 34.806469 276.600006</gx:coord>
				<gx:coord>-82.693810 34.806473 276.600006</gx:coord>
				<gx:coord>-82.693810 34.806473 276.600006</gx:coord>
				<gx:coord>-82.693810 34.806473 276.500000</gx:coord>
				<gx:coord>-82.693810 34.806473 276.500000</gx:coord>
				<gx:coord>-82.693810 34.806469 276.500000</gx:coord>
				<gx:coord>-82.693810 34.806469 276.399994</gx:coord>
				<gx:coord>-82.693810 34.806469 276.399994</gx:coord>
				<gx:coord>-82.693810 34.806469 276.399994</gx:coord>
				<gx:coord>-82.693810 34.806469 276.399994</gx:coord>
				<gx:coord>-82.693810 34.806469 276.399994</gx:coord>
				<gx:coord>-82.693810 34.806469 276.399994</gx:coord>
				<gx:coord>-82.693810 34.806469 276.399994</gx:coord>
				<gx:coord>-82.693810 34.806469 276.399994</gx:coord>
				<gx:coord>-82.693810 34.806469 276.299988</gx:coord>
				<gx:coord>-82.693810 34.806469 276.299988</gx:coord>
				<gx:coord>-82.693810 34.806469 276.299988</gx:coord>
				<gx:coord>-82.693810 34.806469 276.299988</gx:coord>
				<gx:coord>-82.693810 34.806469 276.299988</gx:coord>
				<gx:coord>-82.693810 34.806469 276.299988</gx:coord>
				<gx:coord>-82.693810 34.806469 276.200012</gx:coord>
				<gx:coord>-82.693810 34.806469 276.299988</gx:coord>
				<gx:coord>-82.693810 34.806469 276.299988</gx:coord>
				<gx:coord>-82.693810 34.806469 276.299988</gx:coord>
				<gx:coord>-82.693810 34.806469 276.299988</gx:coord>
				<gx:coord>-82.693810 34.806469 276.299988</gx:coord>
				<gx:coord>-82.693810 34.806469 276.299988</gx:coord>
				<gx:coord>-82.693810 34.806469 276.299988</gx:coord>
				<gx:coord>-82.693810 34.806469 276.299988</gx:coord>
				<gx:coord>-82.693810 34.806473 276.299988</gx:coord>
				<gx:coord>-82.693810 34.806473 276.299988</gx:coord>
				<gx:coord>-82.693810 34.806473 276.299988</gx:coord>
				<gx:coord>-82.693810 34.806473 276.200012</gx:coord>
				<gx:coord>-82.693810 34.806473 276.200012</gx:coord>
				<gx:coord>-82.693810 34.806473 276.100006</gx:coord>
				<gx:coord>-82.693810 34.806473 276.000000</gx:coord>
				<gx:coord>-82.693810 34.806473 275.899994</gx:coord>
				<gx:coord>-82.693810 34.806473 275.799988</gx:coord>
				<gx:coord>-82.693810 34.806473 275.700012</gx:coord>
				<gx:coord>-82.693810 34.806473 275.600006</gx:coord>
				<gx:coord>-82.693810 34.806473 275.600006</gx:coord>
				<gx:coord>-82.693810 34.806473 275.500000</gx:coord>
				<gx:coord>-82.693810 34.806473 275.500000</gx:coord>
				<gx:coord>-82.693810 34.806473 275.399994</gx:coord>
				<gx:coord>-82.693810 34.806473 275.399994</gx:coord>
				<gx:coord>-82.693810 34.806473 275.399994</gx:coord>
				<gx:coord>-82.693810 34.806473 275.299988</gx:coord>
				<gx:coord>-82.693810 34.806473 275.299988</gx:coord>
				<gx:coord>-82.693810 34.806473 275.299988</gx:coord>
				<gx:coord>-82.693810 34.806473 275.299988</gx:coord>
				<gx:coord>-82.693810 34.806473 275.200012</gx:coord>
				<gx:coord>-82.693810 34.806473 275.299988</gx:coord>
				<gx:coord>-82.693810 34.806477 275.399994</gx:coord>
				<gx:coord>-82.693810 34.806477 275.399994</gx:coord>
				<gx:coord>-82.693810 34.806473 275.200012</gx:coord>
				<gx:coord>-82.693810 34.806473 275.200012</gx:coord>
				<gx:coord>-82.693810 34.806477 275.100006</gx:coord>
				<gx:coord>-82.693810 34.806477 275.000000</gx:coord>
				<gx:coord>-82.693810 34.806477 275.000000</gx:coord>
				<gx:coord>-82.693810 34.806477 274.899994</gx:coord>
				<gx:coord>-82.693810 34.806477 274.899994</gx:coord>
				<gx:coord>-82.693810 34.806477 274.799988</gx:coord>
				<gx:coord>-82.693810 34.806477 274.799988</gx:coord>
				<gx:coord>-82.693810 34.806477 274.700012</gx:coord>
				<gx:coord>-82.693810 34.806477 274.600006</gx:coord>
				<gx:coord>-82.693810 34.806477 274.600006</gx:coord>
				<gx:coord>-82.693810 34.806477 274.500000</gx:coord>
				<gx:coord>-82.693810 34.806477 274.500000</gx:coord>
				<gx:coord>-82.693810 34.806480 274.399994</gx:coord>
				<gx:coord>-82.693810 34.806480 274.399994</gx:coord>
				<gx:coord>-82.693810 34.806480 274.399994</gx:coord>
				<gx:coord>-82.693810 34.806480 274.299988</gx:coord>
				<gx:coord>-82.693810 34.806480 274.100006</gx:coord>
				<gx:coord>-82.693810 34.806480 274.200012</gx:coord>
				<gx:coord>-82.693810 34.806480 274.200012</gx:coord>
				<gx:coord>-82.693810 34.806480 274.200012</gx:coord>
				<gx:coord>-82.693810 34.806480 274.200012</gx:coord>
				<gx:coord>-82.693810 34.806480 274.299988</gx:coord>
				<gx:coord>-82.693810 34.806480 274.299988</gx:coord>
				<gx:coord>-82.693810 34.806480 274.299988</gx:coord>
				<gx:coord>-82.693810 34.806480 274.299988</gx:coord>
				<gx:coord>-82.693810 34.806480 274.399994</gx:coord>
				<gx:coord>-82.693802 34.806480 274.500000</gx:coord>
				<gx:coord>-82.693802 34.806480 274.500000</gx:coord>
				<gx:coord>-82.693802 34.806480 274.600006</gx:coord>
				<gx:coord>-82.693802 34.806480 274.600006</gx:coord>
				<gx:coord>-82.693802 34.806480 274.600006</gx:coord>
				<gx:coord>-82.693802 34.806480 274.600006</gx:coord>
				<gx:coord>-82.693802 34.806480 274.600006</gx:coord>
				<gx:coord>-82.693802 34.806480 274.700012</gx:coord>
				<gx:coord>-82.693802 34.806480 274.700012</gx:coord>
				<gx:coord>-82.693802 34.806480 274.700012</gx:coord>
				<gx:coord>-82.693802 34.806480 274.600006</gx:coord>
				<gx:coord>-82.693802 34.806480 274.700012</gx:coord>
				<gx:coord>-82.693802 34.806480 274.700012</gx:coord>
				<gx:coord>-82.693802 34.806480 274.700012</gx:coord>
				<gx:coord>-82.693802 34.806480 274.799988</gx:coord>
				<gx:coord>-82.693802 34.806480 274.799988</gx:coord>
				<gx:coord>-82.693802 34.806480 274.799988</gx:coord>
				<gx:coord>-82.693802 34.806480 274.899994</gx:coord>
				<gx:coord>-82.693802 34.806480 275.000000</gx:coord>
				<gx:coord>-82.693802 34.806480 275.000000</gx:coord>
				<gx:coord>-82.693802 34.806480 275.100006</gx:coord>
				<gx:coord>-82.693802 34.806480 275.100006</gx:coord>
				<gx:coord>-82.693802 34.806480 275.100006</gx:coord>
				<gx:coord>-82.693802 34.806480 275.100006</gx:coord>
				<gx:coord>-82.693802 34.806480 275.200012</gx:coord>
				<gx:coord>-82.693802 34.806480 275.200012</gx:coord>
				<gx:coord>-82.693802 34.806480 275.200012</gx:coord>
				<gx:coord>-82.693810 34.806480 275.200012</gx:coord>
				<gx:coord>-82.693810 34.806480 275.299988</gx:coord>
				<gx:coord>-82.693810 34.806480 275.399994</gx:coord>
				<gx:coord>-82.693810 34.806480 275.399994</gx:coord>
				<gx:coord>-82.693810 34.806480 275.399994</gx:coord>
				<gx:coord>-82.693810 34.806480 275.399994</gx:coord>
				<gx:coord>-82.693810 34.806480 275.500000</gx:coord>
				<gx:coord>-82.693810 34.806480 275.500000</gx:coord>
				<gx:coord>-82.693802 34.806484 275.500000</gx:coord>
				<gx:coord>-82.693802 34.806484 275.500000</gx:coord>
				<gx:coord>-82.693802 34.806484 275.500000</gx:coord>
				<gx:coord>-82.693802 34.806484 275.500000</gx:coord>
				<gx:coord>-82.693802 34.806484 275.600006</gx:coord>
				<gx:coord>-82.693802 34.806484 275.600006</gx:coord>
				<gx:coord>-82.693802 34.806484 275.600006</gx:coord>
				<gx:coord>-82.693802 34.806484 275.700012</gx:coord>
				<gx:coord>-82.693802 34.806484 275.700012</gx:coord>
				<gx:coord>-82.693802 34.806484 275.700012</gx:coord>
				<gx:coord>-82.693802 34.806484 275.799988</gx:coord>
				<gx:coord>-82.693802 34.806484 275.799988</gx:coord>
				<gx:coord>-82.693802 34.806484 275.799988</gx:coord>
				<gx:coord>-82.693802 34.806484 275.799988</gx:coord>
				<gx:coord>-82.693802 34.806484 275.799988</gx:coord>
				<gx:coord>-82.693802 34.806484 275.799988</gx:coord>
				<gx:coord>-82.693802 34.806488 275.799988</gx:coord>
				<gx:coord>-82.693802 34.806488 275.899994</gx:coord>
				<gx:coord>-82.693802 34.806488 275.899994</gx:coord>
				<gx:coord>-82.693802 34.806488 275.899994</gx:coord>
				<gx:coord>-82.693802 34.806488 275.899994</gx:coord>
				<gx:coord>-82.693802 34.806492 275.899994</gx:coord>
				<gx:coord>-82.693802 34.806492 275.899994</gx:coord>
				<gx:coord>-82.693794 34.806492 275.899994</gx:coord>
				<gx:coord>-82.693794 34.806492 276.000000</gx:coord>
				<gx:coord>-82.693794 34.806492 276.000000</gx:coord>
				<gx:coord>-82.693794 34.806492 276.000000</gx:coord>
				<gx:coord>-82.693794 34.806492 276.000000</gx:coord>
				<gx:coord>-82.693794 34.806492 276.000000</gx:coord>
				<gx:coord>-82.693794 34.806492 276.100006</gx:coord>
				<gx:coord>-82.693794 34.806492 276.100006</gx:coord>
				<gx:coord>-82.693794 34.806492 276.100006</gx:coord>
				<gx:coord>-82.693794 34.806492 276.100006</gx:coord>
				<gx:coord>-82.693794 34.806492 276.100006</gx:coord>
				<gx:coord>-82.693794 34.806492 276.100006</gx:coord>
				<gx:coord>-82.693794 34.806492 276.100006</gx:coord>
				<gx:coord>-82.693794 34.806492 276.200012</gx:coord>
				<gx:coord>-82.693794 34.806492 276.200012</gx:coord>
				<gx:coord>-82.693794 34.806492 276.200012</gx:coord>
				<gx:coord>-82.693794 34.806492 276.100006</gx:coord>
				<gx:coord>-82.693794 34.806492 276.100006</gx:coord>
				<gx:coord>-82.693794 34.806492 276.200012</gx:coord>
				<gx:coord>-82.693794 34.806492 276.200012</gx:coord>
				<gx:coord>-82.693794 34.806492 276.200012</gx:coord>
				<gx:coord>-82.693794 34.806492 276.299988</gx:coord>
				<gx:coord>-82.693794 34.806492 276.299988</gx:coord>
				<gx:coord>-82.693794 34.806492 276.299988</gx:coord>
				<gx:coord>-82.693794 34.806492 276.399994</gx:coord>
				<gx:coord>-82.693794 34.806492 276.399994</gx:coord>
				<gx:coord>-82.693794 34.806492 276.399994</gx:coord>
				<gx:coord>-82.693794 34.806492 276.500000</gx:coord>
				<gx:coord>-82.693794 34.806496 276.500000</gx:coord>
				<gx:coord>-82.693794 34.806496 276.500000</gx:coord>
				<gx:coord>-82.693794 34.806496 276.500000</gx:coord>
				<gx:coord>-82.693794 34.806496 276.500000</gx:coord>
				<gx:coord>-82.693794 34.806496 276.500000</gx:coord>
				<gx:coord>-82.693794 34.806496 276.500000</gx:coord>
				<gx:coord>-82.693794 34.806496 276.600006</gx:coord>
				<gx:coord>-82.693794 34.806496 276.600006</gx:coord>
				<gx:coord>-82.693794 34.806496 276.600006</gx:coord>
				<gx:coord>-82.693794 34.806496 276.600006</gx:coord>
				<gx:coord>-82.693794 34.806496 276.700012</gx:coord>
				<gx:coord>-82.693794 34.806496 276.700012</gx:coord>
				<gx:coord>-82.693794 34.806496 276.700012</gx:coord>
				<gx:coord>-82.693794 34.806496 276.700012</gx:coord>
				<gx:coord>-82.693794 34.806496 276.700012</gx:coord>
				<gx:coord>-82.693794 34.806496 276.700012</gx:coord>
				<gx:coord>-82.693794 34.806496 276.700012</gx:coord>
				<gx:coord>-82.693794 34.806496 276.700012</gx:coord>
				<gx:coord>-82.693794 34.806496 276.799988</gx:coord>
				<gx:coord>-82.693794 34.806496 276.799988</gx:coord>
				<gx:coord>-82.693794 34.806496 276.799988</gx:coord>
				<gx:coord>-82.693794 34.806496 276.799988</gx:coord>
				<gx:coord>-82.693794 34.806496 276.899994</gx:coord>
				<gx:coord>-82.693794 34.806496 276.899994</gx:coord>
				<gx:coord>-82.693794 34.806496 277.000000</gx:coord>
				<gx:coord>-82.693794 34.806496 277.000000</gx:coord>
				<gx:coord>-82.693794 34.806496 277.100006</gx:coord>
				<gx:coord>-82.693794 34.806496 277.100006</gx:coord>
				<gx:coord>-82.693794 34.806496 277.200012</gx:coord>
				<gx:coord>-82.693794 34.806496 277.200012</gx:coord>
				<gx:coord>-82.693794 34.806496 277.299988</gx:coord>
				<gx:coord>-82.693794 34.806496 277.399994</gx:coord>
				<gx:coord>-82.693794 34.806496 277.399994</gx:coord>
				<gx:coord>-82.693794 34.806492 277.500000</gx:coord>
				<gx:coord>-82.693794 34.806492 277.500000</gx:coord>
				<gx:coord>-82.693794 34.806492 277.600006</gx:coord>
				<gx:coord>-82.693794 34.806492 277.600006</gx:coord>
				<gx:coord>-82.693794 34.806492 277.700012</gx:coord>
				<gx:coord>-82.693794 34.806492 277.700012</gx:coord>
				<gx:coord>-82.693787 34.806492 277.799988</gx:coord>
				<gx:coord>-82.693787 34.806492 277.799988</gx:coord>
				<gx:coord>-82.693787 34.806492 277.899994</gx:coord>
				<gx:coord>-82.693787 34.806492 277.899994</gx:coord>
				<gx:coord>-82.693787 34.806492 278.000000</gx:coord>
				<gx:coord>-82.693794 34.806492 278.000000</gx:coord>
				<gx:coord>-82.693794 34.806492 278.100006</gx:coord>
				<gx:coord>-82.693794 34.806492 278.100006</gx:coord>
				<gx:coord>-82.693794 34.806492 278.100006</gx:coord>
				<gx:coord>-82.693794 34.806492 278.399994</gx:coord>
				<gx:coord>-82.693787 34.806492 278.299988</gx:coord>
				<gx:coord>-82.693787 34.806488 278.399994</gx:coord>
				<gx:coord>-82.693787 34.806488 278.399994</gx:coord>
				<gx:coord>-82.693779 34.806484 278.500000</gx:coord>
				<gx:coord>-82.693779 34.806484 278.600006</gx:coord>
				<gx:coord>-82.693779 34.806484 278.700012</gx:coord>
				<gx:coord>-82.693779 34.806484 278.799988</gx:coord>
				<gx:coord>-82.693779 34.806484 278.799988</gx:coord>
				<gx:coord>-82.693779 34.806484 278.899994</gx:coord>
				<gx:coord>-82.693779 34.806484 279.000000</gx:coord>
				<gx:coord>-82.693779 34.806484 279.100006</gx:coord>
				<gx:coord>-82.693779 34.806484 279.200012</gx:coord>
				<gx:coord>-82.693779 34.806480 279.299988</gx:coord>
				<gx:coord>-82.693779 34.806480 279.399994</gx:coord>
				<gx:coord>-82.693779 34.806480 279.399994</gx:coord>
				<gx:coord>-82.693779 34.806480 279.500000</gx:coord>
				<gx:coord>-82.693779 34.806480 279.600006</gx:coord>
				<gx:coord>-82.693779 34.806480 279.700012</gx:coord>
				<gx:coord>-82.693779 34.806480 279.600006</gx:coord>
				<gx:coord>-82.693779 34.806480 279.600006</gx:coord>
				<gx:coord>-82.693779 34.806480 279.600006</gx:coord>
				<gx:coord>-82.693779 34.806480 279.500000</gx:coord>
				<gx:coord>-82.693779 34.806480 279.600006</gx:coord>
				<gx:coord>-82.693779 34.806477 279.600006</gx:coord>
				<gx:coord>-82.693779 34.806477 279.600006</gx:coord>
				<gx:coord>-82.693779 34.806477 279.600006</gx:coord>
				<gx:coord>-82.693779 34.806477 279.600006</gx:coord>
				<gx:coord>-82.693779 34.806477 279.600006</gx:coord>
				<gx:coord>-82.693779 34.806477 279.600006</gx:coord>
				<gx:coord>-82.693779 34.806477 279.600006</gx:coord>
				<gx:coord>-82.693779 34.806477 279.600006</gx:coord>
				<gx:coord>-82.693779 34.806477 279.600006</gx:coord>
				<gx:coord>-82.693779 34.806477 279.600006</gx:coord>
				<gx:coord>-82.693779 34.806477 279.600006</gx:coord>
				<gx:coord>-82.693779 34.806477 279.700012</gx:coord>
				<gx:coord>-82.693779 34.806480 279.700012</gx:coord>
				<gx:coord>-82.693779 34.806480 279.700012</gx:coord>
				<gx:coord>-82.693779 34.806480 279.799988</gx:coord>
				<gx:coord>-82.693779 34.806480 279.700012</gx:coord>
				<gx:coord>-82.693771 34.806480 279.799988</gx:coord>
				<gx:coord>-82.693771 34.806480 279.799988</gx:coord>
				<gx:coord>-82.693771 34.806477 279.799988</gx:coord>
				<gx:coord>-82.693771 34.806477 279.799988</gx:coord>
				<gx:coord>-82.693771 34.806477 279.799988</gx:coord>
				<gx:coord>-82.693771 34.806477 279.700012</gx:coord>
				<gx:coord>-82.693771 34.806477 279.700012</gx:coord>
				<gx:coord>-82.693771 34.806480 279.700012</gx:coord>
				<gx:coord>-82.693771 34.806480 279.700012</gx:coord>
				<gx:coord>-82.693771 34.806480 279.700012</gx:coord>
				<gx:coord>-82.693771 34.806480 279.700012</gx:coord>
				<gx:coord>-82.693771 34.806480 279.700012</gx:coord>
				<gx:coord>-82.693771 34.806480 279.700012</gx:coord>
				<gx:coord>-82.693771 34.806480 279.600006</gx:coord>
				<gx:coord>-82.693771 34.806480 279.600006</gx:coord>
				<gx:coord>-82.693771 34.806480 279.600006</gx:coord>
				<gx:coord>-82.693771 34.806480 279.600006</gx:coord>
				<gx:coord>-82.693771 34.806484 279.600006</gx:coord>
				<gx:coord>-82.693771 34.806484 279.600006</gx:coord>
				<gx:coord>-82.693771 34.806484 279.600006</gx:coord>
				<gx:coord>-82.693771 34.806484 279.600006</gx:coord>
				<gx:coord>-82.693771 34.806484 279.600006</gx:coord>
				<gx:coord>-82.693771 34.806484 279.600006</gx:coord>
				<gx:coord>-82.693771 34.806484 279.500000</gx:coord>
				<gx:coord>-82.693771 34.806484 279.500000</gx:coord>
				<gx:coord>-82.693771 34.806484 279.500000</gx:coord>
				<gx:coord>-82.693771 34.806484 279.500000</gx:coord>
				<gx:coord>-82.693771 34.806484 279.500000</gx:coord>
				<gx:coord>-82.693771 34.806484 279.399994</gx:coord>
				<gx:coord>-82.693771 34.806484 279.500000</gx:coord>
				<gx:coord>-82.693764 34.806484 279.399994</gx:coord>
				<gx:coord>-82.693764 34.806484 279.399994</gx:coord>
				<gx:coord>-82.693764 34.806484 279.399994</gx:coord>
				<gx:coord>-82.693764 34.806484 279.399994</gx:coord>
				<gx:coord>-82.693764 34.806484 279.399994</gx:coord>
				<gx:coord>-82.693764 34.806484 279.399994</gx:coord>
				<gx:coord>-82.693764 34.806484 279.399994</gx:coord>
				<gx:coord>-82.693764 34.806484 279.399994</gx:coord>
				<gx:coord>-82.693764 34.806484 279.399994</gx:coord>
				<gx:coord>-82.693764 34.806484 279.399994</gx:coord>
				<gx:coord>-82.693764 34.806484 279.399994</gx:coord>
				<gx:coord>-82.693764 34.806484 279.299988</gx:coord>
				<gx:coord>-82.693764 34.806484 279.200012</gx:coord>
				<gx:coord>-82.693764 34.806484 279.200012</gx:coord>
				<gx:coord>-82.693764 34.806484 279.200012</gx:coord>
				<gx:coord>-82.693771 34.806484 279.299988</gx:coord>
				<gx:coord>-82.693771 34.806484 279.299988</gx:coord>
				<gx:coord>-82.693771 34.806484 279.500000</gx:coord>
				<gx:coord>-82.693764 34.806484 279.600006</gx:coord>
				<gx:coord>-82.693764 34.806484 279.799988</gx:coord>
				<gx:coord>-82.693771 34.806484 279.299988</gx:coord>
				<gx:coord>-82.693771 34.806484 279.399994</gx:coord>
				<gx:coord>-82.693771 34.806484 279.399994</gx:coord>
				<gx:coord>-82.693771 34.806484 279.399994</gx:coord>
				<gx:coord>-82.693771 34.806484 279.500000</gx:coord>
				<gx:coord>-82.693771 34.806484 279.500000</gx:coord>
				<gx:coord>-82.693771 34.806484 279.500000</gx:coord>
				<gx:coord>-82.693771 34.806484 279.600006</gx:coord>
				<gx:coord>-82.693771 34.806484 279.600006</gx:coord>
				<gx:coord>-82.693771 34.806484 279.600006</gx:coord>
				<gx:coord>-82.693771 34.806484 279.600006</gx:coord>
				<gx:coord>-82.693771 34.806484 279.600006</gx:coord>
				<gx:coord>-82.693771 34.806484 279.700012</gx:coord>
				<gx:coord>-82.693771 34.806484 279.799988</gx:coord>
				<gx:coord>-82.693771 34.806484 279.899994</gx:coord>
				<gx:coord>-82.693771 34.806484 280.000000</gx:coord>
				<gx:coord>-82.693771 34.806484 279.799988</gx:coord>
				<gx:coord>-82.693771 34.806488 279.700012</gx:coord>
				<gx:coord>-82.693771 34.806488 279.500000</gx:coord>
				<gx:coord>-82.693771 34.806488 279.600006</gx:coord>
				<gx:coord>-82.693771 34.806492 279.399994</gx:coord>
				<gx:coord>-82.693771 34.806492 279.200012</gx:coord>
				<gx:coord>-82.693771 34.806492 279.299988</gx:coord>
				<gx:coord>-82.693771 34.806492 279.299988</gx:coord>
				<gx:coord>-82.693771 34.806492 279.299988</gx:coord>
				<gx:coord>-82.693771 34.806492 279.299988</gx:coord>
				<gx:coord>-82.693771 34.806492 279.200012</gx:coord>
				<gx:coord>-82.693771 34.806492 279.200012</gx:coord>
				<gx:coord>-82.693771 34.806492 279.399994</gx:coord>
				<gx:coord>-82.693771 34.806492 279.200012</gx:coord>
				<gx:coord>-82.693771 34.806492 279.000000</gx:coord>
				<gx:coord>-82.693771 34.806492 279.000000</gx:coord>
				<gx:coord>-82.693771 34.806492 279.000000</gx:coord>
				<gx:coord>-82.693771 34.806492 279.100006</gx:coord>
				<gx:coord>-82.693771 34.806492 279.200012</gx:coord>
				<gx:coord>-82.693771 34.806496 279.200012</gx:coord>
				<gx:coord>-82.693771 34.806496 279.000000</gx:coord>
				<gx:coord>-82.693771 34.806496 278.899994</gx:coord>
				<gx:coord>-82.693771 34.806496 278.799988</gx:coord>
				<gx:coord>-82.693764 34.806496 278.700012</gx:coord>
				<gx:coord>-82.693764 34.806496 278.600006</gx:coord>
				<gx:coord>-82.693764 34.806496 278.500000</gx:coord>
				<gx:coord>-82.693764 34.806496 278.500000</gx:coord>
				<gx:coord>-82.693764 34.806496 278.399994</gx:coord>
				<gx:coord>-82.693764 34.806496 278.200012</gx:coord>
				<gx:coord>-82.693764 34.806499 278.100006</gx:coord>
				<gx:coord>-82.693764 34.806499 278.100006</gx:coord>
				<gx:coord>-82.693764 34.806499 277.899994</gx:coord>
				<gx:coord>-82.693764 34.806499 277.899994</gx:coord>
				<gx:coord>-82.693764 34.806496 277.899994</gx:coord>
				<gx:coord>-82.693764 34.806499 277.799988</gx:coord>
				<gx:coord>-82.693764 34.806499 277.700012</gx:coord>
				<gx:coord>-82.693764 34.806499 277.600006</gx:coord>
				<gx:coord>-82.693764 34.806499 277.600006</gx:coord>
				<gx:coord>-82.693764 34.806499 277.600006</gx:coord>
				<gx:coord>-82.693764 34.806499 277.500000</gx:coord>
				<gx:coord>-82.693764 34.806499 277.500000</gx:coord>
				<gx:coord>-82.693764 34.806499 277.600006</gx:coord>
				<gx:coord>-82.693764 34.806496 277.500000</gx:coord>
				<gx:coord>-82.693764 34.806496 277.500000</gx:coord>
				<gx:coord>-82.693764 34.806496 277.500000</gx:coord>
				<gx:coord>-82.693764 34.806496 277.500000</gx:coord>
				<gx:coord>-82.693764 34.806496 277.500000</gx:coord>
				<gx:coord>-82.693764 34.806496 277.600006</gx:coord>
				<gx:coord>-82.693764 34.806496 277.700012</gx:coord>
				<gx:coord>-82.693764 34.806496 277.700012</gx:coord>
				<gx:coord>-82.693764 34.806496 277.700012</gx:coord>
				<gx:coord>-82.693756 34.806496 277.799988</gx:coord>
				<gx:coord>-82.693756 34.806496 277.799988</gx:coord>
				<gx:coord>-82.693756 34.806496 277.799988</gx:coord>
				<gx:coord>-82.693756 34.806496 277.799988</gx:coord>
				<gx:coord>-82.693756 34.806496 277.799988</gx:coord>
				<gx:coord>-82.693756 34.806496 277.799988</gx:coord>
				<gx:coord>-82.693756 34.806492 277.700012</gx:coord>
				<gx:coord>-82.693756 34.806492 277.700012</gx:coord>
				<gx:coord>-82.693756 34.806492 277.700012</gx:coord>
				<gx:coord>-82.693756 34.806492 277.700012</gx:coord>
				<gx:coord>-82.693756 34.806492 277.700012</gx:coord>
				<gx:coord>-82.693756 34.806492 277.700012</gx:coord>
				<gx:coord>-82.693756 34.806496 277.700012</gx:coord>
				<gx:coord>-82.693756 34.806496 277.700012</gx:coord>
				<gx:coord>-82.693756 34.806496 277.700012</gx:coord>
				<gx:coord>-82.693756 34.806492 277.700012</gx:coord>
				<gx:coord>-82.693756 34.806492 277.600006</gx:coord>
				<gx:coord>-82.693756 34.806492 277.600006</gx:coord>
				<gx:coord>-82.693756 34.806492 277.500000</gx:coord>
				<gx:coord>-82.693756 34.806492 277.500000</gx:coord>
				<gx:coord>-82.693756 34.806492 277.399994</gx:coord>
				<gx:coord>-82.693756 34.806492 277.399994</gx:coord>
				<gx:coord>-82.693756 34.806492 277.299988</gx:coord>
				<gx:coord>-82.693756 34.806492 277.299988</gx:coord>
				<gx:coord>-82.693756 34.806492 277.200012</gx:coord>
				<gx:coord>-82.693756 34.806492 277.200012</gx:coord>
				<gx:coord>-82.693756 34.806492 277.200012</gx:coord>
				<gx:coord>-82.693756 34.806492 277.100006</gx:coord>
				<gx:coord>-82.693756 34.806492 277.100006</gx:coord>
				<gx:coord>-82.693756 34.806496 277.100006</gx:coord>
				<gx:coord>-82.693756 34.806496 277.100006</gx:coord>
				<gx:coord>-82.693756 34.806496 277.100006</gx:coord>
				<gx:coord>-82.693756 34.806496 277.100006</gx:coord>
				<gx:coord>-82.693756 34.806496 277.000000</gx:coord>
				<gx:coord>-82.693756 34.806496 277.000000</gx:coord>
				<gx:coord>-82.693756 34.806496 277.000000</gx:coord>
				<gx:coord>-82.693756 34.806496 277.000000</gx:coord>
				<gx:coord>-82.693756 34.806496 277.000000</gx:coord>
				<gx:coord>-82.693756 34.806496 277.000000</gx:coord>
				<gx:coord>-82.693756 34.806496 277.000000</gx:coord>
				<gx:coord>-82.693756 34.806496 277.000000</gx:coord>
				<gx:coord>-82.693756 34.806499 277.000000</gx:coord>
				<gx:coord>-82.693756 34.806499 277.000000</gx:coord>
				<gx:coord>-82.693756 34.806499 277.000000</gx:coord>
				<gx:coord>-82.693756 34.806499 277.000000</gx:coord>
				<gx:coord>-82.693756 34.806499 277.000000</gx:coord>
				<gx:coord>-82.693756 34.806499 277.000000</gx:coord>
				<gx:coord>-82.693756 34.806499 277.000000</gx:coord>
				<gx:coord>-82.693756 34.806499 277.000000</gx:coord>
				<gx:coord>-82.693756 34.806499 277.100006</gx:coord>
				<gx:coord>-82.693756 34.806499 277.100006</gx:coord>
				<gx:coord>-82.693756 34.806499 277.100006</gx:coord>
				<gx:coord>-82.693756 34.806499 277.100006</gx:coord>
				<gx:coord>-82.693756 34.806499 277.100006</gx:coord>
				<gx:coord>-82.693756 34.806499 277.200012</gx:coord>
				<gx:coord>-82.693756 34.806499 277.200012</gx:coord>
				<gx:coord>-82.693756 34.806499 277.200012</gx:coord>
				<gx:coord>-82.693756 34.806499 277.299988</gx:coord>
				<gx:coord>-82.693756 34.806499 277.399994</gx:coord>
				<gx:coord>-82.693756 34.806499 277.500000</gx:coord>
				<gx:coord>-82.693756 34.806499 277.500000</gx:coord>
				<gx:coord>-82.693756 34.806499 277.500000</gx:coord>
				<gx:coord>-82.693756 34.806499 277.600006</gx:coord>
				<gx:coord>-82.693756 34.806499 277.600006</gx:coord>
				<gx:coord>-82.693756 34.806499 277.600006</gx:coord>
				<gx:coord>-82.693764 34.806499 277.600006</gx:coord>
				<gx:coord>-82.693764 34.806499 277.700012</gx:coord>
				<gx:coord>-82.693764 34.806499 277.700012</gx:coord>
				<gx:coord>-82.693764 34.806499 277.700012</gx:coord>
				<gx:coord>-82.693764 34.806499 277.700012</gx:coord>
				<gx:coord>-82.693764 34.806499 277.700012</gx:coord>
				<gx:coord>-82.693764 34.806499 277.799988</gx:coord>
				<gx:coord>-82.693764 34.806499 277.799988</gx:coord>
				<gx:coord>-82.693764 34.806499 277.799988</gx:coord>
				<gx:coord>-82.693764 34.806499 277.899994</gx:coord>
				<gx:coord>-82.693764 34.806499 277.899994</gx:coord>
				<gx:coord>-82.693764 34.806499 277.899994</gx:coord>
				<gx:coord>-82.693764 34.806496 278.000000</gx:coord>
				<gx:coord>-82.693764 34.806496 278.000000</gx:coord>
				<gx:coord>-82.693764 34.806496 278.000000</gx:coord>
				<gx:coord>-82.693764 34.806496 278.000000</gx:coord>
				<gx:coord>-82.693764 34.806496 278.000000</gx:coord>
				<gx:coord>-82.693764 34.806496 278.000000</gx:coord>
				<gx:coord>-82.693764 34.806496 278.000000</gx:coord>
				<gx:coord>-82.693764 34.806496 278.000000</gx:coord>
				<gx:coord>-82.693764 34.806496 278.000000</gx:coord>
				<gx:coord>-82.693764 34.806496 277.899994</gx:coord>
				<gx:coord>-82.693764 34.806496 277.899994</gx:coord>
				<gx:coord>-82.693764 34.806496 277.799988</gx:coord>
				<gx:coord>-82.693764 34.806496 277.899994</gx:coord>
				<gx:coord>-82.693764 34.806496 277.899994</gx:coord>
				<gx:coord>-82.693764 34.806496 277.899994</gx:coord>
				<gx:coord>-82.693764 34.806496 277.899994</gx:coord>
				<gx:coord>-82.693764 34.806496 277.899994</gx:coord>
				<gx:coord>-82.693764 34.806496 277.899994</gx:coord>
				<gx:coord>-82.693764 34.806496 277.899994</gx:coord>
				<gx:coord>-82.693764 34.806496 277.799988</gx:coord>
				<gx:coord>-82.693764 34.806496 277.700012</gx:coord>
				<gx:coord>-82.693764 34.806496 277.600006</gx:coord>
				<gx:coord>-82.693764 34.806492 277.500000</gx:coord>
				<gx:coord>-82.693764 34.806492 277.500000</gx:coord>
				<gx:coord>-82.693764 34.806492 277.399994</gx:coord>
				<gx:coord>-82.693764 34.806492 277.399994</gx:coord>
				<gx:coord>-82.693764 34.806492 277.399994</gx:coord>
				<gx:coord>-82.693764 34.806492 277.299988</gx:coord>
				<gx:coord>-82.693764 34.806492 277.299988</gx:coord>
				<gx:coord>-82.693764 34.806492 277.299988</gx:coord>
				<gx:coord>-82.693764 34.806492 277.399994</gx:coord>
				<gx:coord>-82.693764 34.806492 277.299988</gx:coord>
				<gx:coord>-82.693764 34.806492 277.299988</gx:coord>
				<gx:coord>-82.693764 34.806492 277.200012</gx:coord>
				<gx:coord>-82.693764 34.806492 277.200012</gx:coord>
				<gx:coord>-82.693764 34.806492 277.200012</gx:coord>
				<gx:coord>-82.693764 34.806492 277.200012</gx:coord>
				<gx:coord>-82.693764 34.806492 277.200012</gx:coord>
				<gx:coord>-82.693764 34.806492 277.200012</gx:coord>
				<gx:coord>-82.693764 34.806492 277.299988</gx:coord>
				<gx:coord>-82.693764 34.806492 277.200012</gx:coord>
				<gx:coord>-82.693764 34.806492 277.200012</gx:coord>
				<gx:coord>-82.693764 34.806492 277.299988</gx:coord>
				<gx:coord>-82.693764 34.806488 277.200012</gx:coord>
				<gx:coord>-82.693764 34.806488 277.200012</gx:coord>
				<gx:coord>-82.693764 34.806488 277.200012</gx:coord>
				<gx:coord>-82.693764 34.806484 277.200012</gx:coord>
				<gx:coord>-82.693764 34.806484 277.200012</gx:coord>
				<gx:coord>-82.693764 34.806484 277.200012</gx:coord>
				<gx:coord>-82.693764 34.806484 277.200012</gx:coord>
				<gx:coord>-82.693764 34.806484 277.200012</gx:coord>
				<gx:coord>-82.693764 34.806484 277.100006</gx:coord>
				<gx:coord>-82.693764 34.806484 277.100006</gx:coord>
				<gx:coord>-82.693764 34.806484 277.100006</gx:coord>
				<gx:coord>-82.693764 34.806484 277.100006</gx:coord>
				<gx:coord>-82.693764 34.806484 277.100006</gx:coord>
				<gx:coord>-82.693764 34.806484 277.100006</gx:coord>
				<gx:coord>-82.693764 34.806484 277.100006</gx:coord>
				<gx:coord>-82.693764 34.806484 277.100006</gx:coord>
				<gx:coord>-82.693764 34.806484 277.000000</gx:coord>
				<gx:coord>-82.693764 34.806484 277.000000</gx:coord>
				<gx:coord>-82.693764 34.806484 277.000000</gx:coord>
				<gx:coord>-82.693764 34.806484 277.000000</gx:coord>
				<gx:coord>-82.693764 34.806484 277.000000</gx:coord>
				<gx:coord>-82.693764 34.806484 277.000000</gx:coord>
				<gx:coord>-82.693771 34.806480 277.000000</gx:coord>
				<gx:coord>-82.693771 34.806480 277.000000</gx:coord>
				<gx:coord>-82.693771 34.806480 277.000000</gx:coord>
				<gx:coord>-82.693771 34.806480 277.000000</gx:coord>
				<gx:coord>-82.693771 34.806480 277.000000</gx:coord>
				<gx:coord>-82.693771 34.806480 277.000000</gx:coord>
				<gx:coord>-82.693771 34.806480 276.899994</gx:coord>
				<gx:coord>-82.693771 34.806480 276.899994</gx:coord>
				<gx:coord>-82.693771 34.806480 277.000000</gx:coord>
				<gx:coord>-82.693771 34.806480 277.000000</gx:coord>
				<gx:coord>-82.693771 34.806480 276.899994</gx:coord>
				<gx:coord>-82.693771 34.806477 276.899994</gx:coord>
				<gx:coord>-82.693771 34.806477 276.899994</gx:coord>
				<gx:coord>-82.693771 34.806480 276.899994</gx:coord>
				<gx:coord>-82.693771 34.806480 276.899994</gx:coord>
				<gx:coord>-82.693771 34.806480 276.899994</gx:coord>
				<gx:coord>-82.693771 34.806480 276.899994</gx:coord>
				<gx:coord>-82.693771 34.806480 276.899994</gx:coord>
				<gx:coord>-82.693771 34.806480 276.899994</gx:coord>
				<gx:coord>-82.693771 34.806480 276.899994</gx:coord>
				<gx:coord>-82.693771 34.806480 276.899994</gx:coord>
				<gx:coord>-82.693771 34.806480 276.899994</gx:coord>
				<gx:coord>-82.693771 34.806480 276.899994</gx:coord>
				<gx:coord>-82.693771 34.806480 276.799988</gx:coord>
				<gx:coord>-82.693771 34.806480 276.799988</gx:coord>
				<gx:coord>-82.693771 34.806480 276.799988</gx:coord>
				<gx:coord>-82.693771 34.806480 276.799988</gx:coord>
				<gx:coord>-82.693771 34.806480 276.799988</gx:coord>
				<gx:coord>-82.693771 34.806480 276.799988</gx:coord>
				<gx:coord>-82.693764 34.806480 276.700012</gx:coord>
				<gx:coord>-82.693764 34.806480 276.700012</gx:coord>
				<gx:coord>-82.693764 34.806480 276.700012</gx:coord>
				<gx:coord>-82.693764 34.806484 276.600006</gx:coord>
				<gx:coord>-82.693764 34.806484 276.600006</gx:coord>
				<gx:coord>-82.693764 34.806484 276.600006</gx:coord>
				<gx:coord>-82.693764 34.806484 276.600006</gx:coord>
				<gx:coord>-82.693764 34.806484 276.600006</gx:coord>
				<gx:coord>-82.693764 34.806484 276.600006</gx:coord>
				<gx:coord>-82.693764 34.806484 276.500000</gx:coord>
				<gx:coord>-82.693764 34.806484 276.500000</gx:coord>
				<gx:coord>-82.693764 34.806484 276.500000</gx:coord>
				<gx:coord>-82.693764 34.806484 276.500000</gx:coord>
				<gx:coord>-82.693764 34.806484 276.399994</gx:coord>
				<gx:coord>-82.693764 34.806484 276.399994</gx:coord>
				<gx:coord>-82.693764 34.806484 276.399994</gx:coord>
				<gx:coord>-82.693764 34.806484 276.399994</gx:coord>
				<gx:coord>-82.693764 34.806484 276.399994</gx:coord>
				<gx:coord>-82.693764 34.806484 276.399994</gx:coord>
				<gx:coord>-82.693764 34.806484 276.399994</gx:coord>
				<gx:coord>-82.693764 34.806484 276.399994</gx:coord>
				<gx:coord>-82.693764 34.806484 276.500000</gx:coord>
				<gx:coord>-82.693764 34.806484 276.500000</gx:coord>
				<gx:coord>-82.693764 34.806484 276.500000</gx:coord>
				<gx:coord>-82.693764 34.806484 276.500000</gx:coord>
				<gx:coord>-82.693764 34.806488 276.500000</gx:coord>
				<gx:coord>-82.693764 34.806488 276.500000</gx:coord>
				<gx:coord>-82.693764 34.806488 276.600006</gx:coord>
				<gx:coord>-82.693764 34.806488 276.600006</gx:coord>
				<gx:coord>-82.693764 34.806488 276.600006</gx:coord>
				<gx:coord>-82.693764 34.806488 276.600006</gx:coord>
				<gx:coord>-82.693764 34.806488 276.600006</gx:coord>
				<gx:coord>-82.693764 34.806488 276.600006</gx:coord>
				<gx:coord>-82.693764 34.806488 276.600006</gx:coord>
				<gx:coord>-82.693764 34.806488 276.700012</gx:coord>
				<gx:coord>-82.693764 34.806488 276.600006</gx:coord>
				<gx:coord>-82.693764 34.806488 276.700012</gx:coord>
				<gx:coord>-82.693764 34.806488 276.700012</gx:coord>
				<gx:coord>-82.693764 34.806488 276.700012</gx:coord>
				<gx:coord>-82.693764 34.806488 276.700012</gx:coord>
				<gx:coord>-82.693764 34.806488 276.700012</gx:coord>
				<gx:coord>-82.693764 34.806488 276.700012</gx:coord>
				<gx:coord>-82.693764 34.806488 276.700012</gx:coord>
				<gx:coord>-82.693764 34.806488 276.700012</gx:coord>
				<gx:coord>-82.693764 34.806488 276.799988</gx:coord>
				<gx:coord>-82.693764 34.806488 276.799988</gx:coord>
				<gx:coord>-82.693764 34.806488 276.799988</gx:coord>
				<gx:coord>-82.693764 34.806488 276.799988</gx:coord>
				<gx:coord>-82.693764 34.806492 276.799988</gx:coord>
				<gx:coord>-82.693764 34.806492 276.799988</gx:coord>
				<gx:coord>-82.693764 34.806492 276.799988</gx:coord>
				<gx:coord>-82.693764 34.806492 276.799988</gx:coord>
				<gx:coord>-82.693764 34.806492 276.799988</gx:coord>
				<gx:coord>-82.693764 34.806492 276.899994</gx:coord>
				<gx:coord>-82.693764 34.806492 276.899994</gx:coord>
				<gx:coord>-82.693764 34.806492 276.899994</gx:coord>
				<gx:coord>-82.693764 34.806492 276.899994</gx:coord>
				<gx:coord>-82.693764 34.806492 276.899994</gx:coord>
				<gx:coord>-82.693764 34.806492 276.899994</gx:coord>
				<gx:coord>-82.693764 34.806492 276.899994</gx:coord>
				<gx:coord>-82.693764 34.806492 276.899994</gx:coord>
				<gx:coord>-82.693764 34.806492 277.000000</gx:coord>
				<gx:coord>-82.693764 34.806492 277.000000</gx:coord>
				<gx:coord>-82.693764 34.806492 277.000000</gx:coord>
				<gx:coord>-82.693764 34.806492 277.000000</gx:coord>
				<gx:coord>-82.693764 34.806492 277.000000</gx:coord>
				<gx:coord>-82.693764 34.806492 277.000000</gx:coord>
				<gx:coord>-82.693764 34.806492 277.000000</gx:coord>
				<gx:coord>-82.693764 34.806492 277.000000</gx:coord>
				<gx:coord>-82.693764 34.806492 277.000000</gx:coord>
				<gx:coord>-82.693764 34.806492 277.100006</gx:coord>
				<gx:coord>-82.693764 34.806492 277.100006</gx:coord>
				<gx:coord>-82.693764 34.806492 277.100006</gx:coord>
				<gx:coord>-82.693764 34.806492 277.100006</gx:coord>
				<gx:coord>-82.693764 34.806492 277.100006</gx:coord>
				<gx:coord>-82.693764 34.806492 277.100006</gx:coord>
				<gx:coord>-82.693764 34.806492 277.100006</gx:coord>
				<gx:coord>-82.693764 34.806492 277.100006</gx:coord>
				<gx:coord>-82.693764 34.806492 277.100006</gx:coord>
				<gx:coord>-82.693764 34.806492 277.100006</gx:coord>
				<gx:coord>-82.693764 34.806492 277.100006</gx:coord>
				<gx:coord>-82.693764 34.806492 277.100006</gx:coord>
				<gx:coord>-82.693764 34.806492 277.100006</gx:coord>
				<gx:coord>-82.693764 34.806492 277.100006</gx:coord>
				<gx:coord>-82.693764 34.806492 277.100006</gx:coord>
				<gx:coord>-82.693764 34.806492 277.100006</gx:coord>
				<gx:coord>-82.693764 34.806492 277.100006</gx:coord>
				<gx:coord>-82.693764 34.806492 277.200012</gx:coord>
				<gx:coord>-82.693764 34.806492 277.200012</gx:coord>
				<gx:coord>-82.693764 34.806492 277.200012</gx:coord>
				<gx:coord>-82.693764 34.806492 277.200012</gx:coord>
				<gx:coord>-82.693764 34.806492 277.200012</gx:coord>
				<gx:coord>-82.693764 34.806492 277.200012</gx:coord>
				<gx:coord>-82.693764 34.806492 277.200012</gx:coord>
				<gx:coord>-82.693764 34.806492 277.200012</gx:coord>
				<gx:coord>-82.693764 34.806492 277.200012</gx:coord>
				<gx:coord>-82.693764 34.806492 277.200012</gx:coord>
				<gx:coord>-82.693764 34.806492 277.200012</gx:coord>
				<gx:coord>-82.693771 34.806492 277.200012</gx:coord>
				<gx:coord>-82.693771 34.806496 277.200012</gx:coord>
				<gx:coord>-82.693771 34.806496 277.200012</gx:coord>
				<gx:coord>-82.693771 34.806496 277.100006</gx:coord>
				<gx:coord>-82.693771 34.806496 277.100006</gx:coord>
				<gx:coord>-82.693771 34.806496 277.100006</gx:coord>
				<gx:coord>-82.693771 34.806496 277.100006</gx:coord>
				<gx:coord>-82.693771 34.806496 277.100006</gx:coord>
				<gx:coord>-82.693771 34.806496 277.100006</gx:coord>
				<gx:coord>-82.693771 34.806496 277.100006</gx:coord>
				<gx:coord>-82.693771 34.806496 277.000000</gx:coord>
				<gx:coord>-82.693771 34.806496 277.000000</gx:coord>
				<gx:coord>-82.693771 34.806496 277.000000</gx:coord>
				<gx:coord>-82.693771 34.806496 277.000000</gx:coord>
				<gx:coord>-82.693771 34.806496 277.000000</gx:coord>
				<gx:coord>-82.693771 34.806496 277.000000</gx:coord>
				<gx:coord>-82.693771 34.806496 277.000000</gx:coord>
				<gx:coord>-82.693771 34.806496 276.899994</gx:coord>
				<gx:coord>-82.693771 34.806496 276.899994</gx:coord>
				<gx:coord>-82.693771 34.806496 276.899994</gx:coord>
				<gx:coord>-82.693771 34.806496 276.799988</gx:coord>
				<gx:coord>-82.693771 34.806496 276.799988</gx:coord>
				<gx:coord>-82.693771 34.806496 276.700012</gx:coord>
				<gx:coord>-82.693771 34.806496 276.700012</gx:coord>
				<gx:coord>-82.693771 34.806496 276.700012</gx:coord>
				<gx:coord>-82.693771 34.806496 276.700012</gx:coord>
				<gx:coord>-82.693771 34.806499 276.700012</gx:coord>
				<gx:coord>-82.693771 34.806499 276.600006</gx:coord>
				<gx:coord>-82.693771 34.806499 276.500000</gx:coord>
				<gx:coord>-82.693771 34.806499 276.500000</gx:coord>
				<gx:coord>-82.693771 34.806499 276.399994</gx:coord>
				<gx:coord>-82.693771 34.806499 276.399994</gx:coord>
				<gx:coord>-82.693771 34.806499 276.299988</gx:coord>
				<gx:coord>-82.693771 34.806499 276.299988</gx:coord>
				<gx:coord>-82.693771 34.806499 276.299988</gx:coord>
				<gx:coord>-82.693771 34.806499 276.200012</gx:coord>
				<gx:coord>-82.693771 34.806499 276.200012</gx:coord>
				<gx:coord>-82.693771 34.806499 276.200012</gx:coord>
				<gx:coord>-82.693771 34.806499 276.200012</gx:coord>
				<gx:coord>-82.693771 34.806499 276.100006</gx:coord>
				<gx:coord>-82.693771 34.806499 276.100006</gx:coord>
				<gx:coord>-82.693771 34.806499 276.000000</gx:coord>
				<gx:coord>-82.693771 34.806499 276.000000</gx:coord>
				<gx:coord>-82.693771 34.806499 276.000000</gx:coord>
				<gx:coord>-82.693771 34.806503 276.000000</gx:coord>
				<gx:coord>-82.693771 34.806503 276.000000</gx:coord>
				<gx:coord>-82.693771 34.806503 276.000000</gx:coord>
				<gx:coord>-82.693771 34.806503 276.000000</gx:coord>
				<gx:coord>-82.693771 34.806503 276.000000</gx:coord>
				<gx:coord>-82.693771 34.806503 276.000000</gx:coord>
				<gx:coord>-82.693771 34.806503 276.000000</gx:coord>
				<gx:coord>-82.693771 34.806503 276.000000</gx:coord>
				<gx:coord>-82.693771 34.806503 276.000000</gx:coord>
				<gx:coord>-82.693771 34.806503 276.100006</gx:coord>
				<gx:coord>-82.693771 34.806503 276.100006</gx:coord>
				<gx:coord>-82.693771 34.806503 276.000000</gx:coord>
				<gx:coord>-82.693771 34.806503 276.100006</gx:coord>
				<gx:coord>-82.693771 34.806503 276.100006</gx:coord>
				<gx:coord>-82.693771 34.806503 276.100006</gx:coord>
				<gx:coord>-82.693771 34.806503 276.100006</gx:coord>
				<gx:coord>-82.693771 34.806503 276.200012</gx:coord>
				<gx:coord>-82.693771 34.806503 276.200012</gx:coord>
				<gx:coord>-82.693771 34.806503 276.200012</gx:coord>
				<gx:coord>-82.693771 34.806503 276.299988</gx:coord>
				<gx:coord>-82.693771 34.806503 276.299988</gx:coord>
				<gx:coord>-82.693771 34.806503 276.299988</gx:coord>
				<gx:coord>-82.693771 34.806503 276.299988</gx:coord>
				<gx:coord>-82.693771 34.806503 276.399994</gx:coord>
				<gx:coord>-82.693771 34.806503 276.399994</gx:coord>
				<gx:coord>-82.693771 34.806503 276.399994</gx:coord>
				<gx:coord>-82.693771 34.806503 276.399994</gx:coord>
				<gx:coord>-82.693771 34.806503 276.299988</gx:coord>
				<gx:coord>-82.693771 34.806503 276.299988</gx:coord>
				<gx:coord>-82.693771 34.806503 276.299988</gx:coord>
				<gx:coord>-82.693771 34.806503 276.200012</gx:coord>
				<gx:coord>-82.693771 34.806503 276.200012</gx:coord>
				<gx:coord>-82.693771 34.806503 276.200012</gx:coord>
				<gx:coord>-82.693771 34.806503 276.200012</gx:coord>
				<gx:coord>-82.693771 34.806503 276.200012</gx:coord>
				<gx:coord>-82.693771 34.806503 276.200012</gx:coord>
				<gx:coord>-82.693771 34.806503 276.200012</gx:coord>
				<gx:coord>-82.693771 34.806503 276.100006</gx:coord>
				<gx:coord>-82.693771 34.806503 276.100006</gx:coord>
				<gx:coord>-82.693771 34.806503 276.100006</gx:coord>
				<gx:coord>-82.693771 34.806503 276.100006</gx:coord>
				<gx:coord>-82.693771 34.806503 276.100006</gx:coord>
				<gx:coord>-82.693771 34.806503 276.100006</gx:coord>
				<gx:coord>-82.693771 34.806503 276.100006</gx:coord>
				<gx:coord>-82.693771 34.806503 276.200012</gx:coord>
				<gx:coord>-82.693771 34.806503 276.200012</gx:coord>
				<gx:coord>-82.693771 34.806503 276.200012</gx:coord>
				<gx:coord>-82.693771 34.806503 276.200012</gx:coord>
				<gx:coord>-82.693771 34.806503 276.299988</gx:coord>
				<gx:coord>-82.693771 34.806503 276.299988</gx:coord>
				<gx:coord>-82.693771 34.806503 276.399994</gx:coord>
				<gx:coord>-82.693771 34.806503 276.399994</gx:coord>
				<gx:coord>-82.693771 34.806503 276.399994</gx:coord>
				<gx:coord>-82.693771 34.806503 276.500000</gx:coord>
				<gx:coord>-82.693771 34.806503 276.500000</gx:coord>
				<gx:coord>-82.693771 34.806503 276.600006</gx:coord>
				<gx:coord>-82.693771 34.806503 276.600006</gx:coord>
				<gx:coord>-82.693771 34.806503 276.600006</gx:coord>
				<gx:coord>-82.693771 34.806503 276.700012</gx:coord>
				<gx:coord>-82.693771 34.806503 276.700012</gx:coord>
				<gx:coord>-82.693771 34.806507 276.799988</gx:coord>
				<gx:coord>-82.693764 34.806507 276.799988</gx:coord>
				<gx:coord>-82.693764 34.806507 276.899994</gx:coord>
				<gx:coord>-82.693764 34.806507 277.000000</gx:coord>
				<gx:coord>-82.693764 34.806507 277.000000</gx:coord>
				<gx:coord>-82.693764 34.806507 277.100006</gx:coord>
				<gx:coord>-82.693764 34.806507 277.100006</gx:coord>
				<gx:coord>-82.693764 34.806507 277.200012</gx:coord>
				<gx:coord>-82.693764 34.806507 277.200012</gx:coord>
				<gx:coord>-82.693764 34.806507 277.200012</gx:coord>
				<gx:coord>-82.693764 34.806507 277.200012</gx:coord>
				<gx:coord>-82.693764 34.806507 277.200012</gx:coord>
				<gx:coord>-82.693764 34.806507 277.299988</gx:coord>
				<gx:coord>-82.693764 34.806507 277.299988</gx:coord>
				<gx:coord>-82.693764 34.806503 277.299988</gx:coord>
				<gx:coord>-82.693764 34.806503 277.299988</gx:coord>
				<gx:coord>-82.693764 34.806503 277.299988</gx:coord>
				<gx:coord>-82.693764 34.806503 277.399994</gx:coord>
				<gx:coord>-82.693764 34.806503 277.399994</gx:coord>
				<gx:coord>-82.693764 34.806503 277.399994</gx:coord>
				<gx:coord>-82.693764 34.806503 277.500000</gx:coord>
				<gx:coord>-82.693764 34.806503 277.500000</gx:coord>
				<gx:coord>-82.693764 34.806503 277.500000</gx:coord>
				<gx:coord>-82.693764 34.806503 277.500000</gx:coord>
				<gx:coord>-82.693764 34.806503 277.600006</gx:coord>
				<gx:coord>-82.693764 34.806503 277.600006</gx:coord>
				<gx:coord>-82.693764 34.806503 277.600006</gx:coord>
				<gx:coord>-82.693764 34.806503 277.600006</gx:coord>
				<gx:coord>-82.693764 34.806503 277.700012</gx:coord>
				<gx:coord>-82.693764 34.806503 277.700012</gx:coord>
				<gx:coord>-82.693764 34.806503 277.700012</gx:coord>
				<gx:coord>-82.693764 34.806503 277.700012</gx:coord>
				<gx:coord>-82.693764 34.806503 277.799988</gx:coord>
				<gx:coord>-82.693764 34.806503 277.799988</gx:coord>
				<gx:coord>-82.693764 34.806503 277.799988</gx:coord>
				<gx:coord>-82.693764 34.806503 277.799988</gx:coord>
				<gx:coord>-82.693764 34.806503 277.799988</gx:coord>
				<gx:coord>-82.693764 34.806503 277.899994</gx:coord>
				<gx:coord>-82.693764 34.806503 277.899994</gx:coord>
				<gx:coord>-82.693764 34.806503 277.899994</gx:coord>
				<gx:coord>-82.693764 34.806503 277.899994</gx:coord>
				<gx:coord>-82.693764 34.806503 278.000000</gx:coord>
				<gx:coord>-82.693764 34.806503 278.000000</gx:coord>
				<gx:coord>-82.693771 34.806503 278.000000</gx:coord>
				<gx:coord>-82.693771 34.806503 278.000000</gx:coord>
				<gx:coord>-82.693764 34.806503 278.100006</gx:coord>
				<gx:coord>-82.693771 34.806503 278.100006</gx:coord>
				<gx:coord>-82.693764 34.806503 278.100006</gx:coord>
				<gx:coord>-82.693771 34.806503 278.100006</gx:coord>
				<gx:coord>-82.693771 34.806503 278.100006</gx:coord>
				<gx:coord>-82.693771 34.806503 278.100006</gx:coord>
				<gx:coord>-82.693771 34.806503 278.100006</gx:coord>
				<gx:coord>-82.693771 34.806503 278.100006</gx:coord>
				<gx:coord>-82.693771 34.806503 278.100006</gx:coord>
				<gx:coord>-82.693771 34.806503 278.100006</gx:coord>
				<gx:coord>-82.693771 34.806503 278.200012</gx:coord>
				<gx:coord>-82.693771 34.806503 278.200012</gx:coord>
				<gx:coord>-82.693771 34.806503 278.200012</gx:coord>
				<gx:coord>-82.693771 34.806503 278.200012</gx:coord>
				<gx:coord>-82.693771 34.806503 278.200012</gx:coord>
				<gx:coord>-82.693771 34.806503 278.200012</gx:coord>
				<gx:coord>-82.693771 34.806503 278.200012</gx:coord>
				<gx:coord>-82.693771 34.806503 278.200012</gx:coord>
				<gx:coord>-82.693771 34.806503 278.200012</gx:coord>
				<gx:coord>-82.693771 34.806503 278.200012</gx:coord>
				<gx:coord>-82.693771 34.806503 278.200012</gx:coord>
				<gx:coord>-82.693771 34.806503 278.200012</gx:coord>
				<gx:coord>-82.693771 34.806503 278.100006</gx:coord>
				<gx:coord>-82.693771 34.806503 278.100006</gx:coord>
				<gx:coord>-82.693771 34.806503 278.000000</gx:coord>
				<gx:coord>-82.693771 34.806503 278.000000</gx:coord>
				<gx:coord>-82.693771 34.806503 278.000000</gx:coord>
				<gx:coord>-82.693771 34.806503 277.899994</gx:coord>
				<gx:coord>-82.693771 34.806503 277.899994</gx:coord>
				<gx:coord>-82.693771 34.806503 277.799988</gx:coord>
				<gx:coord>-82.693771 34.806503 277.799988</gx:coord>
				<gx:coord>-82.693771 34.806503 277.700012</gx:coord>
				<gx:coord>-82.693771 34.806503 277.700012</gx:coord>
				<gx:coord>-82.693771 34.806503 277.700012</gx:coord>
				<gx:coord>-82.693771 34.806503 277.600006</gx:coord>
				<gx:coord>-82.693771 34.806503 277.600006</gx:coord>
				<gx:coord>-82.693771 34.806503 277.600006</gx:coord>
				<gx:coord>-82.693771 34.806503 277.500000</gx:coord>
				<gx:coord>-82.693771 34.806503 277.500000</gx:coord>
				<gx:coord>-82.693771 34.806503 277.500000</gx:coord>
				<gx:coord>-82.693771 34.806503 277.500000</gx:coord>
				<gx:coord>-82.693771 34.806503 277.500000</gx:coord>
				<gx:coord>-82.693771 34.806503 277.500000</gx:coord>
				<gx:coord>-82.693771 34.806503 277.399994</gx:coord>
				<gx:coord>-82.693771 34.806503 277.399994</gx:coord>
				<gx:coord>-82.693771 34.806503 277.399994</gx:coord>
				<gx:coord>-82.693771 34.806503 277.299988</gx:coord>
				<gx:coord>-82.693771 34.806503 277.299988</gx:coord>
				<gx:coord>-82.693779 34.806503 277.299988</gx:coord>
				<gx:coord>-82.693779 34.806503 277.200012</gx:coord>
				<gx:coord>-82.693779 34.806503 277.200012</gx:coord>
				<gx:coord>-82.693779 34.806503 277.200012</gx:coord>
				<gx:coord>-82.693771 34.806503 277.299988</gx:coord>
				<gx:coord>-82.693771 34.806503 277.299988</gx:coord>
				<gx:coord>-82.693771 34.806503 277.299988</gx:coord>
				<gx:coord>-82.693771 34.806503 277.299988</gx:coord>
				<gx:coord>-82.693771 34.806503 277.200012</gx:coord>
				<gx:coord>-82.693771 34.806507 277.200012</gx:coord>
				<gx:coord>-82.693771 34.806507 277.200012</gx:coord>
				<gx:coord>-82.693771 34.806507 277.200012</gx:coord>
				<gx:coord>-82.693771 34.806507 277.200012</gx:coord>
				<gx:coord>-82.693771 34.806507 277.200012</gx:coord>
				<gx:coord>-82.693771 34.806507 277.200012</gx:coord>
				<gx:coord>-82.693771 34.806507 277.299988</gx:coord>
				<gx:coord>-82.693771 34.806507 277.299988</gx:coord>
				<gx:coord>-82.693771 34.806507 277.299988</gx:coord>
				<gx:coord>-82.693771 34.806507 277.299988</gx:coord>
				<gx:coord>-82.693771 34.806507 277.299988</gx:coord>
				<gx:coord>-82.693771 34.806507 277.299988</gx:coord>
				<gx:coord>-82.693771 34.806507 277.299988</gx:coord>
				<gx:coord>-82.693771 34.806507 277.299988</gx:coord>
				<gx:coord>-82.693771 34.806507 277.299988</gx:coord>
				<gx:coord>-82.693771 34.806507 277.299988</gx:coord>
				<gx:coord>-82.693771 34.806507 277.299988</gx:coord>
				<gx:coord>-82.693771 34.806507 277.299988</gx:coord>
				<gx:coord>-82.693771 34.806507 277.299988</gx:coord>
				<gx:coord>-82.693771 34.806507 277.200012</gx:coord>
				<gx:coord>-82.693771 34.806507 277.200012</gx:coord>
				<gx:coord>-82.693771 34.806507 277.200012</gx:coord>
				<gx:coord>-82.693771 34.806507 277.100006</gx:coord>
				<gx:coord>-82.693771 34.806507 277.100006</gx:coord>
				<gx:coord>-82.693771 34.806507 277.000000</gx:coord>
				<gx:coord>-82.693779 34.806507 277.000000</gx:coord>
				<gx:coord>-82.693771 34.806507 277.000000</gx:coord>
				<gx:coord>-82.693779 34.806507 277.000000</gx:coord>
				<gx:coord>-82.693779 34.806511 276.899994</gx:coord>
				<gx:coord>-82.693779 34.806511 276.899994</gx:coord>
				<gx:coord>-82.693779 34.806511 276.799988</gx:coord>
				<gx:coord>-82.693779 34.806511 276.799988</gx:coord>
				<gx:coord>-82.693779 34.806511 276.799988</gx:coord>
				<gx:coord>-82.693779 34.806511 276.700012</gx:coord>
				<gx:coord>-82.693779 34.806511 276.799988</gx:coord>
				<gx:coord>-82.693771 34.806511 276.799988</gx:coord>
				<gx:coord>-82.693771 34.806511 276.799988</gx:coord>
				<gx:coord>-82.693771 34.806511 276.799988</gx:coord>
				<gx:coord>-82.693771 34.806511 276.799988</gx:coord>
				<gx:coord>-82.693771 34.806511 276.799988</gx:coord>
				<gx:coord>-82.693771 34.806511 276.799988</gx:coord>
				<gx:coord>-82.693771 34.806511 276.799988</gx:coord>
				<gx:coord>-82.693771 34.806511 276.799988</gx:coord>
				<gx:coord>-82.693771 34.806511 276.799988</gx:coord>
				<gx:coord>-82.693771 34.806515 276.799988</gx:coord>
				<gx:coord>-82.693771 34.806515 276.899994</gx:coord>
				<gx:coord>-82.693771 34.806515 276.899994</gx:coord>
				<gx:coord>-82.693771 34.806515 277.000000</gx:coord>
				<gx:coord>-82.693771 34.806515 277.000000</gx:coord>
				<gx:coord>-82.693771 34.806515 277.000000</gx:coord>
				<gx:coord>-82.693771 34.806515 277.100006</gx:coord>
				<gx:coord>-82.693771 34.806515 277.100006</gx:coord>
				<gx:coord>-82.693771 34.806515 277.100006</gx:coord>
				<gx:coord>-82.693771 34.806515 277.100006</gx:coord>
				<gx:coord>-82.693771 34.806515 277.000000</gx:coord>
				<gx:coord>-82.693771 34.806515 277.000000</gx:coord>
				<gx:coord>-82.693771 34.806515 277.000000</gx:coord>
				<gx:coord>-82.693771 34.806515 277.000000</gx:coord>
				<gx:coord>-82.693771 34.806515 277.000000</gx:coord>
				<gx:coord>-82.693771 34.806515 277.000000</gx:coord>
				<gx:coord>-82.693771 34.806515 277.000000</gx:coord>
				<gx:coord>-82.693771 34.806515 277.000000</gx:coord>
				<gx:coord>-82.693771 34.806515 277.000000</gx:coord>
				<gx:coord>-82.693771 34.806515 277.000000</gx:coord>
				<gx:coord>-82.693771 34.806515 277.000000</gx:coord>
				<gx:coord>-82.693771 34.806515 277.000000</gx:coord>
				<gx:coord>-82.693771 34.806515 277.000000</gx:coord>
				<gx:coord>-82.693771 34.806515 277.000000</gx:coord>
				<gx:coord>-82.693771 34.806515 277.000000</gx:coord>
				<gx:coord>-82.693771 34.806515 277.000000</gx:coord>
				<gx:coord>-82.693771 34.806515 277.000000</gx:coord>
				<gx:coord>-82.693771 34.806515 277.000000</gx:coord>
				<gx:coord>-82.693771 34.806515 277.000000</gx:coord>
				<gx:coord>-82.693771 34.806515 277.000000</gx:coord>
				<gx:coord>-82.693771 34.806515 277.000000</gx:coord>
				<gx:coord>-82.693771 34.806515 277.000000</gx:coord>
				<gx:coord>-82.693771 34.806515 277.000000</gx:coord>
				<gx:coord>-82.693771 34.806515 277.000000</gx:coord>
				<gx:coord>-82.693771 34.806519 277.000000</gx:coord>
				<gx:coord>-82.693771 34.806519 277.000000</gx:coord>
				<gx:coord>-82.693771 34.806519 277.000000</gx:coord>
				<gx:coord>-82.693771 34.806519 277.000000</gx:coord>
				<gx:coord>-82.693771 34.806519 277.000000</gx:coord>
				<gx:coord>-82.693771 34.806519 277.000000</gx:coord>
				<gx:coord>-82.693771 34.806519 277.000000</gx:coord>
				<gx:coord>-82.693771 34.806519 277.100006</gx:coord>
				<gx:coord>-82.693771 34.806519 277.100006</gx:coord>
				<gx:coord>-82.693771 34.806519 277.100006</gx:coord>
				<gx:coord>-82.693771 34.806519 277.100006</gx:coord>
				<gx:coord>-82.693771 34.806519 277.100006</gx:coord>
				<gx:coord>-82.693771 34.806519 277.100006</gx:coord>
				<gx:coord>-82.693771 34.806519 277.100006</gx:coord>
				<gx:coord>-82.693771 34.806519 277.100006</gx:coord>
				<gx:coord>-82.693771 34.806519 277.100006</gx:coord>
				<gx:coord>-82.693771 34.806519 277.100006</gx:coord>
				<gx:coord>-82.693771 34.806519 277.200012</gx:coord>
				<gx:coord>-82.693771 34.806519 277.200012</gx:coord>
				<gx:coord>-82.693771 34.806519 277.200012</gx:coord>
				<gx:coord>-82.693771 34.806519 277.200012</gx:coord>
				<gx:coord>-82.693779 34.806519 277.200012</gx:coord>
				<gx:coord>-82.693779 34.806519 277.100006</gx:coord>
				<gx:coord>-82.693779 34.806519 277.100006</gx:coord>
				<gx:coord>-82.693779 34.806519 277.100006</gx:coord>
				<gx:coord>-82.693779 34.806519 277.100006</gx:coord>
				<gx:coord>-82.693779 34.806519 277.000000</gx:coord>
				<gx:coord>-82.693779 34.806519 277.000000</gx:coord>
				<gx:coord>-82.693779 34.806519 277.000000</gx:coord>
				<gx:coord>-82.693779 34.806519 276.899994</gx:coord>
				<gx:coord>-82.693779 34.806519 276.899994</gx:coord>
				<gx:coord>-82.693779 34.806519 276.899994</gx:coord>
				<gx:coord>-82.693779 34.806519 276.799988</gx:coord>
				<gx:coord>-82.693779 34.806519 276.799988</gx:coord>
				<gx:coord>-82.693779 34.806519 276.799988</gx:coord>
				<gx:coord>-82.693779 34.806519 276.799988</gx:coord>
				<gx:coord>-82.693779 34.806519 276.700012</gx:coord>
				<gx:coord>-82.693779 34.806519 276.700012</gx:coord>
				<gx:coord>-82.693779 34.806519 276.700012</gx:coord>
				<gx:coord>-82.693779 34.806519 276.700012</gx:coord>
				<gx:coord>-82.693779 34.806519 276.600006</gx:coord>
				<gx:coord>-82.693779 34.806519 276.600006</gx:coord>
				<gx:coord>-82.693779 34.806519 276.600006</gx:coord>
				<gx:coord>-82.693779 34.806519 276.500000</gx:coord>
				<gx:coord>-82.693779 34.806519 276.500000</gx:coord>
				<gx:coord>-82.693779 34.806519 276.500000</gx:coord>
				<gx:coord>-82.693779 34.806519 276.500000</gx:coord>
				<gx:coord>-82.693779 34.806519 276.500000</gx:coord>
				<gx:coord>-82.693779 34.806519 276.399994</gx:coord>
				<gx:coord>-82.693779 34.806519 276.399994</gx:coord>
				<gx:coord>-82.693779 34.806519 276.399994</gx:coord>
				<gx:coord>-82.693779 34.806519 276.399994</gx:coord>
				<gx:coord>-82.693779 34.806519 276.399994</gx:coord>
				<gx:coord>-82.693779 34.806519 276.399994</gx:coord>
				<gx:coord>-82.693779 34.806519 276.399994</gx:coord>
				<gx:coord>-82.693779 34.806519 276.299988</gx:coord>
				<gx:coord>-82.693779 34.806522 276.299988</gx:coord>
				<gx:coord>-82.693779 34.806519 276.299988</gx:coord>
				<gx:coord>-82.693779 34.806519 276.299988</gx:coord>
				<gx:coord>-82.693779 34.806519 276.299988</gx:coord>
				<gx:coord>-82.693779 34.806519 276.299988</gx:coord>
				<gx:coord>-82.693779 34.806519 276.200012</gx:coord>
				<gx:coord>-82.693779 34.806522 276.200012</gx:coord>
				<gx:coord>-82.693787 34.806522 276.200012</gx:coord>
				<gx:coord>-82.693787 34.806522 276.200012</gx:coord>
				<gx:coord>-82.693787 34.806522 276.100006</gx:coord>
				<gx:coord>-82.693787 34.806522 276.100006</gx:coord>
				<gx:coord>-82.693787 34.806522 276.200012</gx:coord>
				<gx:coord>-82.693787 34.806522 276.200012</gx:coord>
				<gx:coord>-82.693787 34.806522 276.100006</gx:coord>
				<gx:coord>-82.693787 34.806522 276.100006</gx:coord>
				<gx:coord>-82.693787 34.806522 276.100006</gx:coord>
				<gx:coord>-82.693787 34.806522 276.000000</gx:coord>
				<gx:coord>-82.693787 34.806522 276.000000</gx:coord>
				<gx:coord>-82.693787 34.806522 276.000000</gx:coord>
				<gx:coord>-82.693787 34.806522 276.000000</gx:coord>
				<gx:coord>-82.693787 34.806522 276.000000</gx:coord>
				<gx:coord>-82.693787 34.806522 276.000000</gx:coord>
				<gx:coord>-82.693787 34.806522 276.000000</gx:coord>
				<gx:coord>-82.693787 34.806522 276.000000</gx:coord>
				<gx:coord>-82.693787 34.806519 276.000000</gx:coord>
				<gx:coord>-82.693787 34.806519 276.000000</gx:coord>
				<gx:coord>-82.693787 34.806519 276.000000</gx:coord>
				<gx:coord>-82.693787 34.806519 276.000000</gx:coord>
				<gx:coord>-82.693787 34.806519 276.100006</gx:coord>
				<gx:coord>-82.693787 34.806519 276.100006</gx:coord>
				<gx:coord>-82.693787 34.806519 276.100006</gx:coord>
				<gx:coord>-82.693787 34.806519 276.200012</gx:coord>
				<gx:coord>-82.693787 34.806519 276.200012</gx:coord>
				<gx:coord>-82.693787 34.806519 276.200012</gx:coord>
				<gx:coord>-82.693787 34.806519 276.299988</gx:coord>
				<gx:coord>-82.693787 34.806519 276.299988</gx:coord>
				<gx:coord>-82.693787 34.806519 276.299988</gx:coord>
				<gx:coord>-82.693787 34.806519 276.399994</gx:coord>
				<gx:coord>-82.693787 34.806519 276.399994</gx:coord>
				<gx:coord>-82.693787 34.806519 276.500000</gx:coord>
				<gx:coord>-82.693787 34.806519 276.600006</gx:coord>
				<gx:coord>-82.693787 34.806519 276.600006</gx:coord>
				<gx:coord>-82.693787 34.806519 276.700012</gx:coord>
				<gx:coord>-82.693787 34.806519 276.700012</gx:coord>
				<gx:coord>-82.693787 34.806519 276.799988</gx:coord>
				<gx:coord>-82.693779 34.806519 276.799988</gx:coord>
				<gx:coord>-82.693779 34.806519 276.799988</gx:coord>
				<gx:coord>-82.693779 34.806519 276.899994</gx:coord>
				<gx:coord>-82.693779 34.806515 276.899994</gx:coord>
				<gx:coord>-82.693779 34.806515 276.899994</gx:coord>
				<gx:coord>-82.693779 34.806515 277.000000</gx:coord>
				<gx:coord>-82.693779 34.806515 277.000000</gx:coord>
				<gx:coord>-82.693779 34.806515 277.100006</gx:coord>
				<gx:coord>-82.693779 34.806515 277.100006</gx:coord>
				<gx:coord>-82.693779 34.806515 277.100006</gx:coord>
				<gx:coord>-82.693779 34.806515 277.100006</gx:coord>
				<gx:coord>-82.693779 34.806515 277.200012</gx:coord>
				<gx:coord>-82.693779 34.806515 277.200012</gx:coord>
				<gx:coord>-82.693779 34.806515 277.200012</gx:coord>
				<gx:coord>-82.693779 34.806515 277.200012</gx:coord>
				<gx:coord>-82.693779 34.806515 277.200012</gx:coord>
				<gx:coord>-82.693779 34.806515 277.200012</gx:coord>
				<gx:coord>-82.693779 34.806515 277.299988</gx:coord>
				<gx:coord>-82.693779 34.806515 277.299988</gx:coord>
				<gx:coord>-82.693779 34.806515 277.399994</gx:coord>
				<gx:coord>-82.693779 34.806515 277.500000</gx:coord>
				<gx:coord>-82.693779 34.806515 277.500000</gx:coord>
				<gx:coord>-82.693779 34.806515 277.500000</gx:coord>
				<gx:coord>-82.693779 34.806515 277.600006</gx:coord>
				<gx:coord>-82.693779 34.806515 277.500000</gx:coord>
				<gx:coord>-82.693779 34.806515 277.600006</gx:coord>
				<gx:coord>-82.693779 34.806515 277.600006</gx:coord>
				<gx:coord>-82.693779 34.806515 277.600006</gx:coord>
				<gx:coord>-82.693779 34.806515 277.600006</gx:coord>
				<gx:coord>-82.693779 34.806515 277.700012</gx:coord>
				<gx:coord>-82.693779 34.806515 277.700012</gx:coord>
				<gx:coord>-82.693779 34.806515 277.700012</gx:coord>
				<gx:coord>-82.693779 34.806515 277.799988</gx:coord>
				<gx:coord>-82.693779 34.806515 277.799988</gx:coord>
				<gx:coord>-82.693779 34.806515 277.799988</gx:coord>
				<gx:coord>-82.693779 34.806515 277.799988</gx:coord>
				<gx:coord>-82.693779 34.806515 277.799988</gx:coord>
				<gx:coord>-82.693779 34.806515 277.899994</gx:coord>
				<gx:coord>-82.693779 34.806515 277.899994</gx:coord>
				<gx:coord>-82.693779 34.806515 278.000000</gx:coord>
				<gx:coord>-82.693779 34.806515 278.000000</gx:coord>
				<gx:coord>-82.693779 34.806515 278.100006</gx:coord>
				<gx:coord>-82.693779 34.806515 278.100006</gx:coord>
				<gx:coord>-82.693779 34.806515 278.200012</gx:coord>
				<gx:coord>-82.693779 34.806515 278.200012</gx:coord>
				<gx:coord>-82.693779 34.806515 278.200012</gx:coord>
				<gx:coord>-82.693779 34.806511 278.299988</gx:coord>
				<gx:coord>-82.693779 34.806511 278.299988</gx:coord>
				<gx:coord>-82.693779 34.806511 278.399994</gx:coord>
				<gx:coord>-82.693779 34.806511 278.399994</gx:coord>
				<gx:coord>-82.693779 34.806511 278.500000</gx:coord>
				<gx:coord>-82.693779 34.806511 278.500000</gx:coord>
				<gx:coord>-82.693779 34.806511 278.500000</gx:coord>
				<gx:coord>-82.693779 34.806511 278.600006</gx:coord>
				<gx:coord>-82.693779 34.806511 278.600006</gx:coord>
				<gx:coord>-82.693779 34.806511 278.600006</gx:coord>
				<gx:coord>-82.693779 34.806511 278.700012</gx:coord>
				<gx:coord>-82.693779 34.806511 278.700012</gx:coord>
				<gx:coord>-82.693779 34.806511 278.799988</gx:coord>
				<gx:coord>-82.693771 34.806511 278.899994</gx:coord>
				<gx:coord>-82.693771 34.806511 278.899994</gx:coord>
				<gx:coord>-82.693771 34.806511 279.000000</gx:coord>
				<gx:coord>-82.693771 34.806511 279.100006</gx:coord>
				<gx:coord>-82.693771 34.806511 279.100006</gx:coord>
				<gx:coord>-82.693771 34.806511 279.200012</gx:coord>
				<gx:coord>-82.693771 34.806511 279.299988</gx:coord>
				<gx:coord>-82.693771 34.806511 279.399994</gx:coord>
				<gx:coord>-82.693771 34.806511 279.399994</gx:coord>
				<gx:coord>-82.693771 34.806511 279.500000</gx:coord>
				<gx:coord>-82.693771 34.806511 279.500000</gx:coord>
				<gx:coord>-82.693771 34.806511 279.500000</gx:coord>
				<gx:coord>-82.693771 34.806507 279.500000</gx:coord>
				<gx:coord>-82.693771 34.806507 279.500000</gx:coord>
				<gx:coord>-82.693771 34.806507 279.500000</gx:coord>
				<gx:coord>-82.693771 34.806507 279.500000</gx:coord>
				<gx:coord>-82.693771 34.806507 279.600006</gx:coord>
				<gx:coord>-82.693771 34.806507 279.600006</gx:coord>
				<gx:coord>-82.693771 34.806507 279.600006</gx:coord>
				<gx:coord>-82.693779 34.806507 279.500000</gx:coord>
				<gx:coord>-82.693779 34.806507 279.500000</gx:coord>
				<gx:coord>-82.693779 34.806507 279.500000</gx:coord>
				<gx:coord>-82.693779 34.806507 279.500000</gx:coord>
				<gx:coord>-82.693779 34.806507 279.600006</gx:coord>
				<gx:coord>-82.693779 34.806507 279.600006</gx:coord>
				<gx:coord>-82.693779 34.806507 279.600006</gx:coord>
				<gx:coord>-82.693779 34.806507 279.600006</gx:coord>
				<gx:coord>-82.693779 34.806507 279.600006</gx:coord>
				<gx:coord>-82.693779 34.806507 279.600006</gx:coord>
				<gx:coord>-82.693779 34.806503 279.600006</gx:coord>
				<gx:coord>-82.693779 34.806503 279.700012</gx:coord>
				<gx:coord>-82.693779 34.806503 279.700012</gx:coord>
				<gx:coord>-82.693779 34.806503 279.700012</gx:coord>
				<gx:coord>-82.693779 34.806503 279.799988</gx:coord>
				<gx:coord>-82.693779 34.806503 279.799988</gx:coord>
				<gx:coord>-82.693779 34.806503 279.899994</gx:coord>
				<gx:coord>-82.693779 34.806503 279.899994</gx:coord>
				<gx:coord>-82.693779 34.806503 280.000000</gx:coord>
				<gx:coord>-82.693779 34.806499 280.200012</gx:coord>
				<gx:coord>-82.693779 34.806499 280.200012</gx:coord>
				<gx:coord>-82.693779 34.806499 280.200012</gx:coord>
				<gx:coord>-82.693779 34.806499 280.299988</gx:coord>
				<gx:coord>-82.693779 34.806499 280.299988</gx:coord>
				<gx:coord>-82.693779 34.806499 280.200012</gx:coord>
				<gx:coord>-82.693779 34.806499 280.299988</gx:coord>
				<gx:coord>-82.693779 34.806499 280.299988</gx:coord>
				<gx:coord>-82.693779 34.806499 280.299988</gx:coord>
				<gx:coord>-82.693779 34.806499 280.399994</gx:coord>
				<gx:coord>-82.693779 34.806499 280.299988</gx:coord>
				<gx:coord>-82.693779 34.806499 280.299988</gx:coord>
				<gx:coord>-82.693779 34.806499 280.399994</gx:coord>
				<gx:coord>-82.693779 34.806499 280.299988</gx:coord>
				<gx:coord>-82.693787 34.806499 280.299988</gx:coord>
				<gx:coord>-82.693787 34.806499 280.299988</gx:coord>
				<gx:coord>-82.693787 34.806499 280.299988</gx:coord>
				<gx:coord>-82.693787 34.806499 280.399994</gx:coord>
				<gx:coord>-82.693787 34.806499 280.299988</gx:coord>
				<gx:coord>-82.693787 34.806496 281.100006</gx:coord>
				<gx:coord>-82.693787 34.806492 281.299988</gx:coord>
				<gx:coord>-82.693787 34.806488 281.500000</gx:coord>
				<gx:coord>-82.693779 34.806477 281.799988</gx:coord>
				<gx:coord>-82.693779 34.806473 281.799988</gx:coord>
				<gx:coord>-82.693779 34.806469 281.600006</gx:coord>
				<gx:coord>-82.693779 34.806461 281.299988</gx:coord>
				<gx:coord>-82.693779 34.806461 281.799988</gx:coord>
				<gx:coord>-82.693779 34.806458 282.200012</gx:coord>
				<gx:coord>-82.693771 34.806450 281.799988</gx:coord>
				<gx:coord>-82.693779 34.806446 281.700012</gx:coord>
				<gx:coord>-82.693779 34.806442 281.600006</gx:coord>
				<gx:coord>-82.693779 34.806442 281.600006</gx:coord>
				<gx:coord>-82.693779 34.806438 281.600006</gx:coord>
				<gx:coord>-82.693779 34.806435 281.700012</gx:coord>
				<gx:coord>-82.693779 34.806435 281.600006</gx:coord>
				<gx:coord>-82.693779 34.806435 281.399994</gx:coord>
				<gx:coord>-82.693787 34.806427 281.700012</gx:coord>
				<gx:coord>-82.693787 34.806423 281.700012</gx:coord>
				<gx:coord>-82.693787 34.806419 281.600006</gx:coord>
				<gx:coord>-82.693787 34.806419 281.799988</gx:coord>
				<gx:coord>-82.693787 34.806419 281.799988</gx:coord>
				<gx:coord>-82.693794 34.806412 281.899994</gx:coord>
				<gx:coord>-82.693794 34.806404 282.500000</gx:coord>
				<gx:coord>-82.693787 34.806404 282.299988</gx:coord>
				<gx:coord>-82.693787 34.806400 282.500000</gx:coord>
				<gx:coord>-82.693787 34.806404 282.700012</gx:coord>
				<gx:coord>-82.693787 34.806396 282.799988</gx:coord>
				<gx:coord>-82.693787 34.806393 282.799988</gx:coord>
				<gx:coord>-82.693779 34.806389 282.899994</gx:coord>
				<gx:coord>-82.693779 34.806385 282.700012</gx:coord>
				<gx:coord>-82.693779 34.806381 282.799988</gx:coord>
				<gx:coord>-82.693779 34.806381 282.899994</gx:coord>
				<gx:coord>-82.693787 34.806381 282.000000</gx:coord>
				<gx:coord>-82.693787 34.806389 281.700012</gx:coord>
				<gx:coord>-82.693787 34.806393 281.600006</gx:coord>
				<gx:coord>-82.693779 34.806389 281.500000</gx:coord>
				<gx:coord>-82.693779 34.806389 281.399994</gx:coord>
				<gx:coord>-82.693787 34.806385 281.299988</gx:coord>
				<gx:coord>-82.693787 34.806381 281.700012</gx:coord>
				<gx:coord>-82.693787 34.806377 281.500000</gx:coord>
				<gx:coord>-82.693787 34.806370 281.299988</gx:coord>
				<gx:coord>-82.693787 34.806366 281.200012</gx:coord>
				<gx:coord>-82.693794 34.806362 281.000000</gx:coord>
				<gx:coord>-82.693794 34.806355 280.700012</gx:coord>
				<gx:coord>-82.693794 34.806351 281.200012</gx:coord>
				<gx:coord>-82.693794 34.806339 281.500000</gx:coord>
				<gx:coord>-82.693794 34.806335 281.000000</gx:coord>
				<gx:coord>-82.693794 34.806332 281.100006</gx:coord>
				<gx:coord>-82.693794 34.806328 281.399994</gx:coord>
				<gx:coord>-82.693794 34.806324 281.399994</gx:coord>
				<gx:coord>-82.693794 34.806320 281.399994</gx:coord>
				<gx:coord>-82.693802 34.806320 281.600006</gx:coord>
				<gx:coord>-82.693794 34.806316 281.600006</gx:coord>
				<gx:coord>-82.693794 34.806324 281.500000</gx:coord>
				<gx:coord>-82.693794 34.806328 281.500000</gx:coord>
				<gx:coord>-82.693794 34.806320 281.600006</gx:coord>
				<gx:coord>-82.693794 34.806324 281.600006</gx:coord>
				<gx:coord>-82.693794 34.806328 281.600006</gx:coord>
				<gx:coord>-82.693794 34.806324 281.600006</gx:coord>
				<gx:coord>-82.693794 34.806316 281.600006</gx:coord>
				<gx:coord>-82.693787 34.806316 281.500000</gx:coord>
				<gx:coord>-82.693779 34.806320 281.500000</gx:coord>
				<gx:coord>-82.693779 34.806316 281.500000</gx:coord>
				<gx:coord>-82.693779 34.806316 281.500000</gx:coord>
				<gx:coord>-82.693787 34.806316 281.399994</gx:coord>
				<gx:coord>-82.693794 34.806305 281.399994</gx:coord>
				<gx:coord>-82.693794 34.806286 281.200012</gx:coord>
				<gx:coord>-82.693794 34.806274 281.399994</gx:coord>
				<gx:coord>-82.693794 34.806263 281.200012</gx:coord>
				<gx:coord>-82.693802 34.806252 280.799988</gx:coord>
				<gx:coord>-82.693810 34.806244 280.600006</gx:coord>
				<gx:coord>-82.693817 34.806236 280.399994</gx:coord>
				<gx:coord>-82.693810 34.806236 280.700012</gx:coord>
				<gx:coord>-82.693817 34.806229 280.899994</gx:coord>
				<gx:coord>-82.693817 34.806221 281.000000</gx:coord>
				<gx:coord>-82.693817 34.806217 280.100006</gx:coord>
				<gx:coord>-82.693810 34.806221 280.000000</gx:coord>
				<gx:coord>-82.693817 34.806221 279.700012</gx:coord>
				<gx:coord>-82.693817 34.806217 279.600006</gx:coord>
				<gx:coord>-82.693817 34.806217 279.500000</gx:coord>
				<gx:coord>-82.693817 34.806213 279.700012</gx:coord>
				<gx:coord>-82.693817 34.806210 279.899994</gx:coord>
				<gx:coord>-82.693810 34.806210 279.799988</gx:coord>
				<gx:coord>-82.693810 34.806198 280.399994</gx:coord>
				<gx:coord>-82.693802 34.806194 280.000000</gx:coord>
				<gx:coord>-82.693802 34.806190 280.000000</gx:coord>
				<gx:coord>-82.693802 34.806187 280.200012</gx:coord>
				<gx:coord>-82.693794 34.806183 280.200012</gx:coord>
				<gx:coord>-82.693802 34.806179 280.299988</gx:coord>
				<gx:coord>-82.693802 34.806171 280.500000</gx:coord>
				<gx:coord>-82.693802 34.806168 280.399994</gx:coord>
				<gx:coord>-82.693810 34.806156 281.000000</gx:coord>
				<gx:coord>-82.693810 34.806145 281.200012</gx:coord>
				<gx:coord>-82.693810 34.806137 281.299988</gx:coord>
				<gx:coord>-82.693810 34.806126 281.600006</gx:coord>
				<gx:coord>-82.693810 34.806122 281.899994</gx:coord>
				<gx:coord>-82.693810 34.806110 281.799988</gx:coord>
				<gx:coord>-82.693810 34.806107 282.000000</gx:coord>
				<gx:coord>-82.693810 34.806099 282.100006</gx:coord>
				<gx:coord>-82.693810 34.806095 281.700012</gx:coord>
				<gx:coord>-82.693810 34.806091 281.500000</gx:coord>
				<gx:coord>-82.693802 34.806091 281.700012</gx:coord>
				<gx:coord>-82.693802 34.806091 281.500000</gx:coord>
				<gx:coord>-82.693802 34.806091 281.299988</gx:coord>
				<gx:coord>-82.693802 34.806091 281.399994</gx:coord>
				<gx:coord>-82.693810 34.806091 281.500000</gx:coord>
				<gx:coord>-82.693802 34.806091 281.500000</gx:coord>
				<gx:coord>-82.693802 34.806099 281.500000</gx:coord>
				<gx:coord>-82.693802 34.806103 281.100006</gx:coord>
				<gx:coord>-82.693802 34.806099 280.899994</gx:coord>
				<gx:coord>-82.693802 34.806099 281.000000</gx:coord>
				<gx:coord>-82.693802 34.806099 281.000000</gx:coord>
				<gx:coord>-82.693810 34.806099 281.299988</gx:coord>
				<gx:coord>-82.693810 34.806099 281.399994</gx:coord>
				<gx:coord>-82.693810 34.806099 281.700012</gx:coord>
				<gx:coord>-82.693810 34.806103 281.700012</gx:coord>
				<gx:coord>-82.693802 34.806103 282.000000</gx:coord>
				<gx:coord>-82.693802 34.806103 282.399994</gx:coord>
				<gx:coord>-82.693802 34.806103 282.299988</gx:coord>
				<gx:coord>-82.693802 34.806103 282.200012</gx:coord>
				<gx:coord>-82.693802 34.806103 282.399994</gx:coord>
				<gx:coord>-82.693802 34.806103 282.399994</gx:coord>
				<gx:coord>-82.693802 34.806107 282.399994</gx:coord>
				<gx:coord>-82.693802 34.806107 282.399994</gx:coord>
				<gx:coord>-82.693794 34.806103 282.399994</gx:coord>
				<gx:coord>-82.693794 34.806103 282.399994</gx:coord>
				<gx:coord>-82.693794 34.806103 282.299988</gx:coord>
				<gx:coord>-82.693794 34.806103 282.299988</gx:coord>
				<gx:coord>-82.693794 34.806103 282.100006</gx:coord>
				<gx:coord>-82.693794 34.806103 282.000000</gx:coord>
				<gx:coord>-82.693794 34.806103 281.899994</gx:coord>
				<gx:coord>-82.693794 34.806103 281.799988</gx:coord>
				<gx:coord>-82.693794 34.806103 281.700012</gx:coord>
				<gx:coord>-82.693794 34.806103 281.600006</gx:coord>
				<gx:coord>-82.693787 34.806099 281.500000</gx:coord>
				<gx:coord>-82.693787 34.806099 281.299988</gx:coord>
				<gx:coord>-82.693787 34.806099 281.299988</gx:coord>
				<gx:coord>-82.693787 34.806099 281.200012</gx:coord>
				<gx:coord>-82.693787 34.806099 281.100006</gx:coord>
				<gx:coord>-82.693787 34.806099 281.000000</gx:coord>
				<gx:coord>-82.693787 34.806099 280.899994</gx:coord>
				<gx:coord>-82.693787 34.806099 280.899994</gx:coord>
				<gx:coord>-82.693787 34.806099 280.799988</gx:coord>
				<gx:coord>-82.693787 34.806099 280.700012</gx:coord>
				<gx:coord>-82.693787 34.806099 280.700012</gx:coord>
				<gx:coord>-82.693787 34.806099 280.600006</gx:coord>
				<gx:coord>-82.693779 34.806099 280.600006</gx:coord>
				<gx:coord>-82.693779 34.806099 280.500000</gx:coord>
				<gx:coord>-82.693779 34.806099 280.399994</gx:coord>
				<gx:coord>-82.693779 34.806099 280.399994</gx:coord>
				<gx:coord>-82.693779 34.806099 280.299988</gx:coord>
				<gx:coord>-82.693779 34.806099 280.299988</gx:coord>
				<gx:coord>-82.693779 34.806099 280.200012</gx:coord>
				<gx:coord>-82.693779 34.806095 280.200012</gx:coord>
				<gx:coord>-82.693779 34.806095 280.200012</gx:coord>
				<gx:coord>-82.693779 34.806095 280.100006</gx:coord>
				<gx:coord>-82.693779 34.806095 280.000000</gx:coord>
				<gx:coord>-82.693779 34.806095 280.000000</gx:coord>
				<gx:coord>-82.693779 34.806095 279.899994</gx:coord>
				<gx:coord>-82.693779 34.806095 279.899994</gx:coord>
				<gx:coord>-82.693779 34.806095 279.799988</gx:coord>
				<gx:coord>-82.693779 34.806095 279.799988</gx:coord>
				<gx:coord>-82.693771 34.806095 279.700012</gx:coord>
				<gx:coord>-82.693771 34.806095 279.700012</gx:coord>
				<gx:coord>-82.693771 34.806095 279.600006</gx:coord>
				<gx:coord>-82.693771 34.806095 279.600006</gx:coord>
				<gx:coord>-82.693771 34.806095 279.500000</gx:coord>
				<gx:coord>-82.693771 34.806095 279.500000</gx:coord>
				<gx:coord>-82.693771 34.806095 279.399994</gx:coord>
				<gx:coord>-82.693771 34.806095 279.399994</gx:coord>
				<gx:coord>-82.693771 34.806095 279.399994</gx:coord>
				<gx:coord>-82.693771 34.806095 279.299988</gx:coord>
				<gx:coord>-82.693771 34.806095 279.299988</gx:coord>
				<gx:coord>-82.693771 34.806095 279.299988</gx:coord>
				<gx:coord>-82.693771 34.806095 279.299988</gx:coord>
				<gx:coord>-82.693771 34.806095 279.200012</gx:coord>
				<gx:coord>-82.693771 34.806095 279.200012</gx:coord>
				<gx:coord>-82.693771 34.806095 279.200012</gx:coord>
				<gx:coord>-82.693771 34.806095 279.200012</gx:coord>
				<gx:coord>-82.693771 34.806095 279.200012</gx:coord>
				<gx:coord>-82.693771 34.806095 279.200012</gx:coord>
				<gx:coord>-82.693771 34.806095 279.100006</gx:coord>
				<gx:coord>-82.693771 34.806095 279.100006</gx:coord>
				<gx:coord>-82.693771 34.806095 279.100006</gx:coord>
				<gx:coord>-82.693771 34.806095 279.100006</gx:coord>
				<gx:coord>-82.693771 34.806095 279.100006</gx:coord>
				<gx:coord>-82.693771 34.806095 279.100006</gx:coord>
				<gx:coord>-82.693771 34.806095 279.100006</gx:coord>
				<gx:coord>-82.693771 34.806095 279.000000</gx:coord>
				<gx:coord>-82.693771 34.806095 279.000000</gx:coord>
				<gx:coord>-82.693771 34.806095 278.899994</gx:coord>
				<gx:coord>-82.693771 34.806095 278.899994</gx:coord>
				<gx:coord>-82.693771 34.806095 278.899994</gx:coord>
				<gx:coord>-82.693771 34.806095 278.799988</gx:coord>
				<gx:coord>-82.693771 34.806095 278.799988</gx:coord>
				<gx:coord>-82.693771 34.806095 278.700012</gx:coord>
				<gx:coord>-82.693771 34.806095 278.700012</gx:coord>
				<gx:coord>-82.693771 34.806095 278.700012</gx:coord>
				<gx:coord>-82.693771 34.806095 278.600006</gx:coord>
				<gx:coord>-82.693764 34.806095 278.600006</gx:coord>
				<gx:coord>-82.693764 34.806095 278.600006</gx:coord>
				<gx:coord>-82.693764 34.806095 278.600006</gx:coord>
				<gx:coord>-82.693764 34.806095 278.600006</gx:coord>
				<gx:coord>-82.693764 34.806095 278.500000</gx:coord>
				<gx:coord>-82.693764 34.806091 278.500000</gx:coord>
				<gx:coord>-82.693764 34.806091 278.500000</gx:coord>
				<gx:coord>-82.693764 34.806091 278.500000</gx:coord>
				<gx:coord>-82.693764 34.806091 278.500000</gx:coord>
				<gx:coord>-82.693764 34.806091 278.500000</gx:coord>
				<gx:coord>-82.693764 34.806091 278.500000</gx:coord>
				<gx:coord>-82.693764 34.806091 278.500000</gx:coord>
				<gx:coord>-82.693764 34.806091 278.500000</gx:coord>
				<gx:coord>-82.693764 34.806091 278.600006</gx:coord>
				<gx:coord>-82.693764 34.806091 278.600006</gx:coord>
				<gx:coord>-82.693764 34.806091 278.600006</gx:coord>
				<gx:coord>-82.693764 34.806091 278.600006</gx:coord>
				<gx:coord>-82.693764 34.806091 278.600006</gx:coord>
				<gx:coord>-82.693764 34.806091 278.600006</gx:coord>
				<gx:coord>-82.693764 34.806091 278.600006</gx:coord>
				<gx:coord>-82.693764 34.806091 278.600006</gx:coord>
				<gx:coord>-82.693764 34.806091 278.700012</gx:coord>
				<gx:coord>-82.693764 34.806091 278.600006</gx:coord>
				<gx:coord>-82.693764 34.806091 278.600006</gx:coord>
				<gx:coord>-82.693764 34.806091 278.600006</gx:coord>
				<gx:coord>-82.693764 34.806091 278.700012</gx:coord>
				<gx:coord>-82.693764 34.806091 278.700012</gx:coord>
				<gx:coord>-82.693764 34.806091 278.799988</gx:coord>
				<gx:coord>-82.693764 34.806091 279.000000</gx:coord>
				<gx:coord>-82.693771 34.806091 279.100006</gx:coord>
				<gx:coord>-82.693771 34.806091 279.299988</gx:coord>
				<gx:coord>-82.693771 34.806091 279.299988</gx:coord>
				<gx:coord>-82.693771 34.806091 279.399994</gx:coord>
				<gx:coord>-82.693771 34.806091 279.600006</gx:coord>
				<gx:coord>-82.693771 34.806091 279.700012</gx:coord>
				<gx:coord>-82.693771 34.806091 279.799988</gx:coord>
				<gx:coord>-82.693771 34.806091 279.899994</gx:coord>
				<gx:coord>-82.693771 34.806091 279.899994</gx:coord>
				<gx:coord>-82.693771 34.806091 280.000000</gx:coord>
				<gx:coord>-82.693771 34.806091 280.100006</gx:coord>
				<gx:coord>-82.693771 34.806091 280.200012</gx:coord>
				<gx:coord>-82.693771 34.806091 280.200012</gx:coord>
				<gx:coord>-82.693771 34.806091 280.299988</gx:coord>
				<gx:coord>-82.693771 34.806091 280.299988</gx:coord>
				<gx:coord>-82.693771 34.806091 280.399994</gx:coord>
				<gx:coord>-82.693771 34.806091 280.299988</gx:coord>
				<gx:coord>-82.693771 34.806091 280.200012</gx:coord>
				<gx:coord>-82.693771 34.806091 280.200012</gx:coord>
				<gx:coord>-82.693771 34.806091 280.100006</gx:coord>
				<gx:coord>-82.693771 34.806091 279.899994</gx:coord>
				<gx:coord>-82.693771 34.806091 279.700012</gx:coord>
				<gx:coord>-82.693771 34.806091 279.500000</gx:coord>
				<gx:coord>-82.693771 34.806091 279.399994</gx:coord>
				<gx:coord>-82.693771 34.806091 279.299988</gx:coord>
				<gx:coord>-82.693764 34.806091 279.200012</gx:coord>
				<gx:coord>-82.693764 34.806087 279.100006</gx:coord>
				<gx:coord>-82.693764 34.806087 279.000000</gx:coord>
				<gx:coord>-82.693764 34.806087 278.899994</gx:coord>
				<gx:coord>-82.693764 34.806087 278.799988</gx:coord>
				<gx:coord>-82.693764 34.806087 278.700012</gx:coord>
				<gx:coord>-82.693764 34.806087 278.700012</gx:coord>
				<gx:coord>-82.693764 34.806087 278.600006</gx:coord>
				<gx:coord>-82.693764 34.806087 278.500000</gx:coord>
				<gx:coord>-82.693764 34.806087 278.500000</gx:coord>
				<gx:coord>-82.693764 34.806087 278.500000</gx:coord>
				<gx:coord>-82.693764 34.806087 278.399994</gx:coord>
				<gx:coord>-82.693764 34.806087 278.399994</gx:coord>
				<gx:coord>-82.693764 34.806087 278.299988</gx:coord>
				<gx:coord>-82.693764 34.806087 278.200012</gx:coord>
				<gx:coord>-82.693764 34.806087 278.200012</gx:coord>
				<gx:coord>-82.693764 34.806087 278.200012</gx:coord>
				<gx:coord>-82.693764 34.806087 278.100006</gx:coord>
				<gx:coord>-82.693764 34.806087 278.100006</gx:coord>
				<gx:coord>-82.693764 34.806087 278.000000</gx:coord>
				<gx:coord>-82.693764 34.806087 278.000000</gx:coord>
				<gx:coord>-82.693764 34.806087 278.000000</gx:coord>
				<gx:coord>-82.693764 34.806084 277.899994</gx:coord>
				<gx:coord>-82.693764 34.806084 277.899994</gx:coord>
				<gx:coord>-82.693764 34.806084 277.899994</gx:coord>
				<gx:coord>-82.693764 34.806084 277.899994</gx:coord>
				<gx:coord>-82.693764 34.806084 277.899994</gx:coord>
				<gx:coord>-82.693764 34.806084 277.899994</gx:coord>
				<gx:coord>-82.693764 34.806084 277.899994</gx:coord>
				<gx:coord>-82.693764 34.806084 277.899994</gx:coord>
				<gx:coord>-82.693764 34.806084 277.899994</gx:coord>
				<gx:coord>-82.693764 34.806084 278.000000</gx:coord>
				<gx:coord>-82.693764 34.806084 278.000000</gx:coord>
				<gx:coord>-82.693764 34.806084 278.000000</gx:coord>
				<gx:coord>-82.693764 34.806084 278.000000</gx:coord>
				<gx:coord>-82.693764 34.806084 278.000000</gx:coord>
				<gx:coord>-82.693764 34.806084 278.000000</gx:coord>
				<gx:coord>-82.693764 34.806084 278.100006</gx:coord>
				<gx:coord>-82.693764 34.806084 278.100006</gx:coord>
				<gx:coord>-82.693764 34.806084 278.100006</gx:coord>
				<gx:coord>-82.693764 34.806084 278.100006</gx:coord>
				<gx:coord>-82.693764 34.806084 278.200012</gx:coord>
				<gx:coord>-82.693764 34.806084 278.200012</gx:coord>
				<gx:coord>-82.693764 34.806084 278.299988</gx:coord>
				<gx:coord>-82.693764 34.806084 278.299988</gx:coord>
				<gx:coord>-82.693764 34.806084 278.399994</gx:coord>
				<gx:coord>-82.693764 34.806084 278.500000</gx:coord>
				<gx:coord>-82.693764 34.806084 278.600006</gx:coord>
				<gx:coord>-82.693764 34.806084 278.600006</gx:coord>
				<gx:coord>-82.693764 34.806084 278.700012</gx:coord>
				<gx:coord>-82.693764 34.806084 278.799988</gx:coord>
				<gx:coord>-82.693764 34.806084 278.899994</gx:coord>
				<gx:coord>-82.693764 34.806084 278.899994</gx:coord>
				<gx:coord>-82.693764 34.806084 278.799988</gx:coord>
				<gx:coord>-82.693764 34.806084 278.799988</gx:coord>
				<gx:coord>-82.693764 34.806084 278.799988</gx:coord>
				<gx:coord>-82.693764 34.806084 278.799988</gx:coord>
				<gx:coord>-82.693764 34.806084 278.799988</gx:coord>
				<gx:coord>-82.693764 34.806084 278.799988</gx:coord>
				<gx:coord>-82.693764 34.806084 278.799988</gx:coord>
				<gx:coord>-82.693764 34.806084 278.799988</gx:coord>
				<gx:coord>-82.693771 34.806084 278.799988</gx:coord>
				<gx:coord>-82.693771 34.806084 278.799988</gx:coord>
				<gx:coord>-82.693771 34.806084 278.899994</gx:coord>
				<gx:coord>-82.693771 34.806084 278.899994</gx:coord>
				<gx:coord>-82.693771 34.806084 278.899994</gx:coord>
				<gx:coord>-82.693771 34.806084 278.899994</gx:coord>
				<gx:coord>-82.693771 34.806084 278.899994</gx:coord>
				<gx:coord>-82.693771 34.806084 278.899994</gx:coord>
				<gx:coord>-82.693771 34.806084 278.899994</gx:coord>
				<gx:coord>-82.693771 34.806084 279.000000</gx:coord>
				<gx:coord>-82.693771 34.806084 279.000000</gx:coord>
				<gx:coord>-82.693771 34.806080 279.100006</gx:coord>
				<gx:coord>-82.693771 34.806084 279.200012</gx:coord>
				<gx:coord>-82.693771 34.806084 279.200012</gx:coord>
				<gx:coord>-82.693771 34.806084 279.200012</gx:coord>
				<gx:coord>-82.693779 34.806084 279.200012</gx:coord>
				<gx:coord>-82.693779 34.806084 279.200012</gx:coord>
				<gx:coord>-82.693779 34.806084 279.200012</gx:coord>
				<gx:coord>-82.693779 34.806084 279.200012</gx:coord>
				<gx:coord>-82.693779 34.806084 279.200012</gx:coord>
				<gx:coord>-82.693779 34.806084 279.100006</gx:coord>
				<gx:coord>-82.693779 34.806084 279.100006</gx:coord>
				<gx:coord>-82.693779 34.806084 279.100006</gx:coord>
				<gx:coord>-82.693779 34.806084 279.100006</gx:coord>
				<gx:coord>-82.693779 34.806084 279.100006</gx:coord>
				<gx:coord>-82.693779 34.806084 279.100006</gx:coord>
				<gx:coord>-82.693779 34.806080 279.000000</gx:coord>
				<gx:coord>-82.693779 34.806080 279.000000</gx:coord>
				<gx:coord>-82.693779 34.806080 279.000000</gx:coord>
				<gx:coord>-82.693779 34.806080 279.000000</gx:coord>
				<gx:coord>-82.693779 34.806080 279.000000</gx:coord>
				<gx:coord>-82.693779 34.806080 279.000000</gx:coord>
				<gx:coord>-82.693779 34.806080 278.899994</gx:coord>
				<gx:coord>-82.693779 34.806080 278.899994</gx:coord>
				<gx:coord>-82.693779 34.806080 278.899994</gx:coord>
				<gx:coord>-82.693779 34.806080 278.899994</gx:coord>
				<gx:coord>-82.693779 34.806080 278.899994</gx:coord>
				<gx:coord>-82.693779 34.806080 278.899994</gx:coord>
				<gx:coord>-82.693787 34.806080 278.799988</gx:coord>
				<gx:coord>-82.693787 34.806080 278.799988</gx:coord>
				<gx:coord>-82.693787 34.806080 278.799988</gx:coord>
				<gx:coord>-82.693787 34.806080 278.799988</gx:coord>
				<gx:coord>-82.693787 34.806080 278.799988</gx:coord>
				<gx:coord>-82.693787 34.806080 278.700012</gx:coord>
				<gx:coord>-82.693787 34.806080 278.700012</gx:coord>
				<gx:coord>-82.693787 34.806080 278.700012</gx:coord>
				<gx:coord>-82.693787 34.806080 278.600006</gx:coord>
				<gx:coord>-82.693787 34.806080 278.600006</gx:coord>
				<gx:coord>-82.693787 34.806080 278.600006</gx:coord>
				<gx:coord>-82.693787 34.806080 278.600006</gx:coord>
				<gx:coord>-82.693787 34.806080 278.600006</gx:coord>
				<gx:coord>-82.693787 34.806080 278.600006</gx:coord>
				<gx:coord>-82.693787 34.806080 278.500000</gx:coord>
				<gx:coord>-82.693787 34.806080 278.500000</gx:coord>
				<gx:coord>-82.693787 34.806080 278.500000</gx:coord>
				<gx:coord>-82.693787 34.806080 278.299988</gx:coord>
				<gx:coord>-82.693787 34.806080 278.399994</gx:coord>
				<gx:coord>-82.693787 34.806080 278.299988</gx:coord>
				<gx:coord>-82.693787 34.806080 278.299988</gx:coord>
				<gx:coord>-82.693787 34.806080 278.299988</gx:coord>
				<gx:coord>-82.693787 34.806080 278.299988</gx:coord>
				<gx:coord>-82.693787 34.806080 278.299988</gx:coord>
				<gx:coord>-82.693787 34.806080 278.299988</gx:coord>
				<gx:coord>-82.693787 34.806080 278.299988</gx:coord>
				<gx:coord>-82.693787 34.806080 278.299988</gx:coord>
				<gx:coord>-82.693787 34.806080 278.299988</gx:coord>
				<gx:coord>-82.693787 34.806080 278.299988</gx:coord>
				<gx:coord>-82.693787 34.806080 278.200012</gx:coord>
				<gx:coord>-82.693787 34.806080 278.200012</gx:coord>
				<gx:coord>-82.693787 34.806080 278.200012</gx:coord>
				<gx:coord>-82.693787 34.806080 278.200012</gx:coord>
				<gx:coord>-82.693787 34.806080 278.200012</gx:coord>
				<gx:coord>-82.693787 34.806080 278.200012</gx:coord>
				<gx:coord>-82.693787 34.806080 278.200012</gx:coord>
				<gx:coord>-82.693787 34.806080 278.200012</gx:coord>
				<gx:coord>-82.693787 34.806080 278.100006</gx:coord>
				<gx:coord>-82.693787 34.806080 278.100006</gx:coord>
				<gx:coord>-82.693787 34.806080 278.100006</gx:coord>
				<gx:coord>-82.693787 34.806080 278.100006</gx:coord>
				<gx:coord>-82.693787 34.806080 278.000000</gx:coord>
				<gx:coord>-82.693787 34.806080 278.000000</gx:coord>
				<gx:coord>-82.693787 34.806080 278.100006</gx:coord>
				<gx:coord>-82.693787 34.806080 278.100006</gx:coord>
				<gx:coord>-82.693787 34.806080 278.100006</gx:coord>
				<gx:coord>-82.693787 34.806080 278.000000</gx:coord>
				<gx:coord>-82.693787 34.806080 278.000000</gx:coord>
				<gx:coord>-82.693787 34.806080 278.000000</gx:coord>
				<gx:coord>-82.693787 34.806080 277.899994</gx:coord>
				<gx:coord>-82.693787 34.806080 277.899994</gx:coord>
				<gx:coord>-82.693787 34.806080 277.899994</gx:coord>
				<gx:coord>-82.693787 34.806080 277.899994</gx:coord>
				<gx:coord>-82.693787 34.806080 277.799988</gx:coord>
				<gx:coord>-82.693787 34.806080 277.799988</gx:coord>
				<gx:coord>-82.693787 34.806080 277.799988</gx:coord>
				<gx:coord>-82.693787 34.806080 277.799988</gx:coord>
				<gx:coord>-82.693787 34.806080 277.799988</gx:coord>
				<gx:coord>-82.693787 34.806080 277.799988</gx:coord>
				<gx:coord>-82.693787 34.806080 277.700012</gx:coord>
				<gx:coord>-82.693787 34.806080 277.700012</gx:coord>
				<gx:coord>-82.693787 34.806080 277.700012</gx:coord>
				<gx:coord>-82.693787 34.806080 277.700012</gx:coord>
				<gx:coord>-82.693787 34.806080 277.700012</gx:coord>
				<gx:coord>-82.693787 34.806080 277.700012</gx:coord>
				<gx:coord>-82.693787 34.806080 277.700012</gx:coord>
				<gx:coord>-82.693787 34.806080 277.700012</gx:coord>
				<gx:coord>-82.693787 34.806080 277.700012</gx:coord>
				<gx:coord>-82.693787 34.806080 277.600006</gx:coord>
				<gx:coord>-82.693787 34.806080 277.600006</gx:coord>
				<gx:coord>-82.693787 34.806080 277.600006</gx:coord>
				<gx:coord>-82.693787 34.806080 277.500000</gx:coord>
				<gx:coord>-82.693787 34.806080 277.500000</gx:coord>
				<gx:coord>-82.693787 34.806080 277.500000</gx:coord>
				<gx:coord>-82.693787 34.806080 277.399994</gx:coord>
				<gx:coord>-82.693787 34.806080 277.399994</gx:coord>
				<gx:coord>-82.693787 34.806080 277.399994</gx:coord>
				<gx:coord>-82.693787 34.806084 277.399994</gx:coord>
				<gx:coord>-82.693787 34.806084 277.399994</gx:coord>
				<gx:coord>-82.693787 34.806084 277.399994</gx:coord>
				<gx:coord>-82.693787 34.806084 277.399994</gx:coord>
				<gx:coord>-82.693787 34.806084 277.399994</gx:coord>
				<gx:coord>-82.693787 34.806084 277.399994</gx:coord>
				<gx:coord>-82.693787 34.806084 277.500000</gx:coord>
				<gx:coord>-82.693787 34.806084 277.399994</gx:coord>
				<gx:coord>-82.693787 34.806084 277.399994</gx:coord>
				<gx:coord>-82.693787 34.806084 277.399994</gx:coord>
				<gx:coord>-82.693787 34.806084 277.399994</gx:coord>
				<gx:coord>-82.693787 34.806084 277.399994</gx:coord>
				<gx:coord>-82.693787 34.806084 277.399994</gx:coord>
				<gx:coord>-82.693787 34.806084 277.399994</gx:coord>
				<gx:coord>-82.693787 34.806084 277.299988</gx:coord>
				<gx:coord>-82.693787 34.806084 277.299988</gx:coord>
				<gx:coord>-82.693787 34.806084 277.299988</gx:coord>
				<gx:coord>-82.693787 34.806084 277.299988</gx:coord>
				<gx:coord>-82.693787 34.806084 277.299988</gx:coord>
				<gx:coord>-82.693787 34.806084 277.299988</gx:coord>
				<gx:coord>-82.693787 34.806084 277.299988</gx:coord>
				<gx:coord>-82.693787 34.806084 277.399994</gx:coord>
				<gx:coord>-82.693787 34.806084 277.399994</gx:coord>
				<gx:coord>-82.693787 34.806084 277.500000</gx:coord>
				<gx:coord>-82.693787 34.806084 277.500000</gx:coord>
				<gx:coord>-82.693787 34.806084 277.500000</gx:coord>
				<gx:coord>-82.693787 34.806084 277.500000</gx:coord>
				<gx:coord>-82.693787 34.806084 277.600006</gx:coord>
				<gx:coord>-82.693787 34.806084 277.700012</gx:coord>
				<gx:coord>-82.693779 34.806084 277.700012</gx:coord>
				<gx:coord>-82.693779 34.806084 277.799988</gx:coord>
				<gx:coord>-82.693779 34.806084 277.799988</gx:coord>
				<gx:coord>-82.693779 34.806084 277.799988</gx:coord>
				<gx:coord>-82.693779 34.806084 277.799988</gx:coord>
				<gx:coord>-82.693779 34.806084 277.799988</gx:coord>
				<gx:coord>-82.693779 34.806084 277.799988</gx:coord>
				<gx:coord>-82.693779 34.806084 277.700012</gx:coord>
				<gx:coord>-82.693779 34.806084 277.700012</gx:coord>
				<gx:coord>-82.693779 34.806084 277.700012</gx:coord>
				<gx:coord>-82.693779 34.806084 277.700012</gx:coord>
				<gx:coord>-82.693779 34.806084 277.700012</gx:coord>
				<gx:coord>-82.693779 34.806084 277.600006</gx:coord>
				<gx:coord>-82.693779 34.806084 277.700012</gx:coord>
				<gx:coord>-82.693779 34.806084 277.700012</gx:coord>
				<gx:coord>-82.693779 34.806084 277.700012</gx:coord>
				<gx:coord>-82.693779 34.806080 277.700012</gx:coord>
				<gx:coord>-82.693779 34.806080 277.600006</gx:coord>
				<gx:coord>-82.693779 34.806080 277.600006</gx:coord>
				<gx:coord>-82.693779 34.806080 277.600006</gx:coord>
				<gx:coord>-82.693779 34.806080 277.600006</gx:coord>
				<gx:coord>-82.693779 34.806080 277.600006</gx:coord>
				<gx:coord>-82.693779 34.806080 277.600006</gx:coord>
				<gx:coord>-82.693779 34.806080 277.600006</gx:coord>
				<gx:coord>-82.693787 34.806080 277.600006</gx:coord>
				<gx:coord>-82.693787 34.806080 277.600006</gx:coord>
				<gx:coord>-82.693787 34.806080 277.600006</gx:coord>
				<gx:coord>-82.693787 34.806080 277.600006</gx:coord>
				<gx:coord>-82.693787 34.806080 277.600006</gx:coord>
				<gx:coord>-82.693787 34.806080 277.600006</gx:coord>
				<gx:coord>-82.693787 34.806080 277.500000</gx:coord>
				<gx:coord>-82.693787 34.806080 277.500000</gx:coord>
				<gx:coord>-82.693787 34.806080 277.500000</gx:coord>
				<gx:coord>-82.693787 34.806080 277.500000</gx:coord>
				<gx:coord>-82.693787 34.806080 277.500000</gx:coord>
				<gx:coord>-82.693787 34.806080 277.600006</gx:coord>
				<gx:coord>-82.693787 34.806080 277.600006</gx:coord>
				<gx:coord>-82.693779 34.806080 277.600006</gx:coord>
				<gx:coord>-82.693779 34.806080 277.600006</gx:coord>
				<gx:coord>-82.693779 34.806080 277.600006</gx:coord>
				<gx:coord>-82.693779 34.806080 277.600006</gx:coord>
				<gx:coord>-82.693779 34.806080 277.700012</gx:coord>
				<gx:coord>-82.693779 34.806080 277.700012</gx:coord>
				<gx:coord>-82.693779 34.806080 277.700012</gx:coord>
				<gx:coord>-82.693779 34.806080 277.700012</gx:coord>
				<gx:coord>-82.693779 34.806080 277.700012</gx:coord>
				<gx:coord>-82.693779 34.806080 277.799988</gx:coord>
				<gx:coord>-82.693779 34.806080 277.799988</gx:coord>
				<gx:coord>-82.693779 34.806080 277.799988</gx:coord>
				<gx:coord>-82.693779 34.806080 277.799988</gx:coord>
				<gx:coord>-82.693779 34.806080 277.799988</gx:coord>
				<gx:coord>-82.693779 34.806080 277.799988</gx:coord>
				<gx:coord>-82.693779 34.806080 277.799988</gx:coord>
				<gx:coord>-82.693779 34.806080 277.799988</gx:coord>
				<gx:coord>-82.693779 34.806080 277.700012</gx:coord>
				<gx:coord>-82.693779 34.806080 277.700012</gx:coord>
				<gx:coord>-82.693779 34.806080 277.700012</gx:coord>
				<gx:coord>-82.693779 34.806080 277.700012</gx:coord>
				<gx:coord>-82.693779 34.806080 277.799988</gx:coord>
				<gx:coord>-82.693779 34.806080 277.700012</gx:coord>
				<gx:coord>-82.693779 34.806080 277.700012</gx:coord>
				<gx:coord>-82.693779 34.806080 277.700012</gx:coord>
				<gx:coord>-82.693779 34.806080 277.799988</gx:coord>
				<gx:coord>-82.693779 34.806080 277.899994</gx:coord>
				<gx:coord>-82.693779 34.806080 277.899994</gx:coord>
				<gx:coord>-82.693779 34.806080 277.899994</gx:coord>
				<gx:coord>-82.693779 34.806080 277.899994</gx:coord>
				<gx:coord>-82.693779 34.806080 278.000000</gx:coord>
				<gx:coord>-82.693779 34.806080 278.000000</gx:coord>
				<gx:coord>-82.693779 34.806080 278.100006</gx:coord>
				<gx:coord>-82.693779 34.806080 278.100006</gx:coord>
				<gx:coord>-82.693779 34.806080 278.200012</gx:coord>
				<gx:coord>-82.693779 34.806080 278.200012</gx:coord>
				<gx:coord>-82.693779 34.806084 278.299988</gx:coord>
				<gx:coord>-82.693779 34.806084 278.399994</gx:coord>
				<gx:coord>-82.693779 34.806084 278.500000</gx:coord>
				<gx:coord>-82.693779 34.806084 278.500000</gx:coord>
				<gx:coord>-82.693779 34.806084 278.500000</gx:coord>
				<gx:coord>-82.693779 34.806084 278.600006</gx:coord>
				<gx:coord>-82.693779 34.806084 278.600006</gx:coord>
				<gx:coord>-82.693779 34.806084 278.700012</gx:coord>
				<gx:coord>-82.693779 34.806084 278.799988</gx:coord>
				<gx:coord>-82.693779 34.806084 278.799988</gx:coord>
				<gx:coord>-82.693779 34.806084 278.899994</gx:coord>
				<gx:coord>-82.693779 34.806084 279.000000</gx:coord>
				<gx:coord>-82.693779 34.806084 279.100006</gx:coord>
				<gx:coord>-82.693779 34.806084 279.100006</gx:coord>
				<gx:coord>-82.693779 34.806084 279.100006</gx:coord>
				<gx:coord>-82.693779 34.806084 279.200012</gx:coord>
				<gx:coord>-82.693779 34.806084 279.200012</gx:coord>
				<gx:coord>-82.693779 34.806084 279.200012</gx:coord>
				<gx:coord>-82.693779 34.806084 279.299988</gx:coord>
				<gx:coord>-82.693779 34.806084 279.299988</gx:coord>
				<gx:coord>-82.693779 34.806084 279.299988</gx:coord>
				<gx:coord>-82.693779 34.806084 279.299988</gx:coord>
				<gx:coord>-82.693779 34.806084 279.299988</gx:coord>
				<gx:coord>-82.693779 34.806084 279.299988</gx:coord>
				<gx:coord>-82.693771 34.806084 279.399994</gx:coord>
				<gx:coord>-82.693771 34.806084 279.399994</gx:coord>
				<gx:coord>-82.693771 34.806084 279.500000</gx:coord>
				<gx:coord>-82.693771 34.806084 279.500000</gx:coord>
				<gx:coord>-82.693771 34.806084 279.500000</gx:coord>
				<gx:coord>-82.693771 34.806084 279.600006</gx:coord>
				<gx:coord>-82.693771 34.806084 279.600006</gx:coord>
				<gx:coord>-82.693771 34.806084 279.600006</gx:coord>
				<gx:coord>-82.693771 34.806084 279.600006</gx:coord>
				<gx:coord>-82.693771 34.806084 279.600006</gx:coord>
				<gx:coord>-82.693771 34.806084 279.500000</gx:coord>
				<gx:coord>-82.693771 34.806084 279.600006</gx:coord>
				<gx:coord>-82.693771 34.806084 279.600006</gx:coord>
				<gx:coord>-82.693771 34.806084 279.600006</gx:coord>
				<gx:coord>-82.693771 34.806084 279.600006</gx:coord>
				<gx:coord>-82.693771 34.806084 279.600006</gx:coord>
				<gx:coord>-82.693771 34.806084 279.600006</gx:coord>
				<gx:coord>-82.693771 34.806084 279.600006</gx:coord>
				<gx:coord>-82.693771 34.806084 279.600006</gx:coord>
				<gx:coord>-82.693771 34.806084 279.600006</gx:coord>
				<gx:coord>-82.693771 34.806084 279.600006</gx:coord>
				<gx:coord>-82.693771 34.806084 279.600006</gx:coord>
				<gx:coord>-82.693771 34.806084 279.600006</gx:coord>
				<gx:coord>-82.693771 34.806084 279.600006</gx:coord>
				<gx:coord>-82.693771 34.806084 279.600006</gx:coord>
				<gx:coord>-82.693771 34.806084 279.600006</gx:coord>
				<gx:coord>-82.693771 34.806084 279.600006</gx:coord>
				<gx:coord>-82.693771 34.806084 279.600006</gx:coord>
				<gx:coord>-82.693771 34.806084 279.600006</gx:coord>
				<gx:coord>-82.693771 34.806084 279.600006</gx:coord>
				<gx:coord>-82.693771 34.806084 279.600006</gx:coord>
				<gx:coord>-82.693771 34.806084 279.500000</gx:coord>
				<gx:coord>-82.693771 34.806084 279.500000</gx:coord>
				<gx:coord>-82.693771 34.806084 279.500000</gx:coord>
				<gx:coord>-82.693771 34.806084 279.500000</gx:coord>
				<gx:coord>-82.693771 34.806084 279.500000</gx:coord>
				<gx:coord>-82.693771 34.806084 279.500000</gx:coord>
				<gx:coord>-82.693771 34.806084 279.500000</gx:coord>
				<gx:coord>-82.693771 34.806084 279.500000</gx:coord>
				<gx:coord>-82.693771 34.806084 279.500000</gx:coord>
				<gx:coord>-82.693771 34.806084 279.700012</gx:coord>
				<gx:coord>-82.693771 34.806084 279.500000</gx:coord>
				<gx:coord>-82.693764 34.806084 279.399994</gx:coord>
				<gx:coord>-82.693764 34.806084 279.299988</gx:coord>
				<gx:coord>-82.693764 34.806080 279.500000</gx:coord>
				<gx:coord>-82.693764 34.806080 279.399994</gx:coord>
				<gx:coord>-82.693764 34.806080 279.299988</gx:coord>
				<gx:coord>-82.693764 34.806080 279.200012</gx:coord>
				<gx:coord>-82.693764 34.806080 279.200012</gx:coord>
				<gx:coord>-82.693764 34.806076 279.200012</gx:coord>
				<gx:coord>-82.693764 34.806076 279.200012</gx:coord>
				<gx:coord>-82.693764 34.806068 278.600006</gx:coord>
				<gx:coord>-82.693764 34.806068 278.600006</gx:coord>
				<gx:coord>-82.693764 34.806065 278.600006</gx:coord>
				<gx:coord>-82.693764 34.806065 278.600006</gx:coord>
				<gx:coord>-82.693764 34.806065 278.600006</gx:coord>
				<gx:coord>-82.693764 34.806065 278.500000</gx:coord>
				<gx:coord>-82.693764 34.806061 278.500000</gx:coord>
				<gx:coord>-82.693764 34.806061 278.399994</gx:coord>
				<gx:coord>-82.693764 34.806057 278.299988</gx:coord>
				<gx:coord>-82.693764 34.806057 278.299988</gx:coord>
				<gx:coord>-82.693764 34.806053 278.200012</gx:coord>
				<gx:coord>-82.693764 34.806053 278.100006</gx:coord>
				<gx:coord>-82.693764 34.806049 278.000000</gx:coord>
			</gx:Track>
		</Placemark>
		<Placemark>
			<name>End</name>
			<TimeStamp>
				<when>2024-11-09T16:03:08Z</when>
			</TimeStamp>
			<Point>
				<coordinates>-82.693764,34.806049,0.000000</coordinates>
			</Point>
		</Placemark>
	</Document>
</kml>
